Country Name,Country Code,Indicator Name,Indicator Code,Year,Value
Africa Eastern and Southern,AFE,"Air transport, passengers carried",IS.AIR.PSGR,1994,11775500.0
Afghanistan,AFG,"Air transport, passengers carried",IS.AIR.PSGR,1994,238400.0
Africa Western and Central,AFW,"Air transport, passengers carried",IS.AIR.PSGR,1994,3167100.0
Angola,AGO,"Air transport, passengers carried",IS.AIR.PSGR,1994,519000.0
Albania,ALB,"Air transport, passengers carried",IS.AIR.PSGR,1994,9100.0
Arab World,ARB,"Air transport, passengers carried",IS.AIR.PSGR,1994,35968300.0
United Arab Emirates,ARE,"Air transport, passengers carried",IS.AIR.PSGR,1994,3368700.0
Argentina,ARG,"Air transport, passengers carried",IS.AIR.PSGR,1994,6260700.0
Antigua and Barbuda,ATG,"Air transport, passengers carried",IS.AIR.PSGR,1994,1000000.0
Australia,AUS,"Air transport, passengers carried",IS.AIR.PSGR,1994,26888500.0
Austria,AUT,"Air transport, passengers carried",IS.AIR.PSGR,1994,3747900.0
Azerbaijan,AZE,"Air transport, passengers carried",IS.AIR.PSGR,1994,1380000.0
Burundi,BDI,"Air transport, passengers carried",IS.AIR.PSGR,1994,8900.0
Belgium,BEL,"Air transport, passengers carried",IS.AIR.PSGR,1994,4192900.0
Benin,BEN,"Air transport, passengers carried",IS.AIR.PSGR,1994,69200.0
Burkina Faso,BFA,"Air transport, passengers carried",IS.AIR.PSGR,1994,129500.0
Bangladesh,BGD,"Air transport, passengers carried",IS.AIR.PSGR,1994,1215900.0
Bulgaria,BGR,"Air transport, passengers carried",IS.AIR.PSGR,1994,789200.0
Bahrain,BHR,"Air transport, passengers carried",IS.AIR.PSGR,1994,1150600.0
"Bahamas, The",BHS,"Air transport, passengers carried",IS.AIR.PSGR,1994,862000.0
Belarus,BLR,"Air transport, passengers carried",IS.AIR.PSGR,1994,804900.0
Bolivia,BOL,"Air transport, passengers carried",IS.AIR.PSGR,1994,1175200.0
Brazil,BRA,"Air transport, passengers carried",IS.AIR.PSGR,1994,17898600.0
Brunei Darussalam,BRN,"Air transport, passengers carried",IS.AIR.PSGR,1994,769400.0
Bhutan,BTN,"Air transport, passengers carried",IS.AIR.PSGR,1994,8700.0
Botswana,BWA,"Air transport, passengers carried",IS.AIR.PSGR,1994,100500.0
Central African Republic,CAF,"Air transport, passengers carried",IS.AIR.PSGR,1994,69200.0
Canada,CAN,"Air transport, passengers carried",IS.AIR.PSGR,1994,18104800.0
Central Europe and the Baltics,CEB,"Air transport, passengers carried",IS.AIR.PSGR,1994,7385600.0
Switzerland,CHE,"Air transport, passengers carried",IS.AIR.PSGR,1994,9338200.0
Chile,CHL,"Air transport, passengers carried",IS.AIR.PSGR,1994,2961700.0
China,CHN,"Air transport, passengers carried",IS.AIR.PSGR,1994,37601000.0
Cote d'Ivoire,CIV,"Air transport, passengers carried",IS.AIR.PSGR,1994,156900.0
Cameroon,CMR,"Air transport, passengers carried",IS.AIR.PSGR,1994,295000.0
"Congo, Dem. Rep.",COD,"Air transport, passengers carried",IS.AIR.PSGR,1994,177600.0
"Congo, Rep.",COG,"Air transport, passengers carried",IS.AIR.PSGR,1994,231800.0
Colombia,COL,"Air transport, passengers carried",IS.AIR.PSGR,1994,7686500.0
Comoros,COM,"Air transport, passengers carried",IS.AIR.PSGR,1994,26000.0
Cabo Verde,CPV,"Air transport, passengers carried",IS.AIR.PSGR,1994,118300.0
Costa Rica,CRI,"Air transport, passengers carried",IS.AIR.PSGR,1994,773200.0
Cuba,CUB,"Air transport, passengers carried",IS.AIR.PSGR,1994,730900.0
Cyprus,CYP,"Air transport, passengers carried",IS.AIR.PSGR,1994,1233900.0
Czechia,CZE,"Air transport, passengers carried",IS.AIR.PSGR,1994,1071600.0
Germany,DEU,"Air transport, passengers carried",IS.AIR.PSGR,1994,32465300.0
Denmark,DNK,"Air transport, passengers carried",IS.AIR.PSGR,1994,5381000.0
Dominican Republic,DOM,"Air transport, passengers carried",IS.AIR.PSGR,1994,300200.0
Algeria,DZA,"Air transport, passengers carried",IS.AIR.PSGR,1994,3241000.0
East Asia & Pacific (excluding high income),EAP,"Air transport, passengers carried",IS.AIR.PSGR,1994,88857400.0
Early-demographic dividend,EAR,"Air transport, passengers carried",IS.AIR.PSGR,1994,131391900.0
East Asia & Pacific,EAS,"Air transport, passengers carried",IS.AIR.PSGR,1994,243006604.0
Europe & Central Asia (excluding high income),ECA,"Air transport, passengers carried",IS.AIR.PSGR,1994,15269400.0
Europe & Central Asia,ECS,"Air transport, passengers carried",IS.AIR.PSGR,1994,302847300.0
Ecuador,ECU,"Air transport, passengers carried",IS.AIR.PSGR,1994,2118700.0
"Egypt, Arab Rep.",EGY,"Air transport, passengers carried",IS.AIR.PSGR,1994,3537500.0
Euro area,EMU,"Air transport, passengers carried",IS.AIR.PSGR,1994,160555900.0
Spain,ESP,"Air transport, passengers carried",IS.AIR.PSGR,1994,22361300.0
Estonia,EST,"Air transport, passengers carried",IS.AIR.PSGR,1994,157300.0
Ethiopia,ETH,"Air transport, passengers carried",IS.AIR.PSGR,1994,716400.0
European Union,EUU,"Air transport, passengers carried",IS.AIR.PSGR,1994,182625300.0
Fragile and conflict affected situations,FCS,"Air transport, passengers carried",IS.AIR.PSGR,1994,14243900.0
Finland,FIN,"Air transport, passengers carried",IS.AIR.PSGR,1994,4492000.0
Fiji,FJI,"Air transport, passengers carried",IS.AIR.PSGR,1994,464600.0
France,FRA,"Air transport, passengers carried",IS.AIR.PSGR,1994,38170400.0
Gabon,GAB,"Air transport, passengers carried",IS.AIR.PSGR,1994,505200.0
United Kingdom,GBR,"Air transport, passengers carried",IS.AIR.PSGR,1994,55475500.0
Georgia,GEO,"Air transport, passengers carried",IS.AIR.PSGR,1994,169600.0
Ghana,GHA,"Air transport, passengers carried",IS.AIR.PSGR,1994,182500.0
Guinea,GIN,"Air transport, passengers carried",IS.AIR.PSGR,1994,45000.0
Guinea-Bissau,GNB,"Air transport, passengers carried",IS.AIR.PSGR,1994,20500.0
Equatorial Guinea,GNQ,"Air transport, passengers carried",IS.AIR.PSGR,1994,14000.0
Greece,GRC,"Air transport, passengers carried",IS.AIR.PSGR,1994,5812900.0
Guatemala,GTM,"Air transport, passengers carried",IS.AIR.PSGR,1994,252000.0
Guyana,GUY,"Air transport, passengers carried",IS.AIR.PSGR,1994,115300.0
High income,HIC,"Air transport, passengers carried",IS.AIR.PSGR,1994,1007716704.0
Heavily indebted poor countries (HIPC),HPC,"Air transport, passengers carried",IS.AIR.PSGR,1994,6139600.0
Croatia,HRV,"Air transport, passengers carried",IS.AIR.PSGR,1994,624000.0
Hungary,HUN,"Air transport, passengers carried",IS.AIR.PSGR,1994,1325400.0
IBRD only,IBD,"Air transport, passengers carried",IS.AIR.PSGR,1994,241665900.0
IDA & IBRD total,IBT,"Air transport, passengers carried",IS.AIR.PSGR,1994,264620500.0
IDA total,IDA,"Air transport, passengers carried",IS.AIR.PSGR,1994,22954600.0
IDA blend,IDB,"Air transport, passengers carried",IS.AIR.PSGR,1994,12261900.0
Indonesia,IDN,"Air transport, passengers carried",IS.AIR.PSGR,1994,13924500.0
IDA only,IDX,"Air transport, passengers carried",IS.AIR.PSGR,1994,10692700.0
India,IND,"Air transport, passengers carried",IS.AIR.PSGR,1994,11518400.0
Ireland,IRL,"Air transport, passengers carried",IS.AIR.PSGR,1994,4825700.0
"Iran, Islamic Rep.",IRN,"Air transport, passengers carried",IS.AIR.PSGR,1994,5803500.0
Iraq,IRQ,"Air transport, passengers carried",IS.AIR.PSGR,1994,31500.0
Iceland,ISL,"Air transport, passengers carried",IS.AIR.PSGR,1994,1031200.0
Israel,ISR,"Air transport, passengers carried",IS.AIR.PSGR,1994,2980400.0
Italy,ITA,"Air transport, passengers carried",IS.AIR.PSGR,1994,22959300.0
Jamaica,JAM,"Air transport, passengers carried",IS.AIR.PSGR,1994,1011000.0
Jordan,JOR,"Air transport, passengers carried",IS.AIR.PSGR,1994,1219500.0
Japan,JPN,"Air transport, passengers carried",IS.AIR.PSGR,1994,83913504.0
Kazakhstan,KAZ,"Air transport, passengers carried",IS.AIR.PSGR,1994,702300.0
Kenya,KEN,"Air transport, passengers carried",IS.AIR.PSGR,1994,753500.0
Kyrgyz Republic,KGZ,"Air transport, passengers carried",IS.AIR.PSGR,1994,464000.0
Kiribati,KIR,"Air transport, passengers carried",IS.AIR.PSGR,1994,25600.0
"Korea, Rep.",KOR,"Air transport, passengers carried",IS.AIR.PSGR,1994,24932300.0
Kuwait,KWT,"Air transport, passengers carried",IS.AIR.PSGR,1994,1756200.0
Latin America & Caribbean (excluding high income),LAC,"Air transport, passengers carried",IS.AIR.PSGR,1994,61027300.0
Lao PDR,LAO,"Air transport, passengers carried",IS.AIR.PSGR,1994,118500.0
Lebanon,LBN,"Air transport, passengers carried",IS.AIR.PSGR,1994,706400.0
Libya,LBY,"Air transport, passengers carried",IS.AIR.PSGR,1994,640800.0
Latin America & Caribbean,LCN,"Air transport, passengers carried",IS.AIR.PSGR,1994,73894400.0
Least developed countries: UN classification,LDC,"Air transport, passengers carried",IS.AIR.PSGR,1994,7714900.0
Low income,LIC,"Air transport, passengers carried",IS.AIR.PSGR,1994,4490400.0
Sri Lanka,LKA,"Air transport, passengers carried",IS.AIR.PSGR,1994,1066800.0
Lower middle income,LMC,"Air transport, passengers carried",IS.AIR.PSGR,1994,48764600.0
Low & middle income,LMY,"Air transport, passengers carried",IS.AIR.PSGR,1994,220249900.0
Lesotho,LSO,"Air transport, passengers carried",IS.AIR.PSGR,1994,26600.0
Late-demographic dividend,LTE,"Air transport, passengers carried",IS.AIR.PSGR,1994,156855000.0
Lithuania,LTU,"Air transport, passengers carried",IS.AIR.PSGR,1994,194500.0
Luxembourg,LUX,"Air transport, passengers carried",IS.AIR.PSGR,1994,532500.0
Latvia,LVA,"Air transport, passengers carried",IS.AIR.PSGR,1994,167000.0
Morocco,MAR,"Air transport, passengers carried",IS.AIR.PSGR,1994,2183900.0
Monaco,MCO,"Air transport, passengers carried",IS.AIR.PSGR,1994,44000.0
Moldova,MDA,"Air transport, passengers carried",IS.AIR.PSGR,1994,312300.0
Madagascar,MDG,"Air transport, passengers carried",IS.AIR.PSGR,1994,450700.0
Maldives,MDV,"Air transport, passengers carried",IS.AIR.PSGR,1994,38500.0
Middle East & North Africa,MEA,"Air transport, passengers carried",IS.AIR.PSGR,1994,45080700.0
Mexico,MEX,"Air transport, passengers carried",IS.AIR.PSGR,1994,18791400.0
Marshall Islands,MHL,"Air transport, passengers carried",IS.AIR.PSGR,1994,41900.0
Middle income,MIC,"Air transport, passengers carried",IS.AIR.PSGR,1994,215759500.0
North Macedonia,MKD,"Air transport, passengers carried",IS.AIR.PSGR,1994,203000.0
Mali,MLI,"Air transport, passengers carried",IS.AIR.PSGR,1994,69200.0
Malta,MLT,"Air transport, passengers carried",IS.AIR.PSGR,1994,1002500.0
Myanmar,MMR,"Air transport, passengers carried",IS.AIR.PSGR,1994,318500.0
Middle East & North Africa (excluding high income),MNA,"Air transport, passengers carried",IS.AIR.PSGR,1994,20017600.0
Mongolia,MNG,"Air transport, passengers carried",IS.AIR.PSGR,1994,630000.0
Mozambique,MOZ,"Air transport, passengers carried",IS.AIR.PSGR,1994,220700.0
Mauritania,MRT,"Air transport, passengers carried",IS.AIR.PSGR,1994,215600.0
Mauritius,MUS,"Air transport, passengers carried",IS.AIR.PSGR,1994,635900.0
Malawi,MWI,"Air transport, passengers carried",IS.AIR.PSGR,1994,141600.0
Malaysia,MYS,"Air transport, passengers carried",IS.AIR.PSGR,1994,14249800.0
North America,NAC,"Air transport, passengers carried",IS.AIR.PSGR,1994,533028800.0
Namibia,NAM,"Air transport, passengers carried",IS.AIR.PSGR,1994,198800.0
Niger,NER,"Air transport, passengers carried",IS.AIR.PSGR,1994,69200.0
Nigeria,NGA,"Air transport, passengers carried",IS.AIR.PSGR,1994,664800.0
Nicaragua,NIC,"Air transport, passengers carried",IS.AIR.PSGR,1994,43800.0
Netherlands,NLD,"Air transport, passengers carried",IS.AIR.PSGR,1994,12894800.0
Norway,NOR,"Air transport, passengers carried",IS.AIR.PSGR,1994,11133100.0
Nepal,NPL,"Air transport, passengers carried",IS.AIR.PSGR,1994,682600.0
New Zealand,NZL,"Air transport, passengers carried",IS.AIR.PSGR,1994,7716100.0
OECD members,OED,"Air transport, passengers carried",IS.AIR.PSGR,1994,971255004.0
Oman,OMN,"Air transport, passengers carried",IS.AIR.PSGR,1994,1511800.0
Other small states,OSS,"Air transport, passengers carried",IS.AIR.PSGR,1994,6556800.0
Pakistan,PAK,"Air transport, passengers carried",IS.AIR.PSGR,1994,5663700.0
Panama,PAN,"Air transport, passengers carried",IS.AIR.PSGR,1994,519900.0
Peru,PER,"Air transport, passengers carried",IS.AIR.PSGR,1994,1894900.0
Philippines,PHL,"Air transport, passengers carried",IS.AIR.PSGR,1994,6851500.0
Papua New Guinea,PNG,"Air transport, passengers carried",IS.AIR.PSGR,1994,1112800.0
Poland,POL,"Air transport, passengers carried",IS.AIR.PSGR,1994,1451800.0
Pre-demographic dividend,PRE,"Air transport, passengers carried",IS.AIR.PSGR,1994,5857800.0
"Korea, Dem. People's Rep.",PRK,"Air transport, passengers carried",IS.AIR.PSGR,1994,241800.0
Portugal,PRT,"Air transport, passengers carried",IS.AIR.PSGR,1994,4359600.0
Paraguay,PRY,"Air transport, passengers carried",IS.AIR.PSGR,1994,324200.0
Pacific island small states,PSS,"Air transport, passengers carried",IS.AIR.PSGR,1994,734300.0
Post-demographic dividend,PST,"Air transport, passengers carried",IS.AIR.PSGR,1994,939020504.0
Qatar,QAT,"Air transport, passengers carried",IS.AIR.PSGR,1994,1150600.0
Romania,ROU,"Air transport, passengers carried",IS.AIR.PSGR,1994,1242700.0
Russian Federation,RUS,"Air transport, passengers carried",IS.AIR.PSGR,1994,28933100.0
Rwanda,RWA,"Air transport, passengers carried",IS.AIR.PSGR,1994,9100.0
South Asia,SAS,"Air transport, passengers carried",IS.AIR.PSGR,1994,20433000.0
Saudi Arabia,SAU,"Air transport, passengers carried",IS.AIR.PSGR,1994,12142300.0
Sudan,SDN,"Air transport, passengers carried",IS.AIR.PSGR,1994,432400.0
Senegal,SEN,"Air transport, passengers carried",IS.AIR.PSGR,1994,141200.0
Singapore,SGP,"Air transport, passengers carried",IS.AIR.PSGR,1994,9929400.0
Solomon Islands,SLB,"Air transport, passengers carried",IS.AIR.PSGR,1994,78500.0
Sierra Leone,SLE,"Air transport, passengers carried",IS.AIR.PSGR,1994,14500.0
El Salvador,SLV,"Air transport, passengers carried",IS.AIR.PSGR,1994,1617100.0
Sub-Saharan Africa (excluding high income),SSA,"Air transport, passengers carried",IS.AIR.PSGR,1994,14645200.0
Sub-Saharan Africa,SSF,"Air transport, passengers carried",IS.AIR.PSGR,1994,14942600.0
Small states,SST,"Air transport, passengers carried",IS.AIR.PSGR,1994,9417300.0
Sao Tome and Principe,STP,"Air transport, passengers carried",IS.AIR.PSGR,1994,22300.0
Suriname,SUR,"Air transport, passengers carried",IS.AIR.PSGR,1994,148900.0
Slovak Republic,SVK,"Air transport, passengers carried",IS.AIR.PSGR,1994,22500.0
Slovenia,SVN,"Air transport, passengers carried",IS.AIR.PSGR,1994,339600.0
Sweden,SWE,"Air transport, passengers carried",IS.AIR.PSGR,1994,10807700.0
Eswatini,SWZ,"Air transport, passengers carried",IS.AIR.PSGR,1994,64800.0
Seychelles,SYC,"Air transport, passengers carried",IS.AIR.PSGR,1994,297400.0
Syrian Arab Republic,SYR,"Air transport, passengers carried",IS.AIR.PSGR,1994,472100.0
Chad,TCD,"Air transport, passengers carried",IS.AIR.PSGR,1994,86300.0
East Asia & Pacific (IDA & IBRD countries),TEA,"Air transport, passengers carried",IS.AIR.PSGR,1994,88615600.0
Europe & Central Asia (IDA & IBRD countries),TEC,"Air transport, passengers carried",IS.AIR.PSGR,1994,48310200.0
Togo,TGO,"Air transport, passengers carried",IS.AIR.PSGR,1994,69200.0
Thailand,THA,"Air transport, passengers carried",IS.AIR.PSGR,1994,11404700.0
Tajikistan,TJK,"Air transport, passengers carried",IS.AIR.PSGR,1994,782600.0
Turkmenistan,TKM,"Air transport, passengers carried",IS.AIR.PSGR,1994,747800.0
Latin America & the Caribbean (IDA & IBRD countries),TLA,"Air transport, passengers carried",IS.AIR.PSGR,1994,72301500.0
Middle East & North Africa (IDA & IBRD countries),TMN,"Air transport, passengers carried",IS.AIR.PSGR,1994,20017600.0
Tonga,TON,"Air transport, passengers carried",IS.AIR.PSGR,1994,53300.0
South Asia (IDA & IBRD),TSA,"Air transport, passengers carried",IS.AIR.PSGR,1994,20433000.0
Sub-Saharan Africa (IDA & IBRD countries),TSS,"Air transport, passengers carried",IS.AIR.PSGR,1994,14942600.0
Trinidad and Tobago,TTO,"Air transport, passengers carried",IS.AIR.PSGR,1994,1642100.0
Tunisia,TUN,"Air transport, passengers carried",IS.AIR.PSGR,1994,1390800.0
Turkiye,TUR,"Air transport, passengers carried",IS.AIR.PSGR,1994,6871600.0
Tanzania,TZA,"Air transport, passengers carried",IS.AIR.PSGR,1994,199200.0
Uganda,UGA,"Air transport, passengers carried",IS.AIR.PSGR,1994,62500.0
Ukraine,UKR,"Air transport, passengers carried",IS.AIR.PSGR,1994,604900.0
Upper middle income,UMC,"Air transport, passengers carried",IS.AIR.PSGR,1994,166994900.0
Uruguay,URY,"Air transport, passengers carried",IS.AIR.PSGR,1994,499300.0
United States,USA,"Air transport, passengers carried",IS.AIR.PSGR,1994,514924000.0
Uzbekistan,UZB,"Air transport, passengers carried",IS.AIR.PSGR,1994,2217300.0
"Venezuela, RB",VEN,"Air transport, passengers carried",IS.AIR.PSGR,1994,5266800.0
Viet Nam,VNM,"Air transport, passengers carried",IS.AIR.PSGR,1994,1670000.0
Vanuatu,VUT,"Air transport, passengers carried",IS.AIR.PSGR,1994,70400.0
World,WLD,"Air transport, passengers carried",IS.AIR.PSGR,1994,1233233404.0
"Yemen, Rep.",YEM,"Air transport, passengers carried",IS.AIR.PSGR,1994,790600.0
South Africa,ZAF,"Air transport, passengers carried",IS.AIR.PSGR,1994,5801600.0
Zambia,ZMB,"Air transport, passengers carried",IS.AIR.PSGR,1994,234700.0
Zimbabwe,ZWE,"Air transport, passengers carried",IS.AIR.PSGR,1994,675300.0
Africa Eastern and Southern,AFE,"Air transport, passengers carried",IS.AIR.PSGR,1998,13234700.0
Afghanistan,AFG,"Air transport, passengers carried",IS.AIR.PSGR,1998,52700.0
Africa Western and Central,AFW,"Air transport, passengers carried",IS.AIR.PSGR,1998,3007600.0
Angola,AGO,"Air transport, passengers carried",IS.AIR.PSGR,1998,552900.0
Albania,ALB,"Air transport, passengers carried",IS.AIR.PSGR,1998,21200.0
Arab World,ARB,"Air transport, passengers carried",IS.AIR.PSGR,1998,40403700.0
United Arab Emirates,ARE,"Air transport, passengers carried",IS.AIR.PSGR,1998,5263700.0
Argentina,ARG,"Air transport, passengers carried",IS.AIR.PSGR,1998,8446500.0
Armenia,ARM,"Air transport, passengers carried",IS.AIR.PSGR,1998,365300.0
Antigua and Barbuda,ATG,"Air transport, passengers carried",IS.AIR.PSGR,1998,1245200.0
Australia,AUS,"Air transport, passengers carried",IS.AIR.PSGR,1998,30185700.0
Austria,AUT,"Air transport, passengers carried",IS.AIR.PSGR,1998,5871500.0
Azerbaijan,AZE,"Air transport, passengers carried",IS.AIR.PSGR,1998,669400.0
Burundi,BDI,"Air transport, passengers carried",IS.AIR.PSGR,1998,12000.0
Belgium,BEL,"Air transport, passengers carried",IS.AIR.PSGR,1998,8748400.0
Benin,BEN,"Air transport, passengers carried",IS.AIR.PSGR,1998,90500.0
Burkina Faso,BFA,"Air transport, passengers carried",IS.AIR.PSGR,1998,101600.0
Bangladesh,BGD,"Air transport, passengers carried",IS.AIR.PSGR,1998,1152500.0
Bulgaria,BGR,"Air transport, passengers carried",IS.AIR.PSGR,1998,827700.0
Bahrain,BHR,"Air transport, passengers carried",IS.AIR.PSGR,1998,1207000.0
"Bahamas, The",BHS,"Air transport, passengers carried",IS.AIR.PSGR,1998,701000.0
Bosnia and Herzegovina,BIH,"Air transport, passengers carried",IS.AIR.PSGR,1998,49900.0
Belarus,BLR,"Air transport, passengers carried",IS.AIR.PSGR,1998,225500.0
Bolivia,BOL,"Air transport, passengers carried",IS.AIR.PSGR,1998,2115500.0
Brazil,BRA,"Air transport, passengers carried",IS.AIR.PSGR,1998,28091100.0
Brunei Darussalam,BRN,"Air transport, passengers carried",IS.AIR.PSGR,1998,876800.0
Bhutan,BTN,"Air transport, passengers carried",IS.AIR.PSGR,1998,36100.0
Botswana,BWA,"Air transport, passengers carried",IS.AIR.PSGR,1998,123700.0
Central African Republic,CAF,"Air transport, passengers carried",IS.AIR.PSGR,1998,90500.0
Canada,CAN,"Air transport, passengers carried",IS.AIR.PSGR,1998,24653300.0
Central Europe and the Baltics,CEB,"Air transport, passengers carried",IS.AIR.PSGR,1998,9570400.0
Switzerland,CHE,"Air transport, passengers carried",IS.AIR.PSGR,1998,14298900.0
Chile,CHL,"Air transport, passengers carried",IS.AIR.PSGR,1998,5149800.0
China,CHN,"Air transport, passengers carried",IS.AIR.PSGR,1998,53234000.0
Cote d'Ivoire,CIV,"Air transport, passengers carried",IS.AIR.PSGR,1998,162400.0
Cameroon,CMR,"Air transport, passengers carried",IS.AIR.PSGR,1998,277900.0
"Congo, Rep.",COG,"Air transport, passengers carried",IS.AIR.PSGR,1998,240900.0
Colombia,COL,"Air transport, passengers carried",IS.AIR.PSGR,1998,9289700.0
Cabo Verde,CPV,"Air transport, passengers carried",IS.AIR.PSGR,1998,236100.0
Costa Rica,CRI,"Air transport, passengers carried",IS.AIR.PSGR,1998,1169500.0
Cuba,CUB,"Air transport, passengers carried",IS.AIR.PSGR,1998,1138400.0
Cyprus,CYP,"Air transport, passengers carried",IS.AIR.PSGR,1998,1346400.0
Czechia,CZE,"Air transport, passengers carried",IS.AIR.PSGR,1998,1600800.0
Germany,DEU,"Air transport, passengers carried",IS.AIR.PSGR,1998,49279800.0
Denmark,DNK,"Air transport, passengers carried",IS.AIR.PSGR,1998,5946600.0
Dominican Republic,DOM,"Air transport, passengers carried",IS.AIR.PSGR,1998,33500.0
Algeria,DZA,"Air transport, passengers carried",IS.AIR.PSGR,1998,3381800.0
East Asia & Pacific (excluding high income),EAP,"Air transport, passengers carried",IS.AIR.PSGR,1998,106380600.0
Early-demographic dividend,EAR,"Air transport, passengers carried",IS.AIR.PSGR,1998,144205700.0
East Asia & Pacific,EAS,"Air transport, passengers carried",IS.AIR.PSGR,1998,300493300.0
Europe & Central Asia (excluding high income),ECA,"Air transport, passengers carried",IS.AIR.PSGR,1998,16922800.0
Europe & Central Asia,ECS,"Air transport, passengers carried",IS.AIR.PSGR,1998,368219300.0
Ecuador,ECU,"Air transport, passengers carried",IS.AIR.PSGR,1998,1918800.0
"Egypt, Arab Rep.",EGY,"Air transport, passengers carried",IS.AIR.PSGR,1998,3894900.0
Euro area,EMU,"Air transport, passengers carried",IS.AIR.PSGR,1998,219943000.0
Spain,ESP,"Air transport, passengers carried",IS.AIR.PSGR,1998,31594100.0
Estonia,EST,"Air transport, passengers carried",IS.AIR.PSGR,1998,297400.0
Ethiopia,ETH,"Air transport, passengers carried",IS.AIR.PSGR,1998,789900.0
European Union,EUU,"Air transport, passengers carried",IS.AIR.PSGR,1998,245065100.0
Fragile and conflict affected situations,FCS,"Air transport, passengers carried",IS.AIR.PSGR,1998,12828900.0
Finland,FIN,"Air transport, passengers carried",IS.AIR.PSGR,1998,6771100.0
Fiji,FJI,"Air transport, passengers carried",IS.AIR.PSGR,1998,516200.0
France,FRA,"Air transport, passengers carried",IS.AIR.PSGR,1998,42232400.0
Gabon,GAB,"Air transport, passengers carried",IS.AIR.PSGR,1998,466700.0
United Kingdom,GBR,"Air transport, passengers carried",IS.AIR.PSGR,1998,61940200.0
Georgia,GEO,"Air transport, passengers carried",IS.AIR.PSGR,1998,110100.0
Ghana,GHA,"Air transport, passengers carried",IS.AIR.PSGR,1998,209800.0
Guinea,GIN,"Air transport, passengers carried",IS.AIR.PSGR,1998,36100.0
Guinea-Bissau,GNB,"Air transport, passengers carried",IS.AIR.PSGR,1998,20400.0
Equatorial Guinea,GNQ,"Air transport, passengers carried",IS.AIR.PSGR,1998,20800.0
Greece,GRC,"Air transport, passengers carried",IS.AIR.PSGR,1998,6403400.0
Guatemala,GTM,"Air transport, passengers carried",IS.AIR.PSGR,1998,506400.0
Guyana,GUY,"Air transport, passengers carried",IS.AIR.PSGR,1998,125500.0
High income,HIC,"Air transport, passengers carried",IS.AIR.PSGR,1998,1196486380.0
"Hong Kong SAR, China",HKG,"Air transport, passengers carried",IS.AIR.PSGR,1998,12254000.0
Heavily indebted poor countries (HIPC),HPC,"Air transport, passengers carried",IS.AIR.PSGR,1998,6968200.0
Croatia,HRV,"Air transport, passengers carried",IS.AIR.PSGR,1998,920000.0
Hungary,HUN,"Air transport, passengers carried",IS.AIR.PSGR,1998,1749200.0
IBRD only,IBD,"Air transport, passengers carried",IS.AIR.PSGR,1998,275513600.0
IDA & IBRD total,IBT,"Air transport, passengers carried",IS.AIR.PSGR,1998,298474600.0
IDA total,IDA,"Air transport, passengers carried",IS.AIR.PSGR,1998,22961000.0
IDA blend,IDB,"Air transport, passengers carried",IS.AIR.PSGR,1998,11636900.0
Indonesia,IDN,"Air transport, passengers carried",IS.AIR.PSGR,1998,12613600.0
IDA only,IDX,"Air transport, passengers carried",IS.AIR.PSGR,1998,11324100.0
India,IND,"Air transport, passengers carried",IS.AIR.PSGR,1998,16521000.0
Ireland,IRL,"Air transport, passengers carried",IS.AIR.PSGR,1998,10401200.0
"Iran, Islamic Rep.",IRN,"Air transport, passengers carried",IS.AIR.PSGR,1998,9200400.0
Iceland,ISL,"Air transport, passengers carried",IS.AIR.PSGR,1998,1592700.0
Israel,ISR,"Air transport, passengers carried",IS.AIR.PSGR,1998,3698500.0
Italy,ITA,"Air transport, passengers carried",IS.AIR.PSGR,1998,27462700.0
Jamaica,JAM,"Air transport, passengers carried",IS.AIR.PSGR,1998,1453900.0
Jordan,JOR,"Air transport, passengers carried",IS.AIR.PSGR,1998,1186700.0
Japan,JPN,"Air transport, passengers carried",IS.AIR.PSGR,1998,101701200.0
Kazakhstan,KAZ,"Air transport, passengers carried",IS.AIR.PSGR,1998,565800.0
Kenya,KEN,"Air transport, passengers carried",IS.AIR.PSGR,1998,1138400.0
Kyrgyz Republic,KGZ,"Air transport, passengers carried",IS.AIR.PSGR,1998,620100.0
Kiribati,KIR,"Air transport, passengers carried",IS.AIR.PSGR,1998,28300.0
"Korea, Rep.",KOR,"Air transport, passengers carried",IS.AIR.PSGR,1998,27109000.0
Kuwait,KWT,"Air transport, passengers carried",IS.AIR.PSGR,1998,2240800.0
Latin America & Caribbean (excluding high income),LAC,"Air transport, passengers carried",IS.AIR.PSGR,1998,76900200.0
Lao PDR,LAO,"Air transport, passengers carried",IS.AIR.PSGR,1998,124100.0
Lebanon,LBN,"Air transport, passengers carried",IS.AIR.PSGR,1998,716000.0
Libya,LBY,"Air transport, passengers carried",IS.AIR.PSGR,1998,570600.0
Latin America & Caribbean,LCN,"Air transport, passengers carried",IS.AIR.PSGR,1998,90079300.0
Least developed countries: UN classification,LDC,"Air transport, passengers carried",IS.AIR.PSGR,1998,7616900.0
Low income,LIC,"Air transport, passengers carried",IS.AIR.PSGR,1998,4508400.0
Sri Lanka,LKA,"Air transport, passengers carried",IS.AIR.PSGR,1998,1212500.0
Lower middle income,LMC,"Air transport, passengers carried",IS.AIR.PSGR,1998,56440000.0
Low & middle income,LMY,"Air transport, passengers carried",IS.AIR.PSGR,1998,266738800.0
Lesotho,LSO,"Air transport, passengers carried",IS.AIR.PSGR,1998,28200.0
Late-demographic dividend,LTE,"Air transport, passengers carried",IS.AIR.PSGR,1998,187098700.0
Lithuania,LTU,"Air transport, passengers carried",IS.AIR.PSGR,1998,258900.0
Luxembourg,LUX,"Air transport, passengers carried",IS.AIR.PSGR,1998,701400.0
Latvia,LVA,"Air transport, passengers carried",IS.AIR.PSGR,1998,229100.0
Morocco,MAR,"Air transport, passengers carried",IS.AIR.PSGR,1998,3012000.0
Monaco,MCO,"Air transport, passengers carried",IS.AIR.PSGR,1998,43800.0
Moldova,MDA,"Air transport, passengers carried",IS.AIR.PSGR,1998,118000.0
Madagascar,MDG,"Air transport, passengers carried",IS.AIR.PSGR,1998,600500.0
Maldives,MDV,"Air transport, passengers carried",IS.AIR.PSGR,1998,247200.0
Middle East & North Africa,MEA,"Air transport, passengers carried",IS.AIR.PSGR,1998,53713700.0
Mexico,MEX,"Air transport, passengers carried",IS.AIR.PSGR,1998,17717400.0
Marshall Islands,MHL,"Air transport, passengers carried",IS.AIR.PSGR,1998,32000.0
Middle income,MIC,"Air transport, passengers carried",IS.AIR.PSGR,1998,262230400.0
North Macedonia,MKD,"Air transport, passengers carried",IS.AIR.PSGR,1998,488900.0
Mali,MLI,"Air transport, passengers carried",IS.AIR.PSGR,1998,90500.0
Malta,MLT,"Air transport, passengers carried",IS.AIR.PSGR,1998,1159400.0
Myanmar,MMR,"Air transport, passengers carried",IS.AIR.PSGR,1998,333200.0
Middle East & North Africa (excluding high income),MNA,"Air transport, passengers carried",IS.AIR.PSGR,1998,25271800.0
Mongolia,MNG,"Air transport, passengers carried",IS.AIR.PSGR,1998,239700.0
Mozambique,MOZ,"Air transport, passengers carried",IS.AIR.PSGR,1998,200700.0
Mauritania,MRT,"Air transport, passengers carried",IS.AIR.PSGR,1998,249600.0
Mauritius,MUS,"Air transport, passengers carried",IS.AIR.PSGR,1998,847500.0
Malawi,MWI,"Air transport, passengers carried",IS.AIR.PSGR,1998,157700.0
Malaysia,MYS,"Air transport, passengers carried",IS.AIR.PSGR,1998,13654400.0
North America,NAC,"Air transport, passengers carried",IS.AIR.PSGR,1998,612824180.0
Namibia,NAM,"Air transport, passengers carried",IS.AIR.PSGR,1998,213700.0
Niger,NER,"Air transport, passengers carried",IS.AIR.PSGR,1998,90500.0
Nigeria,NGA,"Air transport, passengers carried",IS.AIR.PSGR,1998,313400.0
Nicaragua,NIC,"Air transport, passengers carried",IS.AIR.PSGR,1998,51100.0
Netherlands,NLD,"Air transport, passengers carried",IS.AIR.PSGR,1998,18675500.0
Norway,NOR,"Air transport, passengers carried",IS.AIR.PSGR,1998,14291500.0
Nepal,NPL,"Air transport, passengers carried",IS.AIR.PSGR,1998,753600.0
New Zealand,NZL,"Air transport, passengers carried",IS.AIR.PSGR,1998,8654900.0
OECD members,OED,"Air transport, passengers carried",IS.AIR.PSGR,1998,1159476480.0
Oman,OMN,"Air transport, passengers carried",IS.AIR.PSGR,1998,1849300.0
Other small states,OSS,"Air transport, passengers carried",IS.AIR.PSGR,1998,8280200.0
Pakistan,PAK,"Air transport, passengers carried",IS.AIR.PSGR,1998,5414100.0
Panama,PAN,"Air transport, passengers carried",IS.AIR.PSGR,1998,859900.0
Peru,PER,"Air transport, passengers carried",IS.AIR.PSGR,1998,2774500.0
Philippines,PHL,"Air transport, passengers carried",IS.AIR.PSGR,1998,6731600.0
Papua New Guinea,PNG,"Air transport, passengers carried",IS.AIR.PSGR,1998,1110300.0
Poland,POL,"Air transport, passengers carried",IS.AIR.PSGR,1998,2212500.0
Pre-demographic dividend,PRE,"Air transport, passengers carried",IS.AIR.PSGR,1998,5677400.0
"Korea, Dem. People's Rep.",PRK,"Air transport, passengers carried",IS.AIR.PSGR,1998,64000.0
Portugal,PRT,"Air transport, passengers carried",IS.AIR.PSGR,1998,7023100.0
Paraguay,PRY,"Air transport, passengers carried",IS.AIR.PSGR,1998,222200.0
Pacific island small states,PSS,"Air transport, passengers carried",IS.AIR.PSGR,1998,956800.0
Post-demographic dividend,PST,"Air transport, passengers carried",IS.AIR.PSGR,1998,1129879680.0
Qatar,QAT,"Air transport, passengers carried",IS.AIR.PSGR,1998,1207000.0
Romania,ROU,"Air transport, passengers carried",IS.AIR.PSGR,1998,907600.0
Russian Federation,RUS,"Air transport, passengers carried",IS.AIR.PSGR,1998,15223700.0
South Asia,SAS,"Air transport, passengers carried",IS.AIR.PSGR,1998,25389700.0
Saudi Arabia,SAU,"Air transport, passengers carried",IS.AIR.PSGR,1998,11816200.0
Sudan,SDN,"Air transport, passengers carried",IS.AIR.PSGR,1998,498700.0
Senegal,SEN,"Air transport, passengers carried",IS.AIR.PSGR,1998,121400.0
Singapore,SGP,"Air transport, passengers carried",IS.AIR.PSGR,1998,13331100.0
Solomon Islands,SLB,"Air transport, passengers carried",IS.AIR.PSGR,1998,94000.0
Sierra Leone,SLE,"Air transport, passengers carried",IS.AIR.PSGR,1998,0.0
El Salvador,SLV,"Air transport, passengers carried",IS.AIR.PSGR,1998,1694000.0
Sub-Saharan Africa (excluding high income),SSA,"Air transport, passengers carried",IS.AIR.PSGR,1998,15873700.0
Sub-Saharan Africa,SSF,"Air transport, passengers carried",IS.AIR.PSGR,1998,16242300.0
Small states,SST,"Air transport, passengers carried",IS.AIR.PSGR,1998,11586400.0
Sao Tome and Principe,STP,"Air transport, passengers carried",IS.AIR.PSGR,1998,24500.0
Suriname,SUR,"Air transport, passengers carried",IS.AIR.PSGR,1998,277700.0
Slovak Republic,SVK,"Air transport, passengers carried",IS.AIR.PSGR,1998,107300.0
Slovenia,SVN,"Air transport, passengers carried",IS.AIR.PSGR,1998,459900.0
Sweden,SWE,"Air transport, passengers carried",IS.AIR.PSGR,1998,11877700.0
Eswatini,SWZ,"Air transport, passengers carried",IS.AIR.PSGR,1998,40500.0
Seychelles,SYC,"Air transport, passengers carried",IS.AIR.PSGR,1998,368600.0
Syrian Arab Republic,SYR,"Air transport, passengers carried",IS.AIR.PSGR,1998,685400.0
Chad,TCD,"Air transport, passengers carried",IS.AIR.PSGR,1998,98000.0
East Asia & Pacific (IDA & IBRD countries),TEA,"Air transport, passengers carried",IS.AIR.PSGR,1998,106316600.0
Europe & Central Asia (IDA & IBRD countries),TEC,"Air transport, passengers carried",IS.AIR.PSGR,1998,37014300.0
Togo,TGO,"Air transport, passengers carried",IS.AIR.PSGR,1998,90500.0
Thailand,THA,"Air transport, passengers carried",IS.AIR.PSGR,1998,15015400.0
Tajikistan,TJK,"Air transport, passengers carried",IS.AIR.PSGR,1998,591700.0
Turkmenistan,TKM,"Air transport, passengers carried",IS.AIR.PSGR,1998,521000.0
Latin America & the Caribbean (IDA & IBRD countries),TLA,"Air transport, passengers carried",IS.AIR.PSGR,1998,88239900.0
Middle East & North Africa (IDA & IBRD countries),TMN,"Air transport, passengers carried",IS.AIR.PSGR,1998,25271800.0
Tonga,TON,"Air transport, passengers carried",IS.AIR.PSGR,1998,48800.0
South Asia (IDA & IBRD),TSA,"Air transport, passengers carried",IS.AIR.PSGR,1998,25389700.0
Sub-Saharan Africa (IDA & IBRD countries),TSS,"Air transport, passengers carried",IS.AIR.PSGR,1998,16242300.0
Trinidad and Tobago,TTO,"Air transport, passengers carried",IS.AIR.PSGR,1998,804400.0
Tunisia,TUN,"Air transport, passengers carried",IS.AIR.PSGR,1998,1859000.0
Turkiye,TUR,"Air transport, passengers carried",IS.AIR.PSGR,1998,9949300.0
Tanzania,TZA,"Air transport, passengers carried",IS.AIR.PSGR,1998,220200.0
Uganda,UGA,"Air transport, passengers carried",IS.AIR.PSGR,1998,99800.0
Ukraine,UKR,"Air transport, passengers carried",IS.AIR.PSGR,1998,1066400.0
Upper middle income,UMC,"Air transport, passengers carried",IS.AIR.PSGR,1998,205790400.0
Uruguay,URY,"Air transport, passengers carried",IS.AIR.PSGR,1998,556700.0
United States,USA,"Air transport, passengers carried",IS.AIR.PSGR,1998,588170880.0
Uzbekistan,UZB,"Air transport, passengers carried",IS.AIR.PSGR,1998,1560200.0
"Venezuela, RB",VEN,"Air transport, passengers carried",IS.AIR.PSGR,1998,3736600.0
Viet Nam,VNM,"Air transport, passengers carried",IS.AIR.PSGR,1998,2303500.0
Vanuatu,VUT,"Air transport, passengers carried",IS.AIR.PSGR,1998,88700.0
World,WLD,"Air transport, passengers carried",IS.AIR.PSGR,1998,1466961780.0
Samoa,WSM,"Air transport, passengers carried",IS.AIR.PSGR,1998,148800.0
"Yemen, Rep.",YEM,"Air transport, passengers carried",IS.AIR.PSGR,1998,765000.0
South Africa,ZAF,"Air transport, passengers carried",IS.AIR.PSGR,1998,6479500.0
Zambia,ZMB,"Air transport, passengers carried",IS.AIR.PSGR,1998,48800.0
Zimbabwe,ZWE,"Air transport, passengers carried",IS.AIR.PSGR,1998,788900.0
Africa Eastern and Southern,AFE,"Air transport, passengers carried",IS.AIR.PSGR,1997,13456500.0
Afghanistan,AFG,"Air transport, passengers carried",IS.AIR.PSGR,1997,89600.0
Africa Western and Central,AFW,"Air transport, passengers carried",IS.AIR.PSGR,1997,3020900.0
Angola,AGO,"Air transport, passengers carried",IS.AIR.PSGR,1997,555000.0
Albania,ALB,"Air transport, passengers carried",IS.AIR.PSGR,1997,55400.0
Arab World,ARB,"Air transport, passengers carried",IS.AIR.PSGR,1997,39692100.0
United Arab Emirates,ARE,"Air transport, passengers carried",IS.AIR.PSGR,1997,4720400.0
Argentina,ARG,"Air transport, passengers carried",IS.AIR.PSGR,1997,8599800.0
Armenia,ARM,"Air transport, passengers carried",IS.AIR.PSGR,1997,367800.0
Antigua and Barbuda,ATG,"Air transport, passengers carried",IS.AIR.PSGR,1997,1250000.0
Australia,AUS,"Air transport, passengers carried",IS.AIR.PSGR,1997,30953500.0
Austria,AUT,"Air transport, passengers carried",IS.AIR.PSGR,1997,5153900.0
Azerbaijan,AZE,"Air transport, passengers carried",IS.AIR.PSGR,1997,981800.0
Burundi,BDI,"Air transport, passengers carried",IS.AIR.PSGR,1997,12000.0
Belgium,BEL,"Air transport, passengers carried",IS.AIR.PSGR,1997,6872100.0
Benin,BEN,"Air transport, passengers carried",IS.AIR.PSGR,1997,85500.0
Burkina Faso,BFA,"Air transport, passengers carried",IS.AIR.PSGR,1997,96600.0
Bangladesh,BGD,"Air transport, passengers carried",IS.AIR.PSGR,1997,1314700.0
Bulgaria,BGR,"Air transport, passengers carried",IS.AIR.PSGR,1997,721700.0
Bahrain,BHR,"Air transport, passengers carried",IS.AIR.PSGR,1997,1164600.0
"Bahamas, The",BHS,"Air transport, passengers carried",IS.AIR.PSGR,1997,703700.0
Belarus,BLR,"Air transport, passengers carried",IS.AIR.PSGR,1997,230900.0
Bolivia,BOL,"Air transport, passengers carried",IS.AIR.PSGR,1997,2250800.0
Brazil,BRA,"Air transport, passengers carried",IS.AIR.PSGR,1997,24307000.0
Brunei Darussalam,BRN,"Air transport, passengers carried",IS.AIR.PSGR,1997,876800.0
Bhutan,BTN,"Air transport, passengers carried",IS.AIR.PSGR,1997,36100.0
Botswana,BWA,"Air transport, passengers carried",IS.AIR.PSGR,1997,116400.0
Central African Republic,CAF,"Air transport, passengers carried",IS.AIR.PSGR,1997,85500.0
Canada,CAN,"Air transport, passengers carried",IS.AIR.PSGR,1997,23981500.0
Central Europe and the Baltics,CEB,"Air transport, passengers carried",IS.AIR.PSGR,1997,8745500.0
Switzerland,CHE,"Air transport, passengers carried",IS.AIR.PSGR,1997,12481600.0
Chile,CHL,"Air transport, passengers carried",IS.AIR.PSGR,1997,4610000.0
China,CHN,"Air transport, passengers carried",IS.AIR.PSGR,1997,52277000.0
Cote d'Ivoire,CIV,"Air transport, passengers carried",IS.AIR.PSGR,1997,157600.0
Cameroon,CMR,"Air transport, passengers carried",IS.AIR.PSGR,1997,279000.0
"Congo, Rep.",COG,"Air transport, passengers carried",IS.AIR.PSGR,1997,244500.0
Colombia,COL,"Air transport, passengers carried",IS.AIR.PSGR,1997,9188900.0
Cabo Verde,CPV,"Air transport, passengers carried",IS.AIR.PSGR,1997,237000.0
Costa Rica,CRI,"Air transport, passengers carried",IS.AIR.PSGR,1997,991500.0
Cuba,CUB,"Air transport, passengers carried",IS.AIR.PSGR,1997,1117000.0
Cyprus,CYP,"Air transport, passengers carried",IS.AIR.PSGR,1997,1278100.0
Czechia,CZE,"Air transport, passengers carried",IS.AIR.PSGR,1997,1447800.0
Germany,DEU,"Air transport, passengers carried",IS.AIR.PSGR,1997,45804500.0
Denmark,DNK,"Air transport, passengers carried",IS.AIR.PSGR,1997,6236400.0
Dominican Republic,DOM,"Air transport, passengers carried",IS.AIR.PSGR,1997,33600.0
Algeria,DZA,"Air transport, passengers carried",IS.AIR.PSGR,1997,3517700.0
East Asia & Pacific (excluding high income),EAP,"Air transport, passengers carried",IS.AIR.PSGR,1997,107721300.0
Early-demographic dividend,EAR,"Air transport, passengers carried",IS.AIR.PSGR,1997,146347300.0
East Asia & Pacific,EAS,"Air transport, passengers carried",IS.AIR.PSGR,1997,298428300.0
Europe & Central Asia (excluding high income),ECA,"Air transport, passengers carried",IS.AIR.PSGR,1997,16265400.0
Europe & Central Asia,ECS,"Air transport, passengers carried",IS.AIR.PSGR,1997,361142200.0
Ecuador,ECU,"Air transport, passengers carried",IS.AIR.PSGR,1997,1790600.0
"Egypt, Arab Rep.",EGY,"Air transport, passengers carried",IS.AIR.PSGR,1997,4416300.0
Euro area,EMU,"Air transport, passengers carried",IS.AIR.PSGR,1997,210769200.0
Spain,ESP,"Air transport, passengers carried",IS.AIR.PSGR,1997,30315700.0
Estonia,EST,"Air transport, passengers carried",IS.AIR.PSGR,1997,230500.0
Ethiopia,ETH,"Air transport, passengers carried",IS.AIR.PSGR,1997,772300.0
European Union,EUU,"Air transport, passengers carried",IS.AIR.PSGR,1997,235129900.0
Fragile and conflict affected situations,FCS,"Air transport, passengers carried",IS.AIR.PSGR,1997,13161200.0
Finland,FIN,"Air transport, passengers carried",IS.AIR.PSGR,1997,6002300.0
Fiji,FJI,"Air transport, passengers carried",IS.AIR.PSGR,1997,516900.0
France,FRA,"Air transport, passengers carried",IS.AIR.PSGR,1997,43400700.0
Gabon,GAB,"Air transport, passengers carried",IS.AIR.PSGR,1997,468500.0
United Kingdom,GBR,"Air transport, passengers carried",IS.AIR.PSGR,1997,62763200.0
Georgia,GEO,"Air transport, passengers carried",IS.AIR.PSGR,1997,110500.0
Ghana,GHA,"Air transport, passengers carried",IS.AIR.PSGR,1997,210600.0
Guinea,GIN,"Air transport, passengers carried",IS.AIR.PSGR,1997,36300.0
Guinea-Bissau,GNB,"Air transport, passengers carried",IS.AIR.PSGR,1997,20500.0
Equatorial Guinea,GNQ,"Air transport, passengers carried",IS.AIR.PSGR,1997,20900.0
Greece,GRC,"Air transport, passengers carried",IS.AIR.PSGR,1997,7060800.0
Guatemala,GTM,"Air transport, passengers carried",IS.AIR.PSGR,1997,508400.0
Guyana,GUY,"Air transport, passengers carried",IS.AIR.PSGR,1997,126000.0
High income,HIC,"Air transport, passengers carried",IS.AIR.PSGR,1997,1186722392.0
"Hong Kong SAR, China",HKG,"Air transport, passengers carried",IS.AIR.PSGR,1997,5957200.0
Heavily indebted poor countries (HIPC),HPC,"Air transport, passengers carried",IS.AIR.PSGR,1997,6925200.0
Croatia,HRV,"Air transport, passengers carried",IS.AIR.PSGR,1997,767200.0
Hungary,HUN,"Air transport, passengers carried",IS.AIR.PSGR,1997,1634700.0
IBRD only,IBD,"Air transport, passengers carried",IS.AIR.PSGR,1997,277635300.0
IDA & IBRD total,IBT,"Air transport, passengers carried",IS.AIR.PSGR,1997,300379900.0
IDA total,IDA,"Air transport, passengers carried",IS.AIR.PSGR,1997,22744600.0
IDA blend,IDB,"Air transport, passengers carried",IS.AIR.PSGR,1997,11824800.0
Indonesia,IDN,"Air transport, passengers carried",IS.AIR.PSGR,1997,12650200.0
IDA only,IDX,"Air transport, passengers carried",IS.AIR.PSGR,1997,10919800.0
India,IND,"Air transport, passengers carried",IS.AIR.PSGR,1997,16039800.0
Ireland,IRL,"Air transport, passengers carried",IS.AIR.PSGR,1997,8963700.0
"Iran, Islamic Rep.",IRN,"Air transport, passengers carried",IS.AIR.PSGR,1997,9804100.0
Iceland,ISL,"Air transport, passengers carried",IS.AIR.PSGR,1997,1334400.0
Israel,ISR,"Air transport, passengers carried",IS.AIR.PSGR,1997,3753600.0
Italy,ITA,"Air transport, passengers carried",IS.AIR.PSGR,1997,28183900.0
Jamaica,JAM,"Air transport, passengers carried",IS.AIR.PSGR,1997,1400100.0
Jordan,JOR,"Air transport, passengers carried",IS.AIR.PSGR,1997,1353400.0
Japan,JPN,"Air transport, passengers carried",IS.AIR.PSGR,1997,94997600.0
Kazakhstan,KAZ,"Air transport, passengers carried",IS.AIR.PSGR,1997,568000.0
Kenya,KEN,"Air transport, passengers carried",IS.AIR.PSGR,1997,835700.0
Kyrgyz Republic,KGZ,"Air transport, passengers carried",IS.AIR.PSGR,1997,423000.0
Kiribati,KIR,"Air transport, passengers carried",IS.AIR.PSGR,1997,28400.0
"Korea, Rep.",KOR,"Air transport, passengers carried",IS.AIR.PSGR,1997,35505800.0
Kuwait,KWT,"Air transport, passengers carried",IS.AIR.PSGR,1997,2113900.0
Latin America & Caribbean (excluding high income),LAC,"Air transport, passengers carried",IS.AIR.PSGR,1997,72405400.0
Lao PDR,LAO,"Air transport, passengers carried",IS.AIR.PSGR,1997,124500.0
Lebanon,LBN,"Air transport, passengers carried",IS.AIR.PSGR,1997,856900.0
Libya,LBY,"Air transport, passengers carried",IS.AIR.PSGR,1997,570600.0
Latin America & Caribbean,LCN,"Air transport, passengers carried",IS.AIR.PSGR,1997,85239100.0
Least developed countries: UN classification,LDC,"Air transport, passengers carried",IS.AIR.PSGR,1997,7529200.0
Low income,LIC,"Air transport, passengers carried",IS.AIR.PSGR,1997,4462000.0
Sri Lanka,LKA,"Air transport, passengers carried",IS.AIR.PSGR,1997,1231900.0
Lower middle income,LMC,"Air transport, passengers carried",IS.AIR.PSGR,1997,57540500.0
Low & middle income,LMY,"Air transport, passengers carried",IS.AIR.PSGR,1997,264361500.0
Lesotho,LSO,"Air transport, passengers carried",IS.AIR.PSGR,1997,10500.0
Late-demographic dividend,LTE,"Air transport, passengers carried",IS.AIR.PSGR,1997,184906800.0
Lithuania,LTU,"Air transport, passengers carried",IS.AIR.PSGR,1997,236800.0
Luxembourg,LUX,"Air transport, passengers carried",IS.AIR.PSGR,1997,559800.0
Latvia,LVA,"Air transport, passengers carried",IS.AIR.PSGR,1997,229100.0
Morocco,MAR,"Air transport, passengers carried",IS.AIR.PSGR,1997,2638400.0
Monaco,MCO,"Air transport, passengers carried",IS.AIR.PSGR,1997,44000.0
Moldova,MDA,"Air transport, passengers carried",IS.AIR.PSGR,1997,46400.0
Madagascar,MDG,"Air transport, passengers carried",IS.AIR.PSGR,1997,574900.0
Maldives,MDV,"Air transport, passengers carried",IS.AIR.PSGR,1997,188900.0
Middle East & North Africa,MEA,"Air transport, passengers carried",IS.AIR.PSGR,1997,53725800.0
Mexico,MEX,"Air transport, passengers carried",IS.AIR.PSGR,1997,17266500.0
Marshall Islands,MHL,"Air transport, passengers carried",IS.AIR.PSGR,1997,33100.0
Middle income,MIC,"Air transport, passengers carried",IS.AIR.PSGR,1997,259899500.0
North Macedonia,MKD,"Air transport, passengers carried",IS.AIR.PSGR,1997,228900.0
Mali,MLI,"Air transport, passengers carried",IS.AIR.PSGR,1997,85500.0
Malta,MLT,"Air transport, passengers carried",IS.AIR.PSGR,1997,1054300.0
Myanmar,MMR,"Air transport, passengers carried",IS.AIR.PSGR,1997,334500.0
Middle East & North Africa (excluding high income),MNA,"Air transport, passengers carried",IS.AIR.PSGR,1997,26337800.0
Mongolia,MNG,"Air transport, passengers carried",IS.AIR.PSGR,1997,240200.0
Mozambique,MOZ,"Air transport, passengers carried",IS.AIR.PSGR,1997,188400.0
Mauritania,MRT,"Air transport, passengers carried",IS.AIR.PSGR,1997,245200.0
Mauritius,MUS,"Air transport, passengers carried",IS.AIR.PSGR,1997,803900.0
Malawi,MWI,"Air transport, passengers carried",IS.AIR.PSGR,1997,158300.0
Malaysia,MYS,"Air transport, passengers carried",IS.AIR.PSGR,1997,15591600.0
North America,NAC,"Air transport, passengers carried",IS.AIR.PSGR,1997,614552892.0
Namibia,NAM,"Air transport, passengers carried",IS.AIR.PSGR,1997,214500.0
Niger,NER,"Air transport, passengers carried",IS.AIR.PSGR,1997,85500.0
Nigeria,NGA,"Air transport, passengers carried",IS.AIR.PSGR,1997,318200.0
Nicaragua,NIC,"Air transport, passengers carried",IS.AIR.PSGR,1997,51300.0
Netherlands,NLD,"Air transport, passengers carried",IS.AIR.PSGR,1997,17889900.0
Norway,NOR,"Air transport, passengers carried",IS.AIR.PSGR,1997,13759000.0
Nepal,NPL,"Air transport, passengers carried",IS.AIR.PSGR,1997,755000.0
New Zealand,NZL,"Air transport, passengers carried",IS.AIR.PSGR,1997,9435400.0
OECD members,OED,"Air transport, passengers carried",IS.AIR.PSGR,1997,1151287192.0
Oman,OMN,"Air transport, passengers carried",IS.AIR.PSGR,1997,1678400.0
Other small states,OSS,"Air transport, passengers carried",IS.AIR.PSGR,1997,7654200.0
Pakistan,PAK,"Air transport, passengers carried",IS.AIR.PSGR,1997,5882500.0
Panama,PAN,"Air transport, passengers carried",IS.AIR.PSGR,1997,772200.0
Peru,PER,"Air transport, passengers carried",IS.AIR.PSGR,1997,2724500.0
Philippines,PHL,"Air transport, passengers carried",IS.AIR.PSGR,1997,7474600.0
Papua New Guinea,PNG,"Air transport, passengers carried",IS.AIR.PSGR,1997,1114000.0
Poland,POL,"Air transport, passengers carried",IS.AIR.PSGR,1997,1998000.0
Pre-demographic dividend,PRE,"Air transport, passengers carried",IS.AIR.PSGR,1997,5219400.0
"Korea, Dem. People's Rep.",PRK,"Air transport, passengers carried",IS.AIR.PSGR,1997,280000.0
Portugal,PRT,"Air transport, passengers carried",IS.AIR.PSGR,1997,6281400.0
Paraguay,PRY,"Air transport, passengers carried",IS.AIR.PSGR,1997,196000.0
Pacific island small states,PSS,"Air transport, passengers carried",IS.AIR.PSGR,1997,871600.0
Post-demographic dividend,PST,"Air transport, passengers carried",IS.AIR.PSGR,1997,1118528992.0
Qatar,QAT,"Air transport, passengers carried",IS.AIR.PSGR,1997,1164600.0
Romania,ROU,"Air transport, passengers carried",IS.AIR.PSGR,1997,995200.0
Russian Federation,RUS,"Air transport, passengers carried",IS.AIR.PSGR,1997,20419000.0
South Asia,SAS,"Air transport, passengers carried",IS.AIR.PSGR,1997,25538500.0
Saudi Arabia,SAU,"Air transport, passengers carried",IS.AIR.PSGR,1997,11738200.0
Sudan,SDN,"Air transport, passengers carried",IS.AIR.PSGR,1997,333100.0
Senegal,SEN,"Air transport, passengers carried",IS.AIR.PSGR,1997,165500.0
Singapore,SGP,"Air transport, passengers carried",IS.AIR.PSGR,1997,12980700.0
Solomon Islands,SLB,"Air transport, passengers carried",IS.AIR.PSGR,1997,94300.0
Sierra Leone,SLE,"Air transport, passengers carried",IS.AIR.PSGR,1997,0.0
El Salvador,SLV,"Air transport, passengers carried",IS.AIR.PSGR,1997,1700600.0
Sub-Saharan Africa (excluding high income),SSA,"Air transport, passengers carried",IS.AIR.PSGR,1997,16093100.0
Sub-Saharan Africa,SSF,"Air transport, passengers carried",IS.AIR.PSGR,1997,16477400.0
Small states,SST,"Air transport, passengers carried",IS.AIR.PSGR,1997,10884300.0
Sao Tome and Principe,STP,"Air transport, passengers carried",IS.AIR.PSGR,1997,24600.0
Suriname,SUR,"Air transport, passengers carried",IS.AIR.PSGR,1997,278800.0
Slovak Republic,SVK,"Air transport, passengers carried",IS.AIR.PSGR,1997,80700.0
Slovenia,SVN,"Air transport, passengers carried",IS.AIR.PSGR,1997,403800.0
Sweden,SWE,"Air transport, passengers carried",IS.AIR.PSGR,1997,11326900.0
Eswatini,SWZ,"Air transport, passengers carried",IS.AIR.PSGR,1997,40700.0
Seychelles,SYC,"Air transport, passengers carried",IS.AIR.PSGR,1997,384300.0
Syrian Arab Republic,SYR,"Air transport, passengers carried",IS.AIR.PSGR,1997,694200.0
Chad,TCD,"Air transport, passengers carried",IS.AIR.PSGR,1997,93000.0
East Asia & Pacific (IDA & IBRD countries),TEA,"Air transport, passengers carried",IS.AIR.PSGR,1997,107441300.0
Europe & Central Asia (IDA & IBRD countries),TEC,"Air transport, passengers carried",IS.AIR.PSGR,1997,41166500.0
Togo,TGO,"Air transport, passengers carried",IS.AIR.PSGR,1997,85500.0
Thailand,THA,"Air transport, passengers carried",IS.AIR.PSGR,1997,14235800.0
Tajikistan,TJK,"Air transport, passengers carried",IS.AIR.PSGR,1997,594000.0
Turkmenistan,TKM,"Air transport, passengers carried",IS.AIR.PSGR,1997,523000.0
Latin America & the Caribbean (IDA & IBRD countries),TLA,"Air transport, passengers carried",IS.AIR.PSGR,1997,83418400.0
Middle East & North Africa (IDA & IBRD countries),TMN,"Air transport, passengers carried",IS.AIR.PSGR,1997,26337800.0
Tonga,TON,"Air transport, passengers carried",IS.AIR.PSGR,1997,49000.0
South Asia (IDA & IBRD),TSA,"Air transport, passengers carried",IS.AIR.PSGR,1997,25538500.0
Sub-Saharan Africa (IDA & IBRD countries),TSS,"Air transport, passengers carried",IS.AIR.PSGR,1997,16477400.0
Trinidad and Tobago,TTO,"Air transport, passengers carried",IS.AIR.PSGR,1997,807500.0
Tunisia,TUN,"Air transport, passengers carried",IS.AIR.PSGR,1997,1779300.0
Turkiye,TUR,"Air transport, passengers carried",IS.AIR.PSGR,1997,9379900.0
Tanzania,TZA,"Air transport, passengers carried",IS.AIR.PSGR,1997,217800.0
Uganda,UGA,"Air transport, passengers carried",IS.AIR.PSGR,1997,100200.0
Ukraine,UKR,"Air transport, passengers carried",IS.AIR.PSGR,1997,1189600.0
Upper middle income,UMC,"Air transport, passengers carried",IS.AIR.PSGR,1997,202359000.0
Uruguay,URY,"Air transport, passengers carried",IS.AIR.PSGR,1997,544000.0
United States,USA,"Air transport, passengers carried",IS.AIR.PSGR,1997,590571392.0
Uzbekistan,UZB,"Air transport, passengers carried",IS.AIR.PSGR,1997,1566200.0
"Venezuela, RB",VEN,"Air transport, passengers carried",IS.AIR.PSGR,1997,4020300.0
Viet Nam,VNM,"Air transport, passengers carried",IS.AIR.PSGR,1997,2527300.0
Vanuatu,VUT,"Air transport, passengers carried",IS.AIR.PSGR,1997,75000.0
World,WLD,"Air transport, passengers carried",IS.AIR.PSGR,1997,1455104192.0
Samoa,WSM,"Air transport, passengers carried",IS.AIR.PSGR,1997,74900.0
"Yemen, Rep.",YEM,"Air transport, passengers carried",IS.AIR.PSGR,1997,706900.0
South Africa,ZAF,"Air transport, passengers carried",IS.AIR.PSGR,1997,7274200.0
Zambia,ZMB,"Air transport, passengers carried",IS.AIR.PSGR,1997,49600.0
Zimbabwe,ZWE,"Air transport, passengers carried",IS.AIR.PSGR,1997,790100.0
Africa Eastern and Southern,AFE,"Air transport, passengers carried",IS.AIR.PSGR,1993,11082400.0
Afghanistan,AFG,"Air transport, passengers carried",IS.AIR.PSGR,1993,197000.0
Africa Western and Central,AFW,"Air transport, passengers carried",IS.AIR.PSGR,1993,2840600.0
Angola,AGO,"Air transport, passengers carried",IS.AIR.PSGR,1993,333500.0
Arab World,ARB,"Air transport, passengers carried",IS.AIR.PSGR,1993,34017400.0
United Arab Emirates,ARE,"Air transport, passengers carried",IS.AIR.PSGR,1993,2936300.0
Argentina,ARG,"Air transport, passengers carried",IS.AIR.PSGR,1993,5104500.0
Antigua and Barbuda,ATG,"Air transport, passengers carried",IS.AIR.PSGR,1993,955000.0
Australia,AUS,"Air transport, passengers carried",IS.AIR.PSGR,1993,26929300.0
Austria,AUT,"Air transport, passengers carried",IS.AIR.PSGR,1993,3296900.0
Azerbaijan,AZE,"Air transport, passengers carried",IS.AIR.PSGR,1993,1383400.0
Burundi,BDI,"Air transport, passengers carried",IS.AIR.PSGR,1993,8900.0
Belgium,BEL,"Air transport, passengers carried",IS.AIR.PSGR,1993,3650600.0
Benin,BEN,"Air transport, passengers carried",IS.AIR.PSGR,1993,68200.0
Burkina Faso,BFA,"Air transport, passengers carried",IS.AIR.PSGR,1993,128500.0
Bangladesh,BGD,"Air transport, passengers carried",IS.AIR.PSGR,1993,1083100.0
Bulgaria,BGR,"Air transport, passengers carried",IS.AIR.PSGR,1993,915800.0
Bahrain,BHR,"Air transport, passengers carried",IS.AIR.PSGR,1993,1080000.0
"Bahamas, The",BHS,"Air transport, passengers carried",IS.AIR.PSGR,1993,862000.0
Belarus,BLR,"Air transport, passengers carried",IS.AIR.PSGR,1993,804900.0
Bolivia,BOL,"Air transport, passengers carried",IS.AIR.PSGR,1993,1117000.0
Brazil,BRA,"Air transport, passengers carried",IS.AIR.PSGR,1993,16535600.0
Brunei Darussalam,BRN,"Air transport, passengers carried",IS.AIR.PSGR,1993,604100.0
Bhutan,BTN,"Air transport, passengers carried",IS.AIR.PSGR,1993,8700.0
Botswana,BWA,"Air transport, passengers carried",IS.AIR.PSGR,1993,122600.0
Central African Republic,CAF,"Air transport, passengers carried",IS.AIR.PSGR,1993,68200.0
Canada,CAN,"Air transport, passengers carried",IS.AIR.PSGR,1993,17516500.0
Central Europe and the Baltics,CEB,"Air transport, passengers carried",IS.AIR.PSGR,1993,6537200.0
Switzerland,CHE,"Air transport, passengers carried",IS.AIR.PSGR,1993,9152000.0
Chile,CHL,"Air transport, passengers carried",IS.AIR.PSGR,1993,2360000.0
China,CHN,"Air transport, passengers carried",IS.AIR.PSGR,1993,31312500.0
Cote d'Ivoire,CIV,"Air transport, passengers carried",IS.AIR.PSGR,1993,186200.0
Cameroon,CMR,"Air transport, passengers carried",IS.AIR.PSGR,1993,274800.0
"Congo, Dem. Rep.",COD,"Air transport, passengers carried",IS.AIR.PSGR,1993,83700.0
"Congo, Rep.",COG,"Air transport, passengers carried",IS.AIR.PSGR,1993,230800.0
Colombia,COL,"Air transport, passengers carried",IS.AIR.PSGR,1993,6930200.0
Comoros,COM,"Air transport, passengers carried",IS.AIR.PSGR,1993,26000.0
Cabo Verde,CPV,"Air transport, passengers carried",IS.AIR.PSGR,1993,100000.0
Costa Rica,CRI,"Air transport, passengers carried",IS.AIR.PSGR,1993,690300.0
Cuba,CUB,"Air transport, passengers carried",IS.AIR.PSGR,1993,624100.0
Cyprus,CYP,"Air transport, passengers carried",IS.AIR.PSGR,1993,1011000.0
Czechia,CZE,"Air transport, passengers carried",IS.AIR.PSGR,1993,1024900.0
Germany,DEU,"Air transport, passengers carried",IS.AIR.PSGR,1993,29362600.0
Denmark,DNK,"Air transport, passengers carried",IS.AIR.PSGR,1993,5077900.0
Dominican Republic,DOM,"Air transport, passengers carried",IS.AIR.PSGR,1993,327900.0
Algeria,DZA,"Air transport, passengers carried",IS.AIR.PSGR,1993,3254500.0
East Asia & Pacific (excluding high income),EAP,"Air transport, passengers carried",IS.AIR.PSGR,1993,77190600.0
Early-demographic dividend,EAR,"Air transport, passengers carried",IS.AIR.PSGR,1993,121137600.0
East Asia & Pacific,EAS,"Air transport, passengers carried",IS.AIR.PSGR,1993,221775804.0
Europe & Central Asia (excluding high income),ECA,"Air transport, passengers carried",IS.AIR.PSGR,1993,14961000.0
Europe & Central Asia,ECS,"Air transport, passengers carried",IS.AIR.PSGR,1993,290815100.0
Ecuador,ECU,"Air transport, passengers carried",IS.AIR.PSGR,1993,2122400.0
"Egypt, Arab Rep.",EGY,"Air transport, passengers carried",IS.AIR.PSGR,1993,2880500.0
Euro area,EMU,"Air transport, passengers carried",IS.AIR.PSGR,1993,149754800.0
Spain,ESP,"Air transport, passengers carried",IS.AIR.PSGR,1993,22279400.0
Estonia,EST,"Air transport, passengers carried",IS.AIR.PSGR,1993,127700.0
Ethiopia,ETH,"Air transport, passengers carried",IS.AIR.PSGR,1993,752000.0
European Union,EUU,"Air transport, passengers carried",IS.AIR.PSGR,1993,169958600.0
Fragile and conflict affected situations,FCS,"Air transport, passengers carried",IS.AIR.PSGR,1993,16134800.0
Finland,FIN,"Air transport, passengers carried",IS.AIR.PSGR,1993,3947500.0
Fiji,FJI,"Air transport, passengers carried",IS.AIR.PSGR,1993,424200.0
France,FRA,"Air transport, passengers carried",IS.AIR.PSGR,1993,35625600.0
Gabon,GAB,"Air transport, passengers carried",IS.AIR.PSGR,1993,302300.0
United Kingdom,GBR,"Air transport, passengers carried",IS.AIR.PSGR,1993,50187900.0
Ghana,GHA,"Air transport, passengers carried",IS.AIR.PSGR,1993,152400.0
Guinea,GIN,"Air transport, passengers carried",IS.AIR.PSGR,1993,24200.0
Guinea-Bissau,GNB,"Air transport, passengers carried",IS.AIR.PSGR,1993,20500.0
Equatorial Guinea,GNQ,"Air transport, passengers carried",IS.AIR.PSGR,1993,14000.0
Greece,GRC,"Air transport, passengers carried",IS.AIR.PSGR,1993,5478100.0
Guatemala,GTM,"Air transport, passengers carried",IS.AIR.PSGR,1993,240000.0
Guyana,GUY,"Air transport, passengers carried",IS.AIR.PSGR,1993,115300.0
High income,HIC,"Air transport, passengers carried",IS.AIR.PSGR,1993,937736716.0
Honduras,HND,"Air transport, passengers carried",IS.AIR.PSGR,1993,602200.0
Heavily indebted poor countries (HIPC),HPC,"Air transport, passengers carried",IS.AIR.PSGR,1993,6433300.0
Croatia,HRV,"Air transport, passengers carried",IS.AIR.PSGR,1993,432200.0
Hungary,HUN,"Air transport, passengers carried",IS.AIR.PSGR,1993,1216900.0
IBRD only,IBD,"Air transport, passengers carried",IS.AIR.PSGR,1993,226703300.0
IDA & IBRD total,IBT,"Air transport, passengers carried",IS.AIR.PSGR,1993,249315900.0
IDA total,IDA,"Air transport, passengers carried",IS.AIR.PSGR,1993,22612600.0
IDA blend,IDB,"Air transport, passengers carried",IS.AIR.PSGR,1993,11791100.0
Indonesia,IDN,"Air transport, passengers carried",IS.AIR.PSGR,1993,12009000.0
IDA only,IDX,"Air transport, passengers carried",IS.AIR.PSGR,1993,10821500.0
India,IND,"Air transport, passengers carried",IS.AIR.PSGR,1993,9441600.0
Ireland,IRL,"Air transport, passengers carried",IS.AIR.PSGR,1993,4650400.0
"Iran, Islamic Rep.",IRN,"Air transport, passengers carried",IS.AIR.PSGR,1993,5351800.0
Iceland,ISL,"Air transport, passengers carried",IS.AIR.PSGR,1993,801000.0
Israel,ISR,"Air transport, passengers carried",IS.AIR.PSGR,1993,2569400.0
Italy,ITA,"Air transport, passengers carried",IS.AIR.PSGR,1993,21901400.0
Jamaica,JAM,"Air transport, passengers carried",IS.AIR.PSGR,1993,1037800.0
Jordan,JOR,"Air transport, passengers carried",IS.AIR.PSGR,1993,1185600.0
Japan,JPN,"Air transport, passengers carried",IS.AIR.PSGR,1993,80063904.0
Kazakhstan,KAZ,"Air transport, passengers carried",IS.AIR.PSGR,1993,706400.0
Kenya,KEN,"Air transport, passengers carried",IS.AIR.PSGR,1993,769500.0
Kyrgyz Republic,KGZ,"Air transport, passengers carried",IS.AIR.PSGR,1993,464000.0
Kiribati,KIR,"Air transport, passengers carried",IS.AIR.PSGR,1993,25600.0
"Korea, Rep.",KOR,"Air transport, passengers carried",IS.AIR.PSGR,1993,21425900.0
Kuwait,KWT,"Air transport, passengers carried",IS.AIR.PSGR,1993,1553800.0
Latin America & Caribbean (excluding high income),LAC,"Air transport, passengers carried",IS.AIR.PSGR,1993,54889200.0
Lao PDR,LAO,"Air transport, passengers carried",IS.AIR.PSGR,1993,118500.0
Lebanon,LBN,"Air transport, passengers carried",IS.AIR.PSGR,1993,677400.0
Libya,LBY,"Air transport, passengers carried",IS.AIR.PSGR,1993,853000.0
Latin America & Caribbean,LCN,"Air transport, passengers carried",IS.AIR.PSGR,1993,68207800.0
Least developed countries: UN classification,LDC,"Air transport, passengers carried",IS.AIR.PSGR,1993,7175900.0
Low income,LIC,"Air transport, passengers carried",IS.AIR.PSGR,1993,4392300.0
Sri Lanka,LKA,"Air transport, passengers carried",IS.AIR.PSGR,1993,993800.0
Lower middle income,LMC,"Air transport, passengers carried",IS.AIR.PSGR,1993,44686800.0
Low & middle income,LMY,"Air transport, passengers carried",IS.AIR.PSGR,1993,197714600.0
Lesotho,LSO,"Air transport, passengers carried",IS.AIR.PSGR,1993,20500.0
Late-demographic dividend,LTE,"Air transport, passengers carried",IS.AIR.PSGR,1993,149063500.0
Lithuania,LTU,"Air transport, passengers carried",IS.AIR.PSGR,1993,149700.0
Luxembourg,LUX,"Air transport, passengers carried",IS.AIR.PSGR,1993,470500.0
Latvia,LVA,"Air transport, passengers carried",IS.AIR.PSGR,1993,111200.0
Morocco,MAR,"Air transport, passengers carried",IS.AIR.PSGR,1993,2139600.0
Monaco,MCO,"Air transport, passengers carried",IS.AIR.PSGR,1993,44000.0
Moldova,MDA,"Air transport, passengers carried",IS.AIR.PSGR,1993,312300.0
Madagascar,MDG,"Air transport, passengers carried",IS.AIR.PSGR,1993,418500.0
Maldives,MDV,"Air transport, passengers carried",IS.AIR.PSGR,1993,9400.0
Middle East & North Africa,MEA,"Air transport, passengers carried",IS.AIR.PSGR,1993,42087100.0
Mexico,MEX,"Air transport, passengers carried",IS.AIR.PSGR,1993,16484800.0
Marshall Islands,MHL,"Air transport, passengers carried",IS.AIR.PSGR,1993,43500.0
Middle income,MIC,"Air transport, passengers carried",IS.AIR.PSGR,1993,193322300.0
North Macedonia,MKD,"Air transport, passengers carried",IS.AIR.PSGR,1993,187500.0
Mali,MLI,"Air transport, passengers carried",IS.AIR.PSGR,1993,68200.0
Malta,MLT,"Air transport, passengers carried",IS.AIR.PSGR,1993,797000.0
Myanmar,MMR,"Air transport, passengers carried",IS.AIR.PSGR,1993,318500.0
Middle East & North Africa (excluding high income),MNA,"Air transport, passengers carried",IS.AIR.PSGR,1993,19026300.0
Mongolia,MNG,"Air transport, passengers carried",IS.AIR.PSGR,1993,630000.0
Mozambique,MOZ,"Air transport, passengers carried",IS.AIR.PSGR,1993,206200.0
Mauritania,MRT,"Air transport, passengers carried",IS.AIR.PSGR,1993,214600.0
Mauritius,MUS,"Air transport, passengers carried",IS.AIR.PSGR,1993,581900.0
Malawi,MWI,"Air transport, passengers carried",IS.AIR.PSGR,1993,132100.0
Malaysia,MYS,"Air transport, passengers carried",IS.AIR.PSGR,1993,13101300.0
North America,NAC,"Air transport, passengers carried",IS.AIR.PSGR,1993,487442612.0
Namibia,NAM,"Air transport, passengers carried",IS.AIR.PSGR,1993,178700.0
Niger,NER,"Air transport, passengers carried",IS.AIR.PSGR,1993,68200.0
Nigeria,NGA,"Air transport, passengers carried",IS.AIR.PSGR,1993,608400.0
Nicaragua,NIC,"Air transport, passengers carried",IS.AIR.PSGR,1993,34000.0
Netherlands,NLD,"Air transport, passengers carried",IS.AIR.PSGR,1993,11774600.0
Norway,NOR,"Air transport, passengers carried",IS.AIR.PSGR,1993,10383600.0
Nepal,NPL,"Air transport, passengers carried",IS.AIR.PSGR,1993,633100.0
New Zealand,NZL,"Air transport, passengers carried",IS.AIR.PSGR,1993,6290800.0
OECD members,OED,"Air transport, passengers carried",IS.AIR.PSGR,1993,893611716.0
Oman,OMN,"Air transport, passengers carried",IS.AIR.PSGR,1993,1180000.0
Other small states,OSS,"Air transport, passengers carried",IS.AIR.PSGR,1993,5516800.0
Pakistan,PAK,"Air transport, passengers carried",IS.AIR.PSGR,1993,5647100.0
Panama,PAN,"Air transport, passengers carried",IS.AIR.PSGR,1993,320500.0
Peru,PER,"Air transport, passengers carried",IS.AIR.PSGR,1993,1362400.0
Philippines,PHL,"Air transport, passengers carried",IS.AIR.PSGR,1993,6526200.0
Papua New Guinea,PNG,"Air transport, passengers carried",IS.AIR.PSGR,1993,866000.0
Poland,POL,"Air transport, passengers carried",IS.AIR.PSGR,1993,1269900.0
Pre-demographic dividend,PRE,"Air transport, passengers carried",IS.AIR.PSGR,1993,5354400.0
"Korea, Dem. People's Rep.",PRK,"Air transport, passengers carried",IS.AIR.PSGR,1993,241800.0
Portugal,PRT,"Air transport, passengers carried",IS.AIR.PSGR,1993,4378900.0
Paraguay,PRY,"Air transport, passengers carried",IS.AIR.PSGR,1993,337500.0
Pacific island small states,PSS,"Air transport, passengers carried",IS.AIR.PSGR,1993,669900.0
Post-demographic dividend,PST,"Air transport, passengers carried",IS.AIR.PSGR,1993,866599916.0
Qatar,QAT,"Air transport, passengers carried",IS.AIR.PSGR,1993,1080000.0
Romania,ROU,"Air transport, passengers carried",IS.AIR.PSGR,1993,979400.0
Russian Federation,RUS,"Air transport, passengers carried",IS.AIR.PSGR,1993,36124000.0
Rwanda,RWA,"Air transport, passengers carried",IS.AIR.PSGR,1993,9100.0
South Asia,SAS,"Air transport, passengers carried",IS.AIR.PSGR,1993,18013800.0
Saudi Arabia,SAU,"Air transport, passengers carried",IS.AIR.PSGR,1993,11864300.0
Sudan,SDN,"Air transport, passengers carried",IS.AIR.PSGR,1993,407900.0
Senegal,SEN,"Air transport, passengers carried",IS.AIR.PSGR,1993,140200.0
Singapore,SGP,"Air transport, passengers carried",IS.AIR.PSGR,1993,9271200.0
Solomon Islands,SLB,"Air transport, passengers carried",IS.AIR.PSGR,1993,74600.0
Sierra Leone,SLE,"Air transport, passengers carried",IS.AIR.PSGR,1993,17500.0
El Salvador,SLV,"Air transport, passengers carried",IS.AIR.PSGR,1993,1242500.0
Sub-Saharan Africa (excluding high income),SSA,"Air transport, passengers carried",IS.AIR.PSGR,1993,13633700.0
Sub-Saharan Africa,SSF,"Air transport, passengers carried",IS.AIR.PSGR,1993,13923000.0
Small states,SST,"Air transport, passengers carried",IS.AIR.PSGR,1993,8215000.0
Sao Tome and Principe,STP,"Air transport, passengers carried",IS.AIR.PSGR,1993,22300.0
Suriname,SUR,"Air transport, passengers carried",IS.AIR.PSGR,1993,96000.0
Slovak Republic,SVK,"Air transport, passengers carried",IS.AIR.PSGR,1993,18300.0
Slovenia,SVN,"Air transport, passengers carried",IS.AIR.PSGR,1993,291200.0
Sweden,SWE,"Air transport, passengers carried",IS.AIR.PSGR,1993,9719000.0
Eswatini,SWZ,"Air transport, passengers carried",IS.AIR.PSGR,1993,58400.0
Seychelles,SYC,"Air transport, passengers carried",IS.AIR.PSGR,1993,289300.0
Syrian Arab Republic,SYR,"Air transport, passengers carried",IS.AIR.PSGR,1993,485000.0
Chad,TCD,"Air transport, passengers carried",IS.AIR.PSGR,1993,85200.0
East Asia & Pacific (IDA & IBRD countries),TEA,"Air transport, passengers carried",IS.AIR.PSGR,1993,76948800.0
Europe & Central Asia (IDA & IBRD countries),TEC,"Air transport, passengers carried",IS.AIR.PSGR,1993,54682300.0
Togo,TGO,"Air transport, passengers carried",IS.AIR.PSGR,1993,68200.0
Thailand,THA,"Air transport, passengers carried",IS.AIR.PSGR,1993,10196900.0
Tajikistan,TJK,"Air transport, passengers carried",IS.AIR.PSGR,1993,782600.0
Turkmenistan,TKM,"Air transport, passengers carried",IS.AIR.PSGR,1993,747800.0
Latin America & the Caribbean (IDA & IBRD countries),TLA,"Air transport, passengers carried",IS.AIR.PSGR,1993,66721700.0
Middle East & North Africa (IDA & IBRD countries),TMN,"Air transport, passengers carried",IS.AIR.PSGR,1993,19026300.0
Tonga,TON,"Air transport, passengers carried",IS.AIR.PSGR,1993,35300.0
South Asia (IDA & IBRD),TSA,"Air transport, passengers carried",IS.AIR.PSGR,1993,18013800.0
Sub-Saharan Africa (IDA & IBRD countries),TSS,"Air transport, passengers carried",IS.AIR.PSGR,1993,13923000.0
Trinidad and Tobago,TTO,"Air transport, passengers carried",IS.AIR.PSGR,1993,1389000.0
Tunisia,TUN,"Air transport, passengers carried",IS.AIR.PSGR,1993,1351000.0
Turkiye,TUR,"Air transport, passengers carried",IS.AIR.PSGR,1993,6076800.0
Tanzania,TZA,"Air transport, passengers carried",IS.AIR.PSGR,1993,188500.0
Uganda,UGA,"Air transport, passengers carried",IS.AIR.PSGR,1993,77700.0
Ukraine,UKR,"Air transport, passengers carried",IS.AIR.PSGR,1993,1278000.0
Upper middle income,UMC,"Air transport, passengers carried",IS.AIR.PSGR,1993,148635500.0
Uruguay,URY,"Air transport, passengers carried",IS.AIR.PSGR,1993,502900.0
United States,USA,"Air transport, passengers carried",IS.AIR.PSGR,1993,469926112.0
Uzbekistan,UZB,"Air transport, passengers carried",IS.AIR.PSGR,1993,2217300.0
"Venezuela, RB",VEN,"Air transport, passengers carried",IS.AIR.PSGR,1993,6813900.0
Viet Nam,VNM,"Air transport, passengers carried",IS.AIR.PSGR,1993,1200000.0
Vanuatu,VUT,"Air transport, passengers carried",IS.AIR.PSGR,1993,66700.0
World,WLD,"Air transport, passengers carried",IS.AIR.PSGR,1993,1142265216.0
"Yemen, Rep.",YEM,"Air transport, passengers carried",IS.AIR.PSGR,1993,847900.0
South Africa,ZAF,"Air transport, passengers carried",IS.AIR.PSGR,1993,5581500.0
Zambia,ZMB,"Air transport, passengers carried",IS.AIR.PSGR,1993,219000.0
Zimbabwe,ZWE,"Air transport, passengers carried",IS.AIR.PSGR,1993,594600.0
Africa Eastern and Southern,AFE,"Air transport, passengers carried",IS.AIR.PSGR,1996,13178400.0
Afghanistan,AFG,"Air transport, passengers carried",IS.AIR.PSGR,1996,255600.0
Africa Western and Central,AFW,"Air transport, passengers carried",IS.AIR.PSGR,1996,2855900.0
Angola,AGO,"Air transport, passengers carried",IS.AIR.PSGR,1996,585000.0
Albania,ALB,"Air transport, passengers carried",IS.AIR.PSGR,1996,29000.0
Arab World,ARB,"Air transport, passengers carried",IS.AIR.PSGR,1996,38024200.0
United Arab Emirates,ARE,"Air transport, passengers carried",IS.AIR.PSGR,1996,4063500.0
Argentina,ARG,"Air transport, passengers carried",IS.AIR.PSGR,1996,7913000.0
Armenia,ARM,"Air transport, passengers carried",IS.AIR.PSGR,1996,358100.0
Antigua and Barbuda,ATG,"Air transport, passengers carried",IS.AIR.PSGR,1996,1098000.0
Australia,AUS,"Air transport, passengers carried",IS.AIR.PSGR,1996,30075100.0
Austria,AUT,"Air transport, passengers carried",IS.AIR.PSGR,1996,4718600.0
Azerbaijan,AZE,"Air transport, passengers carried",IS.AIR.PSGR,1996,1232900.0
Burundi,BDI,"Air transport, passengers carried",IS.AIR.PSGR,1996,9400.0
Belgium,BEL,"Air transport, passengers carried",IS.AIR.PSGR,1996,5173600.0
Benin,BEN,"Air transport, passengers carried",IS.AIR.PSGR,1996,75100.0
Burkina Faso,BFA,"Air transport, passengers carried",IS.AIR.PSGR,1996,138400.0
Bangladesh,BGD,"Air transport, passengers carried",IS.AIR.PSGR,1996,1252000.0
Bulgaria,BGR,"Air transport, passengers carried",IS.AIR.PSGR,1996,718200.0
Bahrain,BHR,"Air transport, passengers carried",IS.AIR.PSGR,1996,1200300.0
"Bahamas, The",BHS,"Air transport, passengers carried",IS.AIR.PSGR,1996,977500.0
Belarus,BLR,"Air transport, passengers carried",IS.AIR.PSGR,1996,843000.0
Bolivia,BOL,"Air transport, passengers carried",IS.AIR.PSGR,1996,1783500.0
Brazil,BRA,"Air transport, passengers carried",IS.AIR.PSGR,1996,22011500.0
Brunei Darussalam,BRN,"Air transport, passengers carried",IS.AIR.PSGR,1996,856900.0
Bhutan,BTN,"Air transport, passengers carried",IS.AIR.PSGR,1996,35000.0
Botswana,BWA,"Air transport, passengers carried",IS.AIR.PSGR,1996,104000.0
Central African Republic,CAF,"Air transport, passengers carried",IS.AIR.PSGR,1996,75100.0
Canada,CAN,"Air transport, passengers carried",IS.AIR.PSGR,1996,22856000.0
Central Europe and the Baltics,CEB,"Air transport, passengers carried",IS.AIR.PSGR,1996,8216500.0
Switzerland,CHE,"Air transport, passengers carried",IS.AIR.PSGR,1996,10468300.0
Chile,CHL,"Air transport, passengers carried",IS.AIR.PSGR,1996,3621900.0
China,CHN,"Air transport, passengers carried",IS.AIR.PSGR,1996,51770100.0
Cote d'Ivoire,CIV,"Air transport, passengers carried",IS.AIR.PSGR,1996,178700.0
Cameroon,CMR,"Air transport, passengers carried",IS.AIR.PSGR,1996,361800.0
"Congo, Rep.",COG,"Air transport, passengers carried",IS.AIR.PSGR,1996,252900.0
Colombia,COL,"Air transport, passengers carried",IS.AIR.PSGR,1996,8342100.0
Comoros,COM,"Air transport, passengers carried",IS.AIR.PSGR,1996,27300.0
Cabo Verde,CPV,"Air transport, passengers carried",IS.AIR.PSGR,1996,129200.0
Costa Rica,CRI,"Air transport, passengers carried",IS.AIR.PSGR,1996,917900.0
Cuba,CUB,"Air transport, passengers carried",IS.AIR.PSGR,1996,928700.0
Cyprus,CYP,"Air transport, passengers carried",IS.AIR.PSGR,1996,1214100.0
Czechia,CZE,"Air transport, passengers carried",IS.AIR.PSGR,1996,1393600.0
Germany,DEU,"Air transport, passengers carried",IS.AIR.PSGR,1996,40118400.0
Denmark,DNK,"Air transport, passengers carried",IS.AIR.PSGR,1996,5892000.0
Dominican Republic,DOM,"Air transport, passengers carried",IS.AIR.PSGR,1996,29500.0
Algeria,DZA,"Air transport, passengers carried",IS.AIR.PSGR,1996,3494100.0
East Asia & Pacific (excluding high income),EAP,"Air transport, passengers carried",IS.AIR.PSGR,1996,110862300.0
Early-demographic dividend,EAR,"Air transport, passengers carried",IS.AIR.PSGR,1996,139817900.0
East Asia & Pacific,EAS,"Air transport, passengers carried",IS.AIR.PSGR,1996,292148204.0
Europe & Central Asia (excluding high income),ECA,"Air transport, passengers carried",IS.AIR.PSGR,1996,16447200.0
Europe & Central Asia,ECS,"Air transport, passengers carried",IS.AIR.PSGR,1996,339543200.0
Ecuador,ECU,"Air transport, passengers carried",IS.AIR.PSGR,1996,1925200.0
"Egypt, Arab Rep.",EGY,"Air transport, passengers carried",IS.AIR.PSGR,1996,4282400.0
Euro area,EMU,"Air transport, passengers carried",IS.AIR.PSGR,1996,191163800.0
Spain,ESP,"Air transport, passengers carried",IS.AIR.PSGR,1996,27759200.0
Estonia,EST,"Air transport, passengers carried",IS.AIR.PSGR,1996,149400.0
Ethiopia,ETH,"Air transport, passengers carried",IS.AIR.PSGR,1996,743000.0
European Union,EUU,"Air transport, passengers carried",IS.AIR.PSGR,1996,213329200.0
Fragile and conflict affected situations,FCS,"Air transport, passengers carried",IS.AIR.PSGR,1996,13385700.0
Finland,FIN,"Air transport, passengers carried",IS.AIR.PSGR,1996,5597500.0
Fiji,FJI,"Air transport, passengers carried",IS.AIR.PSGR,1996,479600.0
France,FRA,"Air transport, passengers carried",IS.AIR.PSGR,1996,41252600.0
Gabon,GAB,"Air transport, passengers carried",IS.AIR.PSGR,1996,431300.0
United Kingdom,GBR,"Air transport, passengers carried",IS.AIR.PSGR,1996,64208500.0
Georgia,GEO,"Air transport, passengers carried",IS.AIR.PSGR,1996,152400.0
Ghana,GHA,"Air transport, passengers carried",IS.AIR.PSGR,1996,197200.0
Guinea,GIN,"Air transport, passengers carried",IS.AIR.PSGR,1996,36300.0
Guinea-Bissau,GNB,"Air transport, passengers carried",IS.AIR.PSGR,1996,20500.0
Equatorial Guinea,GNQ,"Air transport, passengers carried",IS.AIR.PSGR,1996,14700.0
Greece,GRC,"Air transport, passengers carried",IS.AIR.PSGR,1996,6396000.0
Guatemala,GTM,"Air transport, passengers carried",IS.AIR.PSGR,1996,300000.0
Guyana,GUY,"Air transport, passengers carried",IS.AIR.PSGR,1996,126000.0
High income,HIC,"Air transport, passengers carried",IS.AIR.PSGR,1996,1133252604.0
Heavily indebted poor countries (HIPC),HPC,"Air transport, passengers carried",IS.AIR.PSGR,1996,6751600.0
Croatia,HRV,"Air transport, passengers carried",IS.AIR.PSGR,1996,727200.0
Hungary,HUN,"Air transport, passengers carried",IS.AIR.PSGR,1996,1563400.0
IBRD only,IBD,"Air transport, passengers carried",IS.AIR.PSGR,1996,268196600.0
IDA & IBRD total,IBT,"Air transport, passengers carried",IS.AIR.PSGR,1996,290119200.0
IDA total,IDA,"Air transport, passengers carried",IS.AIR.PSGR,1996,21922600.0
IDA blend,IDB,"Air transport, passengers carried",IS.AIR.PSGR,1996,10842500.0
Indonesia,IDN,"Air transport, passengers carried",IS.AIR.PSGR,1996,17138800.0
IDA only,IDX,"Air transport, passengers carried",IS.AIR.PSGR,1996,11080100.0
India,IND,"Air transport, passengers carried",IS.AIR.PSGR,1996,13394600.0
Ireland,IRL,"Air transport, passengers carried",IS.AIR.PSGR,1996,7676800.0
"Iran, Islamic Rep.",IRN,"Air transport, passengers carried",IS.AIR.PSGR,1996,7609600.0
Iceland,ISL,"Air transport, passengers carried",IS.AIR.PSGR,1996,1239100.0
Israel,ISR,"Air transport, passengers carried",IS.AIR.PSGR,1996,3694600.0
Italy,ITA,"Air transport, passengers carried",IS.AIR.PSGR,1996,25838500.0
Jamaica,JAM,"Air transport, passengers carried",IS.AIR.PSGR,1996,1388300.0
Jordan,JOR,"Air transport, passengers carried",IS.AIR.PSGR,1996,1299200.0
Japan,JPN,"Air transport, passengers carried",IS.AIR.PSGR,1996,95913504.0
Kazakhstan,KAZ,"Air transport, passengers carried",IS.AIR.PSGR,1996,568000.0
Kenya,KEN,"Air transport, passengers carried",IS.AIR.PSGR,1996,778600.0
Kyrgyz Republic,KGZ,"Air transport, passengers carried",IS.AIR.PSGR,1996,488200.0
Kiribati,KIR,"Air transport, passengers carried",IS.AIR.PSGR,1996,28400.0
"Korea, Rep.",KOR,"Air transport, passengers carried",IS.AIR.PSGR,1996,33002700.0
Kuwait,KWT,"Air transport, passengers carried",IS.AIR.PSGR,1996,2133400.0
Latin America & Caribbean (excluding high income),LAC,"Air transport, passengers carried",IS.AIR.PSGR,1996,64851400.0
Lao PDR,LAO,"Air transport, passengers carried",IS.AIR.PSGR,1996,124500.0
Lebanon,LBN,"Air transport, passengers carried",IS.AIR.PSGR,1996,774600.0
Libya,LBY,"Air transport, passengers carried",IS.AIR.PSGR,1996,638600.0
Latin America & Caribbean,LCN,"Air transport, passengers carried",IS.AIR.PSGR,1996,77252200.0
Least developed countries: UN classification,LDC,"Air transport, passengers carried",IS.AIR.PSGR,1996,7578500.0
Low income,LIC,"Air transport, passengers carried",IS.AIR.PSGR,1996,4464600.0
Sri Lanka,LKA,"Air transport, passengers carried",IS.AIR.PSGR,1996,1170700.0
Lower middle income,LMC,"Air transport, passengers carried",IS.AIR.PSGR,1996,51964500.0
Low & middle income,LMY,"Air transport, passengers carried",IS.AIR.PSGR,1996,253223700.0
Lesotho,LSO,"Air transport, passengers carried",IS.AIR.PSGR,1996,17100.0
Late-demographic dividend,LTE,"Air transport, passengers carried",IS.AIR.PSGR,1996,178597200.0
Lithuania,LTU,"Air transport, passengers carried",IS.AIR.PSGR,1996,214000.0
Luxembourg,LUX,"Air transport, passengers carried",IS.AIR.PSGR,1996,639100.0
Latvia,LVA,"Air transport, passengers carried",IS.AIR.PSGR,1996,275900.0
Morocco,MAR,"Air transport, passengers carried",IS.AIR.PSGR,1996,2301200.0
Monaco,MCO,"Air transport, passengers carried",IS.AIR.PSGR,1996,44000.0
Moldova,MDA,"Air transport, passengers carried",IS.AIR.PSGR,1996,190000.0
Madagascar,MDG,"Air transport, passengers carried",IS.AIR.PSGR,1996,542100.0
Maldives,MDV,"Air transport, passengers carried",IS.AIR.PSGR,1996,206900.0
Middle East & North Africa,MEA,"Air transport, passengers carried",IS.AIR.PSGR,1996,49613000.0
Mexico,MEX,"Air transport, passengers carried",IS.AIR.PSGR,1996,14677700.0
Marshall Islands,MHL,"Air transport, passengers carried",IS.AIR.PSGR,1996,41300.0
Middle income,MIC,"Air transport, passengers carried",IS.AIR.PSGR,1996,248759100.0
North Macedonia,MKD,"Air transport, passengers carried",IS.AIR.PSGR,1996,287300.0
Mali,MLI,"Air transport, passengers carried",IS.AIR.PSGR,1996,75100.0
Malta,MLT,"Air transport, passengers carried",IS.AIR.PSGR,1996,1037500.0
Myanmar,MMR,"Air transport, passengers carried",IS.AIR.PSGR,1996,334500.0
Middle East & North Africa (excluding high income),MNA,"Air transport, passengers carried",IS.AIR.PSGR,1996,22956900.0
Mongolia,MNG,"Air transport, passengers carried",IS.AIR.PSGR,1996,661500.0
Mozambique,MOZ,"Air transport, passengers carried",IS.AIR.PSGR,1996,163400.0
Mauritania,MRT,"Air transport, passengers carried",IS.AIR.PSGR,1996,234800.0
Mauritius,MUS,"Air transport, passengers carried",IS.AIR.PSGR,1996,716900.0
Malawi,MWI,"Air transport, passengers carried",IS.AIR.PSGR,1996,152500.0
Malaysia,MYS,"Air transport, passengers carried",IS.AIR.PSGR,1996,15117600.0
North America,NAC,"Air transport, passengers carried",IS.AIR.PSGR,1996,593928000.0
Namibia,NAM,"Air transport, passengers carried",IS.AIR.PSGR,1996,236800.0
Niger,NER,"Air transport, passengers carried",IS.AIR.PSGR,1996,75100.0
Nigeria,NGA,"Air transport, passengers carried",IS.AIR.PSGR,1996,221200.0
Nicaragua,NIC,"Air transport, passengers carried",IS.AIR.PSGR,1996,51300.0
Netherlands,NLD,"Air transport, passengers carried",IS.AIR.PSGR,1996,17114300.0
Norway,NOR,"Air transport, passengers carried",IS.AIR.PSGR,1996,12727300.0
Nepal,NPL,"Air transport, passengers carried",IS.AIR.PSGR,1996,755000.0
New Zealand,NZL,"Air transport, passengers carried",IS.AIR.PSGR,1996,9597000.0
OECD members,OED,"Air transport, passengers carried",IS.AIR.PSGR,1996,1099596504.0
Oman,OMN,"Air transport, passengers carried",IS.AIR.PSGR,1996,1620200.0
Other small states,OSS,"Air transport, passengers carried",IS.AIR.PSGR,1996,7263100.0
Pakistan,PAK,"Air transport, passengers carried",IS.AIR.PSGR,1996,5375000.0
Panama,PAN,"Air transport, passengers carried",IS.AIR.PSGR,1996,688800.0
Peru,PER,"Air transport, passengers carried",IS.AIR.PSGR,1996,2327500.0
Philippines,PHL,"Air transport, passengers carried",IS.AIR.PSGR,1996,7263100.0
Papua New Guinea,PNG,"Air transport, passengers carried",IS.AIR.PSGR,1996,970000.0
Poland,POL,"Air transport, passengers carried",IS.AIR.PSGR,1996,1805900.0
Pre-demographic dividend,PRE,"Air transport, passengers carried",IS.AIR.PSGR,1996,5427100.0
"Korea, Dem. People's Rep.",PRK,"Air transport, passengers carried",IS.AIR.PSGR,1996,254000.0
Portugal,PRT,"Air transport, passengers carried",IS.AIR.PSGR,1996,4805500.0
Paraguay,PRY,"Air transport, passengers carried",IS.AIR.PSGR,1996,260500.0
Pacific island small states,PSS,"Air transport, passengers carried",IS.AIR.PSGR,1996,1042400.0
Post-demographic dividend,PST,"Air transport, passengers carried",IS.AIR.PSGR,1996,1067013204.0
Qatar,QAT,"Air transport, passengers carried",IS.AIR.PSGR,1996,1200300.0
Romania,ROU,"Air transport, passengers carried",IS.AIR.PSGR,1996,913300.0
Russian Federation,RUS,"Air transport, passengers carried",IS.AIR.PSGR,1996,22117100.0
South Asia,SAS,"Air transport, passengers carried",IS.AIR.PSGR,1996,22444800.0
Saudi Arabia,SAU,"Air transport, passengers carried",IS.AIR.PSGR,1996,11706300.0
Sudan,SDN,"Air transport, passengers carried",IS.AIR.PSGR,1996,490800.0
Senegal,SEN,"Air transport, passengers carried",IS.AIR.PSGR,1996,155100.0
Singapore,SGP,"Air transport, passengers carried",IS.AIR.PSGR,1996,11840700.0
Solomon Islands,SLB,"Air transport, passengers carried",IS.AIR.PSGR,1996,94300.0
Sierra Leone,SLE,"Air transport, passengers carried",IS.AIR.PSGR,1996,15200.0
El Salvador,SLV,"Air transport, passengers carried",IS.AIR.PSGR,1996,1800000.0
Sub-Saharan Africa (excluding high income),SSA,"Air transport, passengers carried",IS.AIR.PSGR,1996,15661100.0
Sub-Saharan Africa,SSF,"Air transport, passengers carried",IS.AIR.PSGR,1996,16034300.0
Small states,SST,"Air transport, passengers carried",IS.AIR.PSGR,1996,10701700.0
Sao Tome and Principe,STP,"Air transport, passengers carried",IS.AIR.PSGR,1996,23000.0
Suriname,SUR,"Air transport, passengers carried",IS.AIR.PSGR,1996,194700.0
Slovak Republic,SVK,"Air transport, passengers carried",IS.AIR.PSGR,1996,62600.0
Slovenia,SVN,"Air transport, passengers carried",IS.AIR.PSGR,1996,393000.0
Sweden,SWE,"Air transport, passengers carried",IS.AIR.PSGR,1996,9879000.0
Eswatini,SWZ,"Air transport, passengers carried",IS.AIR.PSGR,1996,54300.0
Seychelles,SYC,"Air transport, passengers carried",IS.AIR.PSGR,1996,373200.0
Syrian Arab Republic,SYR,"Air transport, passengers carried",IS.AIR.PSGR,1996,598500.0
Chad,TCD,"Air transport, passengers carried",IS.AIR.PSGR,1996,93100.0
East Asia & Pacific (IDA & IBRD countries),TEA,"Air transport, passengers carried",IS.AIR.PSGR,1996,110608300.0
Europe & Central Asia (IDA & IBRD countries),TEC,"Air transport, passengers carried",IS.AIR.PSGR,1996,42728900.0
Togo,TGO,"Air transport, passengers carried",IS.AIR.PSGR,1996,75100.0
Thailand,THA,"Air transport, passengers carried",IS.AIR.PSGR,1996,14078300.0
Tajikistan,TJK,"Air transport, passengers carried",IS.AIR.PSGR,1996,594000.0
Turkmenistan,TKM,"Air transport, passengers carried",IS.AIR.PSGR,1996,523000.0
Latin America & the Caribbean (IDA & IBRD countries),TLA,"Air transport, passengers carried",IS.AIR.PSGR,1996,75346000.0
Middle East & North Africa (IDA & IBRD countries),TMN,"Air transport, passengers carried",IS.AIR.PSGR,1996,22956900.0
Tonga,TON,"Air transport, passengers carried",IS.AIR.PSGR,1996,56000.0
South Asia (IDA & IBRD),TSA,"Air transport, passengers carried",IS.AIR.PSGR,1996,22444800.0
Sub-Saharan Africa (IDA & IBRD countries),TSS,"Air transport, passengers carried",IS.AIR.PSGR,1996,16034300.0
Trinidad and Tobago,TTO,"Air transport, passengers carried",IS.AIR.PSGR,1996,897200.0
Tunisia,TUN,"Air transport, passengers carried",IS.AIR.PSGR,1996,1371200.0
Turkiye,TUR,"Air transport, passengers carried",IS.AIR.PSGR,1996,8463900.0
Tanzania,TZA,"Air transport, passengers carried",IS.AIR.PSGR,1996,224000.0
Uganda,UGA,"Air transport, passengers carried",IS.AIR.PSGR,1996,100200.0
Ukraine,UKR,"Air transport, passengers carried",IS.AIR.PSGR,1996,1151200.0
Upper middle income,UMC,"Air transport, passengers carried",IS.AIR.PSGR,1996,196794600.0
Uruguay,URY,"Air transport, passengers carried",IS.AIR.PSGR,1996,504000.0
United States,USA,"Air transport, passengers carried",IS.AIR.PSGR,1996,571072000.0
Uzbekistan,UZB,"Air transport, passengers carried",IS.AIR.PSGR,1996,1566200.0
"Venezuela, RB",VEN,"Air transport, passengers carried",IS.AIR.PSGR,1996,4487400.0
Viet Nam,VNM,"Air transport, passengers carried",IS.AIR.PSGR,1996,2107500.0
Vanuatu,VUT,"Air transport, passengers carried",IS.AIR.PSGR,1996,72800.0
World,WLD,"Air transport, passengers carried",IS.AIR.PSGR,1996,1390963704.0
Samoa,WSM,"Air transport, passengers carried",IS.AIR.PSGR,1996,270000.0
"Yemen, Rep.",YEM,"Air transport, passengers carried",IS.AIR.PSGR,1996,587500.0
South Africa,ZAF,"Air transport, passengers carried",IS.AIR.PSGR,1996,7183100.0
Zimbabwe,ZWE,"Air transport, passengers carried",IS.AIR.PSGR,1996,653700.0
Africa Eastern and Southern,AFE,"Air transport, passengers carried",IS.AIR.PSGR,2014,36350758.945447475
Afghanistan,AFG,"Air transport, passengers carried",IS.AIR.PSGR,2014,2209428.0
Africa Western and Central,AFW,"Air transport, passengers carried",IS.AIR.PSGR,2014,8030237.1696505565
Angola,AGO,"Air transport, passengers carried",IS.AIR.PSGR,2014,1409952.0
Albania,ALB,"Air transport, passengers carried",IS.AIR.PSGR,2014,151632.0
Arab World,ARB,"Air transport, passengers carried",IS.AIR.PSGR,2014,181627311.07690638
United Arab Emirates,ARE,"Air transport, passengers carried",IS.AIR.PSGR,2014,75608196.0
Argentina,ARG,"Air transport, passengers carried",IS.AIR.PSGR,2014,12121912.818
Armenia,ARM,"Air transport, passengers carried",IS.AIR.PSGR,2014,0.0
American Samoa,ASM,"Air transport, passengers carried",IS.AIR.PSGR,2014,76944.0
Antigua and Barbuda,ATG,"Air transport, passengers carried",IS.AIR.PSGR,2014,1216152.0
Australia,AUS,"Air transport, passengers carried",IS.AIR.PSGR,2014,68123237.6693167
Austria,AUT,"Air transport, passengers carried",IS.AIR.PSGR,2014,15210489.0
Azerbaijan,AZE,"Air transport, passengers carried",IS.AIR.PSGR,2014,1770192.0
Belgium,BEL,"Air transport, passengers carried",IS.AIR.PSGR,2014,10535219.0
Benin,BEN,"Air transport, passengers carried",IS.AIR.PSGR,2014,60264.0
Burkina Faso,BFA,"Air transport, passengers carried",IS.AIR.PSGR,2014,117420.0
Bangladesh,BGD,"Air transport, passengers carried",IS.AIR.PSGR,2014,3051914.73321389
Bulgaria,BGR,"Air transport, passengers carried",IS.AIR.PSGR,2014,1060147.0
Bahrain,BHR,"Air transport, passengers carried",IS.AIR.PSGR,2014,5171496.0
"Bahamas, The",BHS,"Air transport, passengers carried",IS.AIR.PSGR,2014,991463.328879806
Bosnia and Herzegovina,BIH,"Air transport, passengers carried",IS.AIR.PSGR,2014,36636.0
Belarus,BLR,"Air transport, passengers carried",IS.AIR.PSGR,2014,1317732.0
Belize,BLZ,"Air transport, passengers carried",IS.AIR.PSGR,2014,877765.0
Bolivia,BOL,"Air transport, passengers carried",IS.AIR.PSGR,2014,3563043.5828127
Brazil,BRA,"Air transport, passengers carried",IS.AIR.PSGR,2014,100403628.0
Brunei Darussalam,BRN,"Air transport, passengers carried",IS.AIR.PSGR,2014,1061148.0
Bhutan,BTN,"Air transport, passengers carried",IS.AIR.PSGR,2014,302160.0
Botswana,BWA,"Air transport, passengers carried",IS.AIR.PSGR,2014,205992.0
Canada,CAN,"Air transport, passengers carried",IS.AIR.PSGR,2014,75528607.0
Central Europe and the Baltics,CEB,"Air transport, passengers carried",IS.AIR.PSGR,2014,37875158.18318209
Switzerland,CHE,"Air transport, passengers carried",IS.AIR.PSGR,2014,27923164.0
Chile,CHL,"Air transport, passengers carried",IS.AIR.PSGR,2014,14347893.0
China,CHN,"Air transport, passengers carried",IS.AIR.PSGR,2014,390878784.0
Cote d'Ivoire,CIV,"Air transport, passengers carried",IS.AIR.PSGR,2014,237120.0
Cameroon,CMR,"Air transport, passengers carried",IS.AIR.PSGR,2014,275760.0
"Congo, Dem. Rep.",COD,"Air transport, passengers carried",IS.AIR.PSGR,2014,456228.0
"Congo, Rep.",COG,"Air transport, passengers carried",IS.AIR.PSGR,2014,553944.0
Colombia,COL,"Air transport, passengers carried",IS.AIR.PSGR,2014,28675159.0
Cabo Verde,CPV,"Air transport, passengers carried",IS.AIR.PSGR,2014,590304.0
Costa Rica,CRI,"Air transport, passengers carried",IS.AIR.PSGR,2014,1427414.0
Caribbean small states,CSS,"Air transport, passengers carried",IS.AIR.PSGR,2014,3354528.328879806
Cuba,CUB,"Air transport, passengers carried",IS.AIR.PSGR,2014,1135200.0
Cyprus,CYP,"Air transport, passengers carried",IS.AIR.PSGR,2014,688368.0
Czechia,CZE,"Air transport, passengers carried",IS.AIR.PSGR,2014,5009995.0
Germany,DEU,"Air transport, passengers carried",IS.AIR.PSGR,2014,112353098.59355
Dominican Republic,DOM,"Air transport, passengers carried",IS.AIR.PSGR,2014,16128.0
Algeria,DZA,"Air transport, passengers carried",IS.AIR.PSGR,2014,5021288.96334419
East Asia & Pacific (excluding high income),EAP,"Air transport, passengers carried",IS.AIR.PSGR,2014,640165915.1412457
Early-demographic dividend,EAR,"Air transport, passengers carried",IS.AIR.PSGR,2014,518240248.9258752
East Asia & Pacific,EAS,"Air transport, passengers carried",IS.AIR.PSGR,2014,965572758.2263827
Europe & Central Asia (excluding high income),ECA,"Air transport, passengers carried",IS.AIR.PSGR,2014,105754634.00798728
Europe & Central Asia,ECS,"Air transport, passengers carried",IS.AIR.PSGR,2014,880915331.6165069
Ecuador,ECU,"Air transport, passengers carried",IS.AIR.PSGR,2014,5675088.0
"Egypt, Arab Rep.",EGY,"Air transport, passengers carried",IS.AIR.PSGR,2014,10278013.1135622
Euro area,EMU,"Air transport, passengers carried",IS.AIR.PSGR,2014,460185935.95074874
Spain,ESP,"Air transport, passengers carried",IS.AIR.PSGR,2014,53069339.0
Estonia,EST,"Air transport, passengers carried",IS.AIR.PSGR,2014,602880.0
Ethiopia,ETH,"Air transport, passengers carried",IS.AIR.PSGR,2014,6274582.0
European Union,EUU,"Air transport, passengers carried",IS.AIR.PSGR,2014,548633990.776732
Fragile and conflict affected situations,FCS,"Air transport, passengers carried",IS.AIR.PSGR,2014,40338413.27323723
Finland,FIN,"Air transport, passengers carried",IS.AIR.PSGR,2014,10992792.0
Fiji,FJI,"Air transport, passengers carried",IS.AIR.PSGR,2014,1243824.0
France,FRA,"Air transport, passengers carried",IS.AIR.PSGR,2014,63434263.0
United Kingdom,GBR,"Air transport, passengers carried",IS.AIR.PSGR,2014,124901676.052681
Georgia,GEO,"Air transport, passengers carried",IS.AIR.PSGR,2014,196589.0
Ghana,GHA,"Air transport, passengers carried",IS.AIR.PSGR,2014,407544.0
"Gambia, The",GMB,"Air transport, passengers carried",IS.AIR.PSGR,2014,151776.0
Equatorial Guinea,GNQ,"Air transport, passengers carried",IS.AIR.PSGR,2014,303024.0
Greece,GRC,"Air transport, passengers carried",IS.AIR.PSGR,2014,11152236.0
Guatemala,GTM,"Air transport, passengers carried",IS.AIR.PSGR,2014,69768.0
Guyana,GUY,"Air transport, passengers carried",IS.AIR.PSGR,2014,0.0
High income,HIC,"Air transport, passengers carried",IS.AIR.PSGR,2014,2120845506.8609278
"Hong Kong SAR, China",HKG,"Air transport, passengers carried",IS.AIR.PSGR,2014,37933773.0
Honduras,HND,"Air transport, passengers carried",IS.AIR.PSGR,2014,239124.0
Heavily indebted poor countries (HIPC),HPC,"Air transport, passengers carried",IS.AIR.PSGR,2014,19361000.320880286
Croatia,HRV,"Air transport, passengers carried",IS.AIR.PSGR,2014,1756070.0
Hungary,HUN,"Air transport, passengers carried",IS.AIR.PSGR,2014,16482060.0
IBRD only,IBD,"Air transport, passengers carried",IS.AIR.PSGR,2014,1218054843.4169545
IDA & IBRD total,IBT,"Air transport, passengers carried",IS.AIR.PSGR,2014,1276673084.4043415
IDA total,IDA,"Air transport, passengers carried",IS.AIR.PSGR,2014,58618240.98738683
IDA blend,IDB,"Air transport, passengers carried",IS.AIR.PSGR,2014,25043692.343339533
Indonesia,IDN,"Air transport, passengers carried",IS.AIR.PSGR,2014,85215879.5097387
IDA only,IDX,"Air transport, passengers carried",IS.AIR.PSGR,2014,33574548.644047305
India,IND,"Air transport, passengers carried",IS.AIR.PSGR,2014,82718882.88
Ireland,IRL,"Air transport, passengers carried",IS.AIR.PSGR,2014,98449140.0
"Iran, Islamic Rep.",IRN,"Air transport, passengers carried",IS.AIR.PSGR,2014,16825260.8301325
Iraq,IRQ,"Air transport, passengers carried",IS.AIR.PSGR,2014,476484.0
Iceland,ISL,"Air transport, passengers carried",IS.AIR.PSGR,2014,3035882.7791066
Israel,ISR,"Air transport, passengers carried",IS.AIR.PSGR,2014,5886728.0
Italy,ITA,"Air transport, passengers carried",IS.AIR.PSGR,2014,27193939.0
Jamaica,JAM,"Air transport, passengers carried",IS.AIR.PSGR,2014,76244.0
Jordan,JOR,"Air transport, passengers carried",IS.AIR.PSGR,2014,3211795.0
Japan,JPN,"Air transport, passengers carried",IS.AIR.PSGR,2014,110547000.0
Kazakhstan,KAZ,"Air transport, passengers carried",IS.AIR.PSGR,2014,4918608.0
Kenya,KEN,"Air transport, passengers carried",IS.AIR.PSGR,2014,4448530.52817802
Kyrgyz Republic,KGZ,"Air transport, passengers carried",IS.AIR.PSGR,2014,712284.0
Cambodia,KHM,"Air transport, passengers carried",IS.AIR.PSGR,2014,1071179.0
"Korea, Rep.",KOR,"Air transport, passengers carried",IS.AIR.PSGR,2014,58289180.0
Kuwait,KWT,"Air transport, passengers carried",IS.AIR.PSGR,2014,3530851.0
Latin America & Caribbean (excluding high income),LAC,"Air transport, passengers carried",IS.AIR.PSGR,2014,209830189.4008127
Lao PDR,LAO,"Air transport, passengers carried",IS.AIR.PSGR,2014,1310124.0
Lebanon,LBN,"Air transport, passengers carried",IS.AIR.PSGR,2014,2419476.0
Libya,LBY,"Air transport, passengers carried",IS.AIR.PSGR,2014,2391856.0
Latin America & Caribbean,LCN,"Air transport, passengers carried",IS.AIR.PSGR,2014,248819232.967444
Least developed countries: UN classification,LDC,"Air transport, passengers carried",IS.AIR.PSGR,2014,25368159.471281476
Low income,LIC,"Air transport, passengers carried",IS.AIR.PSGR,2014,14719339.159067588
Sri Lanka,LKA,"Air transport, passengers carried",IS.AIR.PSGR,2014,4756131.0
Lower middle income,LMC,"Air transport, passengers carried",IS.AIR.PSGR,2014,214772855.7069156
Low & middle income,LMY,"Air transport, passengers carried",IS.AIR.PSGR,2014,1156346540.2156065
Late-demographic dividend,LTE,"Air transport, passengers carried",IS.AIR.PSGR,2014,985686600.9226754
Lithuania,LTU,"Air transport, passengers carried",IS.AIR.PSGR,2014,1274911.0
Luxembourg,LUX,"Air transport, passengers carried",IS.AIR.PSGR,2014,1710624.0
Latvia,LVA,"Air transport, passengers carried",IS.AIR.PSGR,2014,2636612.75889877
"Macao SAR, China",MAC,"Air transport, passengers carried",IS.AIR.PSGR,2014,2078758.0
Morocco,MAR,"Air transport, passengers carried",IS.AIR.PSGR,2014,6976810.0
Monaco,MCO,"Air transport, passengers carried",IS.AIR.PSGR,2014,64188.0
Moldova,MDA,"Air transport, passengers carried",IS.AIR.PSGR,2014,692496.0
Madagascar,MDG,"Air transport, passengers carried",IS.AIR.PSGR,2014,520421.0
Maldives,MDV,"Air transport, passengers carried",IS.AIR.PSGR,2014,1024693.84477856
Middle East & North Africa,MEA,"Air transport, passengers carried",IS.AIR.PSGR,2014,204902736.90703887
Mexico,MEX,"Air transport, passengers carried",IS.AIR.PSGR,2014,39570522.0
Middle income,MIC,"Air transport, passengers carried",IS.AIR.PSGR,2014,1141627201.0565388
Mali,MLI,"Air transport, passengers carried",IS.AIR.PSGR,2014,0.0
Malta,MLT,"Air transport, passengers carried",IS.AIR.PSGR,2014,1588165.0
Myanmar,MMR,"Air transport, passengers carried",IS.AIR.PSGR,2014,1926969.0
Middle East & North Africa (excluding high income),MNA,"Air transport, passengers carried",IS.AIR.PSGR,2014,54370978.90703889
Montenegro,MNE,"Air transport, passengers carried",IS.AIR.PSGR,2014,503040.0
Mongolia,MNG,"Air transport, passengers carried",IS.AIR.PSGR,2014,683254.0
Mozambique,MOZ,"Air transport, passengers carried",IS.AIR.PSGR,2014,739636.744147151
Mauritania,MRT,"Air transport, passengers carried",IS.AIR.PSGR,2014,271212.0
Mauritius,MUS,"Air transport, passengers carried",IS.AIR.PSGR,2014,1354388.0
Malawi,MWI,"Air transport, passengers carried",IS.AIR.PSGR,2014,5856.0
Malaysia,MYS,"Air transport, passengers carried",IS.AIR.PSGR,2014,49673884.0
North America,NAC,"Air transport, passengers carried",IS.AIR.PSGR,2014,838238607.0
Namibia,NAM,"Air transport, passengers carried",IS.AIR.PSGR,2014,522216.0
Niger,NER,"Air transport, passengers carried",IS.AIR.PSGR,2014,13227.5
Nigeria,NGA,"Air transport, passengers carried",IS.AIR.PSGR,2014,4462001.62973012
Netherlands,NLD,"Air transport, passengers carried",IS.AIR.PSGR,2014,33956338.0
Nepal,NPL,"Air transport, passengers carried",IS.AIR.PSGR,2014,517548.0
Nauru,NRU,"Air transport, passengers carried",IS.AIR.PSGR,2014,34572.0
New Zealand,NZL,"Air transport, passengers carried",IS.AIR.PSGR,2014,13618711.9990383
OECD members,OED,"Air transport, passengers carried",IS.AIR.PSGR,2014,1959633535.8768747
Oman,OMN,"Air transport, passengers carried",IS.AIR.PSGR,2014,5051804.0
Other small states,OSS,"Air transport, passengers carried",IS.AIR.PSGR,2014,16329805.62388516
Pakistan,PAK,"Air transport, passengers carried",IS.AIR.PSGR,2014,7670348.18543139
Panama,PAN,"Air transport, passengers carried",IS.AIR.PSGR,2014,11812712.8383915
Peru,PER,"Air transport, passengers carried",IS.AIR.PSGR,2014,12284677.0
Philippines,PHL,"Air transport, passengers carried",IS.AIR.PSGR,2014,34897404.0
Papua New Guinea,PNG,"Air transport, passengers carried",IS.AIR.PSGR,2014,2074020.0
Poland,POL,"Air transport, passengers carried",IS.AIR.PSGR,2014,5038745.42598332
Pre-demographic dividend,PRE,"Air transport, passengers carried",IS.AIR.PSGR,2014,19349770.895975728
"Korea, Dem. People's Rep.",PRK,"Air transport, passengers carried",IS.AIR.PSGR,2014,90335.875
Portugal,PRT,"Air transport, passengers carried",IS.AIR.PSGR,2014,12635439.0
Paraguay,PRY,"Air transport, passengers carried",IS.AIR.PSGR,2014,608844.0
Pacific island small states,PSS,"Air transport, passengers carried",IS.AIR.PSGR,2014,2006028.0
Post-demographic dividend,PST,"Air transport, passengers carried",IS.AIR.PSGR,2014,1761628444.7313678
Qatar,QAT,"Air transport, passengers carried",IS.AIR.PSGR,2014,21425066.0
Romania,ROU,"Air transport, passengers carried",IS.AIR.PSGR,2014,3067724.4
Russian Federation,RUS,"Air transport, passengers carried",IS.AIR.PSGR,2014,72189961.0
Rwanda,RWA,"Air transport, passengers carried",IS.AIR.PSGR,2014,626928.0
South Asia,SAS,"Air transport, passengers carried",IS.AIR.PSGR,2014,102251106.64342383
Saudi Arabia,SAU,"Air transport, passengers carried",IS.AIR.PSGR,2014,32269452.0
Sudan,SDN,"Air transport, passengers carried",IS.AIR.PSGR,2014,501864.0
Senegal,SEN,"Air transport, passengers carried",IS.AIR.PSGR,2014,131964.0
Singapore,SGP,"Air transport, passengers carried",IS.AIR.PSGR,2014,33643518.416782
Solomon Islands,SLB,"Air transport, passengers carried",IS.AIR.PSGR,2014,330456.0
El Salvador,SLV,"Air transport, passengers carried",IS.AIR.PSGR,2014,2816524.0
Somalia,SOM,"Air transport, passengers carried",IS.AIR.PSGR,2014,251652.0
Serbia,SRB,"Air transport, passengers carried",IS.AIR.PSGR,2014,2187144.0
Sub-Saharan Africa (excluding high income),SSA,"Air transport, passengers carried",IS.AIR.PSGR,2014,43973716.11509803
Sub-Saharan Africa,SSF,"Air transport, passengers carried",IS.AIR.PSGR,2014,44380996.11509803
Small states,SST,"Air transport, passengers carried",IS.AIR.PSGR,2014,21690361.952764966
Suriname,SUR,"Air transport, passengers carried",IS.AIR.PSGR,2014,269148.0
Slovak Republic,SVK,"Air transport, passengers carried",IS.AIR.PSGR,2014,29031.5983
Slovenia,SVN,"Air transport, passengers carried",IS.AIR.PSGR,2014,916981.0
Sweden,SWE,"Air transport, passengers carried",IS.AIR.PSGR,2014,57789383.0
Seychelles,SYC,"Air transport, passengers carried",IS.AIR.PSGR,2014,407280.0
Syrian Arab Republic,SYR,"Air transport, passengers carried",IS.AIR.PSGR,2014,475932.0
Chad,TCD,"Air transport, passengers carried",IS.AIR.PSGR,2014,28332.0
East Asia & Pacific (IDA & IBRD countries),TEA,"Air transport, passengers carried",IS.AIR.PSGR,2014,640110151.2662457
Europe & Central Asia (IDA & IBRD countries),TEC,"Air transport, passengers carried",IS.AIR.PSGR,2014,188867281.8339706
Togo,TGO,"Air transport, passengers carried",IS.AIR.PSGR,2014,426344.039920436
Thailand,THA,"Air transport, passengers carried",IS.AIR.PSGR,2014,46546612.484507
Tajikistan,TJK,"Air transport, passengers carried",IS.AIR.PSGR,2014,1064176.32798727
Turkmenistan,TKM,"Air transport, passengers carried",IS.AIR.PSGR,2014,579715.68
Latin America & the Caribbean (IDA & IBRD countries),TLA,"Air transport, passengers carried",IS.AIR.PSGR,2014,246692569.63856417
Middle East & North Africa (IDA & IBRD countries),TMN,"Air transport, passengers carried",IS.AIR.PSGR,2014,54370978.90703889
South Asia (IDA & IBRD),TSA,"Air transport, passengers carried",IS.AIR.PSGR,2014,102251106.64342383
Sub-Saharan Africa (IDA & IBRD countries),TSS,"Air transport, passengers carried",IS.AIR.PSGR,2014,44380996.11509803
Trinidad and Tobago,TTO,"Air transport, passengers carried",IS.AIR.PSGR,2014,2732100.0
Tunisia,TUN,"Air transport, passengers carried",IS.AIR.PSGR,2014,4628511.0
Turkiye,TUR,"Air transport, passengers carried",IS.AIR.PSGR,2014,84574844.0
Tanzania,TZA,"Air transport, passengers carried",IS.AIR.PSGR,2014,1124913.454
Uganda,UGA,"Air transport, passengers carried",IS.AIR.PSGR,2014,163824.0
Ukraine,UKR,"Air transport, passengers carried",IS.AIR.PSGR,2014,4503610.0
Upper middle income,UMC,"Air transport, passengers carried",IS.AIR.PSGR,2014,926854345.3496232
United States,USA,"Air transport, passengers carried",IS.AIR.PSGR,2014,762710000.0
Uzbekistan,UZB,"Air transport, passengers carried",IS.AIR.PSGR,2014,2545935.0
"Venezuela, RB",VEN,"Air transport, passengers carried",IS.AIR.PSGR,2014,7888722.39935996
Viet Nam,VNM,"Air transport, passengers carried",IS.AIR.PSGR,2014,23826013.272
Vanuatu,VUT,"Air transport, passengers carried",IS.AIR.PSGR,2014,320232.0
World,WLD,"Air transport, passengers carried",IS.AIR.PSGR,2014,3285080769.475894
Samoa,WSM,"Air transport, passengers carried",IS.AIR.PSGR,2014,76944.0
"Yemen, Rep.",YEM,"Air transport, passengers carried",IS.AIR.PSGR,2014,1665552.0
South Africa,ZAF,"Air transport, passengers carried",IS.AIR.PSGR,2014,17026643.2191223
Zambia,ZMB,"Air transport, passengers carried",IS.AIR.PSGR,2014,8592.0
Zimbabwe,ZWE,"Air transport, passengers carried",IS.AIR.PSGR,2014,301260.0
Africa Eastern and Southern,AFE,"Air transport, passengers carried",IS.AIR.PSGR,1995,12153400.0
Afghanistan,AFG,"Air transport, passengers carried",IS.AIR.PSGR,1995,250400.0
Africa Western and Central,AFW,"Air transport, passengers carried",IS.AIR.PSGR,1995,3215200.0
Angola,AGO,"Air transport, passengers carried",IS.AIR.PSGR,1995,552500.0
Albania,ALB,"Air transport, passengers carried",IS.AIR.PSGR,1995,13000.0
Arab World,ARB,"Air transport, passengers carried",IS.AIR.PSGR,1995,35918200.0
United Arab Emirates,ARE,"Air transport, passengers carried",IS.AIR.PSGR,1995,3550500.0
Argentina,ARG,"Air transport, passengers carried",IS.AIR.PSGR,1995,6641700.0
Antigua and Barbuda,ATG,"Air transport, passengers carried",IS.AIR.PSGR,1995,1050000.0
Australia,AUS,"Air transport, passengers carried",IS.AIR.PSGR,1995,28831400.0
Austria,AUT,"Air transport, passengers carried",IS.AIR.PSGR,1995,4265400.0
Azerbaijan,AZE,"Air transport, passengers carried",IS.AIR.PSGR,1995,1156000.0
Burundi,BDI,"Air transport, passengers carried",IS.AIR.PSGR,1995,9400.0
Belgium,BEL,"Air transport, passengers carried",IS.AIR.PSGR,1995,5000900.0
Benin,BEN,"Air transport, passengers carried",IS.AIR.PSGR,1995,74100.0
Burkina Faso,BFA,"Air transport, passengers carried",IS.AIR.PSGR,1995,137500.0
Bangladesh,BGD,"Air transport, passengers carried",IS.AIR.PSGR,1995,1261400.0
Bulgaria,BGR,"Air transport, passengers carried",IS.AIR.PSGR,1995,862700.0
Bahrain,BHR,"Air transport, passengers carried",IS.AIR.PSGR,1995,1072500.0
"Bahamas, The",BHS,"Air transport, passengers carried",IS.AIR.PSGR,1995,936900.0
Belarus,BLR,"Air transport, passengers carried",IS.AIR.PSGR,1995,804900.0
Bolivia,BOL,"Air transport, passengers carried",IS.AIR.PSGR,1995,1223700.0
Brazil,BRA,"Air transport, passengers carried",IS.AIR.PSGR,1995,20196100.0
Brunei Darussalam,BRN,"Air transport, passengers carried",IS.AIR.PSGR,1995,916200.0
Bhutan,BTN,"Air transport, passengers carried",IS.AIR.PSGR,1995,29700.0
Botswana,BWA,"Air transport, passengers carried",IS.AIR.PSGR,1995,99900.0
Central African Republic,CAF,"Air transport, passengers carried",IS.AIR.PSGR,1995,74100.0
Canada,CAN,"Air transport, passengers carried",IS.AIR.PSGR,1995,20291100.0
Central Europe and the Baltics,CEB,"Air transport, passengers carried",IS.AIR.PSGR,1995,7324344.1
Switzerland,CHE,"Air transport, passengers carried",IS.AIR.PSGR,1995,9859000.0
Chile,CHL,"Air transport, passengers carried",IS.AIR.PSGR,1995,3197200.0
China,CHN,"Air transport, passengers carried",IS.AIR.PSGR,1995,47564500.0
Cote d'Ivoire,CIV,"Air transport, passengers carried",IS.AIR.PSGR,1995,174700.0
Cameroon,CMR,"Air transport, passengers carried",IS.AIR.PSGR,1995,345000.0
"Congo, Rep.",COG,"Air transport, passengers carried",IS.AIR.PSGR,1995,266900.0
Colombia,COL,"Air transport, passengers carried",IS.AIR.PSGR,1995,7863300.0
Comoros,COM,"Air transport, passengers carried",IS.AIR.PSGR,1995,27300.0
Cabo Verde,CPV,"Air transport, passengers carried",IS.AIR.PSGR,1995,124200.0
Costa Rica,CRI,"Air transport, passengers carried",IS.AIR.PSGR,1995,870400.0
Cuba,CUB,"Air transport, passengers carried",IS.AIR.PSGR,1995,823700.0
Cyprus,CYP,"Air transport, passengers carried",IS.AIR.PSGR,1995,1218900.0
Czechia,CZE,"Air transport, passengers carried",IS.AIR.PSGR,1995,1284600.0
Germany,DEU,"Air transport, passengers carried",IS.AIR.PSGR,1995,34680100.0
Denmark,DNK,"Air transport, passengers carried",IS.AIR.PSGR,1995,5689300.0
Dominican Republic,DOM,"Air transport, passengers carried",IS.AIR.PSGR,1995,67400.0
Algeria,DZA,"Air transport, passengers carried",IS.AIR.PSGR,1995,3477800.0
East Asia & Pacific (excluding high income),EAP,"Air transport, passengers carried",IS.AIR.PSGR,1995,104320600.0
Early-demographic dividend,EAR,"Air transport, passengers carried",IS.AIR.PSGR,1995,134162100.0
East Asia & Pacific,EAS,"Air transport, passengers carried",IS.AIR.PSGR,1995,273666300.0
Europe & Central Asia (excluding high income),ECA,"Air transport, passengers carried",IS.AIR.PSGR,1995,16632800.0
Europe & Central Asia,ECS,"Air transport, passengers carried",IS.AIR.PSGR,1995,318012844.1
Ecuador,ECU,"Air transport, passengers carried",IS.AIR.PSGR,1995,1670900.0
"Egypt, Arab Rep.",EGY,"Air transport, passengers carried",IS.AIR.PSGR,1995,3897200.0
Euro area,EMU,"Air transport, passengers carried",IS.AIR.PSGR,1995,171989144.1
Spain,ESP,"Air transport, passengers carried",IS.AIR.PSGR,1995,25765700.0
Estonia,EST,"Air transport, passengers carried",IS.AIR.PSGR,1995,168600.0
Ethiopia,ETH,"Air transport, passengers carried",IS.AIR.PSGR,1995,749900.0
European Union,EUU,"Air transport, passengers carried",IS.AIR.PSGR,1995,193536844.1
Fragile and conflict affected situations,FCS,"Air transport, passengers carried",IS.AIR.PSGR,1995,13230400.0
Finland,FIN,"Air transport, passengers carried",IS.AIR.PSGR,1995,5211900.0
Fiji,FJI,"Air transport, passengers carried",IS.AIR.PSGR,1995,494500.0
France,FRA,"Air transport, passengers carried",IS.AIR.PSGR,1995,36020400.0
Gabon,GAB,"Air transport, passengers carried",IS.AIR.PSGR,1995,508200.0
United Kingdom,GBR,"Air transport, passengers carried",IS.AIR.PSGR,1995,59688800.0
Georgia,GEO,"Air transport, passengers carried",IS.AIR.PSGR,1995,176900.0
Ghana,GHA,"Air transport, passengers carried",IS.AIR.PSGR,1995,185900.0
Guinea,GIN,"Air transport, passengers carried",IS.AIR.PSGR,1995,35000.0
Guinea-Bissau,GNB,"Air transport, passengers carried",IS.AIR.PSGR,1995,20500.0
Equatorial Guinea,GNQ,"Air transport, passengers carried",IS.AIR.PSGR,1995,14700.0
Greece,GRC,"Air transport, passengers carried",IS.AIR.PSGR,1995,6006000.0
Guatemala,GTM,"Air transport, passengers carried",IS.AIR.PSGR,1995,300000.0
Guyana,GUY,"Air transport, passengers carried",IS.AIR.PSGR,1995,121100.0
High income,HIC,"Air transport, passengers carried",IS.AIR.PSGR,1995,1058155740.1
Heavily indebted poor countries (HIPC),HPC,"Air transport, passengers carried",IS.AIR.PSGR,1995,6114500.0
Croatia,HRV,"Air transport, passengers carried",IS.AIR.PSGR,1995,644.1
Hungary,HUN,"Air transport, passengers carried",IS.AIR.PSGR,1995,1310900.0
IBRD only,IBD,"Air transport, passengers carried",IS.AIR.PSGR,1995,259207144.1
IDA & IBRD total,IBT,"Air transport, passengers carried",IS.AIR.PSGR,1995,281495744.1
IDA total,IDA,"Air transport, passengers carried",IS.AIR.PSGR,1995,22288600.0
IDA blend,IDB,"Air transport, passengers carried",IS.AIR.PSGR,1995,11723800.0
Indonesia,IDN,"Air transport, passengers carried",IS.AIR.PSGR,1995,15977200.0
IDA only,IDX,"Air transport, passengers carried",IS.AIR.PSGR,1995,10564800.0
India,IND,"Air transport, passengers carried",IS.AIR.PSGR,1995,14260600.0
Ireland,IRL,"Air transport, passengers carried",IS.AIR.PSGR,1995,6586500.0
"Iran, Islamic Rep.",IRN,"Air transport, passengers carried",IS.AIR.PSGR,1995,6290600.0
Iceland,ISL,"Air transport, passengers carried",IS.AIR.PSGR,1995,1097000.0
Israel,ISR,"Air transport, passengers carried",IS.AIR.PSGR,1995,3453400.0
Italy,ITA,"Air transport, passengers carried",IS.AIR.PSGR,1995,23665800.0
Jamaica,JAM,"Air transport, passengers carried",IS.AIR.PSGR,1995,1126400.0
Jordan,JOR,"Air transport, passengers carried",IS.AIR.PSGR,1995,1270000.0
Japan,JPN,"Air transport, passengers carried",IS.AIR.PSGR,1995,91797000.0
Kazakhstan,KAZ,"Air transport, passengers carried",IS.AIR.PSGR,1995,1117300.0
Kenya,KEN,"Air transport, passengers carried",IS.AIR.PSGR,1995,740400.0
Kyrgyz Republic,KGZ,"Air transport, passengers carried",IS.AIR.PSGR,1995,438700.0
Kiribati,KIR,"Air transport, passengers carried",IS.AIR.PSGR,1995,26900.0
"Korea, Rep.",KOR,"Air transport, passengers carried",IS.AIR.PSGR,1995,29345200.0
Kuwait,KWT,"Air transport, passengers carried",IS.AIR.PSGR,1995,1950800.0
Latin America & Caribbean (excluding high income),LAC,"Air transport, passengers carried",IS.AIR.PSGR,1995,60273900.0
Lao PDR,LAO,"Air transport, passengers carried",IS.AIR.PSGR,1995,124500.0
Lebanon,LBN,"Air transport, passengers carried",IS.AIR.PSGR,1995,769800.0
Libya,LBY,"Air transport, passengers carried",IS.AIR.PSGR,1995,623200.0
Latin America & Caribbean,LCN,"Air transport, passengers carried",IS.AIR.PSGR,1995,72889000.0
Least developed countries: UN classification,LDC,"Air transport, passengers carried",IS.AIR.PSGR,1995,7254800.0
Low income,LIC,"Air transport, passengers carried",IS.AIR.PSGR,1995,4168400.0
Sri Lanka,LKA,"Air transport, passengers carried",IS.AIR.PSGR,1995,1155700.0
Lower middle income,LMC,"Air transport, passengers carried",IS.AIR.PSGR,1995,52510900.0
Low & middle income,LMY,"Air transport, passengers carried",IS.AIR.PSGR,1995,240290900.0
Lesotho,LSO,"Air transport, passengers carried",IS.AIR.PSGR,1995,24800.0
Late-demographic dividend,LTE,"Air transport, passengers carried",IS.AIR.PSGR,1995,173392100.0
Lithuania,LTU,"Air transport, passengers carried",IS.AIR.PSGR,1995,209900.0
Luxembourg,LUX,"Air transport, passengers carried",IS.AIR.PSGR,1995,569700.0
Latvia,LVA,"Air transport, passengers carried",IS.AIR.PSGR,1995,173000.0
Morocco,MAR,"Air transport, passengers carried",IS.AIR.PSGR,1995,2147200.0
Monaco,MCO,"Air transport, passengers carried",IS.AIR.PSGR,1995,44000.0
Moldova,MDA,"Air transport, passengers carried",IS.AIR.PSGR,1995,169500.0
Madagascar,MDG,"Air transport, passengers carried",IS.AIR.PSGR,1995,497200.0
Maldives,MDV,"Air transport, passengers carried",IS.AIR.PSGR,1995,158600.0
Middle East & North Africa,MEA,"Air transport, passengers carried",IS.AIR.PSGR,1995,45976000.0
Mexico,MEX,"Air transport, passengers carried",IS.AIR.PSGR,1995,14968800.0
Marshall Islands,MHL,"Air transport, passengers carried",IS.AIR.PSGR,1995,45800.0
Middle income,MIC,"Air transport, passengers carried",IS.AIR.PSGR,1995,236122500.0
North Macedonia,MKD,"Air transport, passengers carried",IS.AIR.PSGR,1995,215000.0
Mali,MLI,"Air transport, passengers carried",IS.AIR.PSGR,1995,74100.0
Malta,MLT,"Air transport, passengers carried",IS.AIR.PSGR,1995,1065900.0
Myanmar,MMR,"Air transport, passengers carried",IS.AIR.PSGR,1995,334500.0
Middle East & North Africa (excluding high income),MNA,"Air transport, passengers carried",IS.AIR.PSGR,1995,20833300.0
Mongolia,MNG,"Air transport, passengers carried",IS.AIR.PSGR,1995,661500.0
Mozambique,MOZ,"Air transport, passengers carried",IS.AIR.PSGR,1995,168200.0
Mauritania,MRT,"Air transport, passengers carried",IS.AIR.PSGR,1995,227900.0
Mauritius,MUS,"Air transport, passengers carried",IS.AIR.PSGR,1995,675800.0
Malawi,MWI,"Air transport, passengers carried",IS.AIR.PSGR,1995,148700.0
Malaysia,MYS,"Air transport, passengers carried",IS.AIR.PSGR,1995,15417800.0
North America,NAC,"Air transport, passengers carried",IS.AIR.PSGR,1995,553803196.0
Namibia,NAM,"Air transport, passengers carried",IS.AIR.PSGR,1995,224600.0
Niger,NER,"Air transport, passengers carried",IS.AIR.PSGR,1995,74100.0
Nigeria,NGA,"Air transport, passengers carried",IS.AIR.PSGR,1995,547900.0
Nicaragua,NIC,"Air transport, passengers carried",IS.AIR.PSGR,1995,48200.0
Netherlands,NLD,"Air transport, passengers carried",IS.AIR.PSGR,1995,16377900.0
Norway,NOR,"Air transport, passengers carried",IS.AIR.PSGR,1995,11695500.0
Nepal,NPL,"Air transport, passengers carried",IS.AIR.PSGR,1995,716700.0
New Zealand,NZL,"Air transport, passengers carried",IS.AIR.PSGR,1995,7676600.0
OECD members,OED,"Air transport, passengers carried",IS.AIR.PSGR,1995,1021039596.0
Oman,OMN,"Air transport, passengers carried",IS.AIR.PSGR,1995,1452900.0
Other small states,OSS,"Air transport, passengers carried",IS.AIR.PSGR,1995,6940300.0
Pakistan,PAK,"Air transport, passengers carried",IS.AIR.PSGR,1995,5342600.0
Panama,PAN,"Air transport, passengers carried",IS.AIR.PSGR,1995,661200.0
Peru,PER,"Air transport, passengers carried",IS.AIR.PSGR,1995,2508300.0
Philippines,PHL,"Air transport, passengers carried",IS.AIR.PSGR,1995,7179600.0
Papua New Guinea,PNG,"Air transport, passengers carried",IS.AIR.PSGR,1995,970000.0
Poland,POL,"Air transport, passengers carried",IS.AIR.PSGR,1995,1657300.0
Pre-demographic dividend,PRE,"Air transport, passengers carried",IS.AIR.PSGR,1995,5618900.0
"Korea, Dem. People's Rep.",PRK,"Air transport, passengers carried",IS.AIR.PSGR,1995,254000.0
Portugal,PRT,"Air transport, passengers carried",IS.AIR.PSGR,1995,4590100.0
Paraguay,PRY,"Air transport, passengers carried",IS.AIR.PSGR,1995,105200.0
Pacific island small states,PSS,"Air transport, passengers carried",IS.AIR.PSGR,1995,775600.0
Post-demographic dividend,PST,"Air transport, passengers carried",IS.AIR.PSGR,1995,989606440.1
Qatar,QAT,"Air transport, passengers carried",IS.AIR.PSGR,1995,1072500.0
Romania,ROU,"Air transport, passengers carried",IS.AIR.PSGR,1995,1244900.0
Russian Federation,RUS,"Air transport, passengers carried",IS.AIR.PSGR,1995,26524800.0
South Asia,SAS,"Air transport, passengers carried",IS.AIR.PSGR,1995,23175700.0
Saudi Arabia,SAU,"Air transport, passengers carried",IS.AIR.PSGR,1995,11524200.0
Sudan,SDN,"Air transport, passengers carried",IS.AIR.PSGR,1995,496900.0
Senegal,SEN,"Air transport, passengers carried",IS.AIR.PSGR,1995,149700.0
Singapore,SGP,"Air transport, passengers carried",IS.AIR.PSGR,1995,10779300.0
Solomon Islands,SLB,"Air transport, passengers carried",IS.AIR.PSGR,1995,89500.0
Sierra Leone,SLE,"Air transport, passengers carried",IS.AIR.PSGR,1995,14500.0
El Salvador,SLV,"Air transport, passengers carried",IS.AIR.PSGR,1995,1698000.0
Sub-Saharan Africa (excluding high income),SSA,"Air transport, passengers carried",IS.AIR.PSGR,1995,15054600.0
Sub-Saharan Africa,SSF,"Air transport, passengers carried",IS.AIR.PSGR,1995,15368600.0
Small states,SST,"Air transport, passengers carried",IS.AIR.PSGR,1995,9985700.0
Sao Tome and Principe,STP,"Air transport, passengers carried",IS.AIR.PSGR,1995,22300.0
Suriname,SUR,"Air transport, passengers carried",IS.AIR.PSGR,1995,161800.0
Slovak Republic,SVK,"Air transport, passengers carried",IS.AIR.PSGR,1995,41100.0
Slovenia,SVN,"Air transport, passengers carried",IS.AIR.PSGR,1995,370700.0
Sweden,SWE,"Air transport, passengers carried",IS.AIR.PSGR,1995,9498000.0
Eswatini,SWZ,"Air transport, passengers carried",IS.AIR.PSGR,1995,49300.0
Seychelles,SYC,"Air transport, passengers carried",IS.AIR.PSGR,1995,314000.0
Syrian Arab Republic,SYR,"Air transport, passengers carried",IS.AIR.PSGR,1995,563100.0
Chad,TCD,"Air transport, passengers carried",IS.AIR.PSGR,1995,92100.0
East Asia & Pacific (IDA & IBRD countries),TEA,"Air transport, passengers carried",IS.AIR.PSGR,1995,104066600.0
Europe & Central Asia (IDA & IBRD countries),TEC,"Air transport, passengers carried",IS.AIR.PSGR,1995,46923144.1
Togo,TGO,"Air transport, passengers carried",IS.AIR.PSGR,1995,74100.0
Thailand,THA,"Air transport, passengers carried",IS.AIR.PSGR,1995,12771400.0
Tajikistan,TJK,"Air transport, passengers carried",IS.AIR.PSGR,1995,822100.0
Turkmenistan,TKM,"Air transport, passengers carried",IS.AIR.PSGR,1995,747800.0
Latin America & the Caribbean (IDA & IBRD countries),TLA,"Air transport, passengers carried",IS.AIR.PSGR,1995,71128400.0
Middle East & North Africa (IDA & IBRD countries),TMN,"Air transport, passengers carried",IS.AIR.PSGR,1995,20833300.0
Tonga,TON,"Air transport, passengers carried",IS.AIR.PSGR,1995,53300.0
South Asia (IDA & IBRD),TSA,"Air transport, passengers carried",IS.AIR.PSGR,1995,23175700.0
Sub-Saharan Africa (IDA & IBRD countries),TSS,"Air transport, passengers carried",IS.AIR.PSGR,1995,15368600.0
Trinidad and Tobago,TTO,"Air transport, passengers carried",IS.AIR.PSGR,1995,1727000.0
Tunisia,TUN,"Air transport, passengers carried",IS.AIR.PSGR,1995,1419400.0
Turkiye,TUR,"Air transport, passengers carried",IS.AIR.PSGR,1995,7749000.0
Tanzania,TZA,"Air transport, passengers carried",IS.AIR.PSGR,1995,236400.0
Uganda,UGA,"Air transport, passengers carried",IS.AIR.PSGR,1995,94600.0
Ukraine,UKR,"Air transport, passengers carried",IS.AIR.PSGR,1995,1005300.0
Upper middle income,UMC,"Air transport, passengers carried",IS.AIR.PSGR,1995,183611600.0
Uruguay,URY,"Air transport, passengers carried",IS.AIR.PSGR,1995,476700.0
United States,USA,"Air transport, passengers carried",IS.AIR.PSGR,1995,533512096.0
Uzbekistan,UZB,"Air transport, passengers carried",IS.AIR.PSGR,1995,2217300.0
"Venezuela, RB",VEN,"Air transport, passengers carried",IS.AIR.PSGR,1995,4445000.0
Viet Nam,VNM,"Air transport, passengers carried",IS.AIR.PSGR,1995,2290000.0
Vanuatu,VUT,"Air transport, passengers carried",IS.AIR.PSGR,1995,65600.0
World,WLD,"Air transport, passengers carried",IS.AIR.PSGR,1995,1302891640.1
"Yemen, Rep.",YEM,"Air transport, passengers carried",IS.AIR.PSGR,1995,375000.0
South Africa,ZAF,"Air transport, passengers carried",IS.AIR.PSGR,1995,6395500.0
Zimbabwe,ZWE,"Air transport, passengers carried",IS.AIR.PSGR,1995,625700.0
Africa Eastern and Southern,AFE,"Air transport, passengers carried",IS.AIR.PSGR,2010,30374164.935204014
Afghanistan,AFG,"Air transport, passengers carried",IS.AIR.PSGR,2010,1999127.0
Africa Western and Central,AFW,"Air transport, passengers carried",IS.AIR.PSGR,2010,7817344.202697854
Angola,AGO,"Air transport, passengers carried",IS.AIR.PSGR,2010,1010194.0
Albania,ALB,"Air transport, passengers carried",IS.AIR.PSGR,2010,768533.0
Arab World,ARB,"Air transport, passengers carried",IS.AIR.PSGR,2010,126796491.87912793
United Arab Emirates,ARE,"Air transport, passengers carried",IS.AIR.PSGR,2010,44948143.8494121
Argentina,ARG,"Air transport, passengers carried",IS.AIR.PSGR,2010,9025035.31187357
Armenia,ARM,"Air transport, passengers carried",IS.AIR.PSGR,2010,704753.0
American Samoa,ASM,"Air transport, passengers carried",IS.AIR.PSGR,2010,49772.7886953707
Antigua and Barbuda,ATG,"Air transport, passengers carried",IS.AIR.PSGR,2010,1554309.0
Australia,AUS,"Air transport, passengers carried",IS.AIR.PSGR,2010,60640913.0
Austria,AUT,"Air transport, passengers carried",IS.AIR.PSGR,2010,13493793.0
Azerbaijan,AZE,"Air transport, passengers carried",IS.AIR.PSGR,2010,796698.0
Belgium,BEL,"Air transport, passengers carried",IS.AIR.PSGR,2010,7528586.30424955
Benin,BEN,"Air transport, passengers carried",IS.AIR.PSGR,2010,53012.8181818182
Burkina Faso,BFA,"Air transport, passengers carried",IS.AIR.PSGR,2010,160000.0
Bangladesh,BGD,"Air transport, passengers carried",IS.AIR.PSGR,2010,1818901.01882718
Bulgaria,BGR,"Air transport, passengers carried",IS.AIR.PSGR,2010,801840.0
Bahrain,BHR,"Air transport, passengers carried",IS.AIR.PSGR,2010,6028980.0
"Bahamas, The",BHS,"Air transport, passengers carried",IS.AIR.PSGR,2010,967914.0
Bosnia and Herzegovina,BIH,"Air transport, passengers carried",IS.AIR.PSGR,2010,56485.161815801
Belarus,BLR,"Air transport, passengers carried",IS.AIR.PSGR,2010,652142.0
Belize,BLZ,"Air transport, passengers carried",IS.AIR.PSGR,2010,143928.0
Bolivia,BOL,"Air transport, passengers carried",IS.AIR.PSGR,2010,1781340.0
Brazil,BRA,"Air transport, passengers carried",IS.AIR.PSGR,2010,74627064.0
Brunei Darussalam,BRN,"Air transport, passengers carried",IS.AIR.PSGR,2010,1263270.0
Bhutan,BTN,"Air transport, passengers carried",IS.AIR.PSGR,2010,181537.371716438
Botswana,BWA,"Air transport, passengers carried",IS.AIR.PSGR,2010,290195.0
Canada,CAN,"Air transport, passengers carried",IS.AIR.PSGR,2010,63277409.3753385
Central Europe and the Baltics,CEB,"Air transport, passengers carried",IS.AIR.PSGR,2010,32710131.379004247
Switzerland,CHE,"Air transport, passengers carried",IS.AIR.PSGR,2010,22146864.0
Chile,CHL,"Air transport, passengers carried",IS.AIR.PSGR,2010,9269026.0
China,CHN,"Air transport, passengers carried",IS.AIR.PSGR,2010,266293020.0
Cote d'Ivoire,CIV,"Air transport, passengers carried",IS.AIR.PSGR,2010,516085.0
Cameroon,CMR,"Air transport, passengers carried",IS.AIR.PSGR,2010,0.0
"Congo, Dem. Rep.",COD,"Air transport, passengers carried",IS.AIR.PSGR,2010,210913.0
"Congo, Rep.",COG,"Air transport, passengers carried",IS.AIR.PSGR,2010,341640.429165812
Colombia,COL,"Air transport, passengers carried",IS.AIR.PSGR,2010,16932435.0
Cabo Verde,CPV,"Air transport, passengers carried",IS.AIR.PSGR,2010,570553.0
Costa Rica,CRI,"Air transport, passengers carried",IS.AIR.PSGR,2010,1697893.8890269
Caribbean small states,CSS,"Air transport, passengers carried",IS.AIR.PSGR,2010,3153978.0
Cuba,CUB,"Air transport, passengers carried",IS.AIR.PSGR,2010,1578011.78867135
Cyprus,CYP,"Air transport, passengers carried",IS.AIR.PSGR,2010,1583627.0
Czechia,CZE,"Air transport, passengers carried",IS.AIR.PSGR,2010,5145187.0
Germany,DEU,"Air transport, passengers carried",IS.AIR.PSGR,2010,97330734.2807591
Dominican Republic,DOM,"Air transport, passengers carried",IS.AIR.PSGR,2010,19167.0
Algeria,DZA,"Air transport, passengers carried",IS.AIR.PSGR,2010,3372283.0
East Asia & Pacific (excluding high income),EAP,"Air transport, passengers carried",IS.AIR.PSGR,2010,430814825.8326161
Early-demographic dividend,EAR,"Air transport, passengers carried",IS.AIR.PSGR,2010,370779756.65401644
East Asia & Pacific,EAS,"Air transport, passengers carried",IS.AIR.PSGR,2010,726070353.1228888
Europe & Central Asia (excluding high income),ECA,"Air transport, passengers carried",IS.AIR.PSGR,2010,61394191.98893126
Europe & Central Asia,ECS,"Air transport, passengers carried",IS.AIR.PSGR,2010,712998068.251797
Ecuador,ECU,"Air transport, passengers carried",IS.AIR.PSGR,2010,4818305.0
"Egypt, Arab Rep.",EGY,"Air transport, passengers carried",IS.AIR.PSGR,2010,9518106.01323615
Euro area,EMU,"Air transport, passengers carried",IS.AIR.PSGR,2010,416465001.05146056
Spain,ESP,"Air transport, passengers carried",IS.AIR.PSGR,2010,52847712.6083233
Estonia,EST,"Air transport, passengers carried",IS.AIR.PSGR,2010,582320.202753145
Ethiopia,ETH,"Air transport, passengers carried",IS.AIR.PSGR,2010,3347022.0
European Union,EUU,"Air transport, passengers carried",IS.AIR.PSGR,2010,483874507.2277117
Fragile and conflict affected situations,FCS,"Air transport, passengers carried",IS.AIR.PSGR,2010,33183814.05448258
Finland,FIN,"Air transport, passengers carried",IS.AIR.PSGR,2010,8685772.86832543
Fiji,FJI,"Air transport, passengers carried",IS.AIR.PSGR,2010,1259009.0
France,FRA,"Air transport, passengers carried",IS.AIR.PSGR,2010,60864422.1135135
Gabon,GAB,"Air transport, passengers carried",IS.AIR.PSGR,2010,243635.528989967
United Kingdom,GBR,"Air transport, passengers carried",IS.AIR.PSGR,2010,101515720.193399
Georgia,GEO,"Air transport, passengers carried",IS.AIR.PSGR,2010,164446.0
Ghana,GHA,"Air transport, passengers carried",IS.AIR.PSGR,2010,169030.949606142
"Gambia, The",GMB,"Air transport, passengers carried",IS.AIR.PSGR,2010,0.0
Equatorial Guinea,GNQ,"Air transport, passengers carried",IS.AIR.PSGR,2010,25969.3823646158
Greece,GRC,"Air transport, passengers carried",IS.AIR.PSGR,2010,10352657.531181
Guatemala,GTM,"Air transport, passengers carried",IS.AIR.PSGR,2010,313892.0
Guyana,GUY,"Air transport, passengers carried",IS.AIR.PSGR,2010,273160.0
High income,HIC,"Air transport, passengers carried",IS.AIR.PSGR,2010,1848779888.2075813
"Hong Kong SAR, China",HKG,"Air transport, passengers carried",IS.AIR.PSGR,2010,28347688.0
Honduras,HND,"Air transport, passengers carried",IS.AIR.PSGR,2010,501520.0
Heavily indebted poor countries (HIPC),HPC,"Air transport, passengers carried",IS.AIR.PSGR,2010,14165092.226547282
Croatia,HRV,"Air transport, passengers carried",IS.AIR.PSGR,2010,1577226.0
Hungary,HUN,"Air transport, passengers carried",IS.AIR.PSGR,2010,12477063.1762511
IBRD only,IBD,"Air transport, passengers carried",IS.AIR.PSGR,2010,847345243.3888428
IDA & IBRD total,IBT,"Air transport, passengers carried",IS.AIR.PSGR,2010,891956142.1644262
IDA total,IDA,"Air transport, passengers carried",IS.AIR.PSGR,2010,44610898.775583364
IDA blend,IDB,"Air transport, passengers carried",IS.AIR.PSGR,2010,20918249.42916581
Indonesia,IDN,"Air transport, passengers carried",IS.AIR.PSGR,2010,59384361.605798
IDA only,IDX,"Air transport, passengers carried",IS.AIR.PSGR,2010,23692649.346417554
India,IND,"Air transport, passengers carried",IS.AIR.PSGR,2010,64374253.8038964
Ireland,IRL,"Air transport, passengers carried",IS.AIR.PSGR,2010,84784226.0
"Iran, Islamic Rep.",IRN,"Air transport, passengers carried",IS.AIR.PSGR,2010,18760850.3814854
Iraq,IRQ,"Air transport, passengers carried",IS.AIR.PSGR,2010,641129.0
Iceland,ISL,"Air transport, passengers carried",IS.AIR.PSGR,2010,1851416.84175507
Israel,ISR,"Air transport, passengers carried",IS.AIR.PSGR,2010,5084798.0
Italy,ITA,"Air transport, passengers carried",IS.AIR.PSGR,2010,32645164.0
Jamaica,JAM,"Air transport, passengers carried",IS.AIR.PSGR,2010,0.0
Jordan,JOR,"Air transport, passengers carried",IS.AIR.PSGR,2010,3077036.69608937
Japan,JPN,"Air transport, passengers carried",IS.AIR.PSGR,2010,109617020.965748
Kazakhstan,KAZ,"Air transport, passengers carried",IS.AIR.PSGR,2010,3098327.0
Kenya,KEN,"Air transport, passengers carried",IS.AIR.PSGR,2010,4039583.0
Kyrgyz Republic,KGZ,"Air transport, passengers carried",IS.AIR.PSGR,2010,375602.0
Cambodia,KHM,"Air transport, passengers carried",IS.AIR.PSGR,2010,277725.054297226
"Korea, Rep.",KOR,"Air transport, passengers carried",IS.AIR.PSGR,2010,36987982.0
Kuwait,KWT,"Air transport, passengers carried",IS.AIR.PSGR,2010,4563082.0
Latin America & Caribbean (excluding high income),LAC,"Air transport, passengers carried",IS.AIR.PSGR,2010,152559808.38592252
Lao PDR,LAO,"Air transport, passengers carried",IS.AIR.PSGR,2010,443778.0
Lebanon,LBN,"Air transport, passengers carried",IS.AIR.PSGR,2010,1893359.0
Libya,LBY,"Air transport, passengers carried",IS.AIR.PSGR,2010,2928705.67985018
Latin America & Caribbean,LCN,"Air transport, passengers carried",IS.AIR.PSGR,2010,178418790.8156146
Least developed countries: UN classification,LDC,"Air transport, passengers carried",IS.AIR.PSGR,2010,17654275.920899734
Low income,LIC,"Air transport, passengers carried",IS.AIR.PSGR,2010,11761536.134861983
Sri Lanka,LKA,"Air transport, passengers carried",IS.AIR.PSGR,2010,3008322.69188759
Lower middle income,LMC,"Air transport, passengers carried",IS.AIR.PSGR,2010,159737662.15394327
Low & middle income,LMY,"Air transport, passengers carried",IS.AIR.PSGR,2010,814206288.0023606
Late-demographic dividend,LTE,"Air transport, passengers carried",IS.AIR.PSGR,2010,685670532.0621635
Lithuania,LTU,"Air transport, passengers carried",IS.AIR.PSGR,2010,81450.0
Luxembourg,LUX,"Air transport, passengers carried",IS.AIR.PSGR,2010,786920.0
Latvia,LVA,"Air transport, passengers carried",IS.AIR.PSGR,2010,3158051.0
"Macao SAR, China",MAC,"Air transport, passengers carried",IS.AIR.PSGR,2010,1329721.0
Morocco,MAR,"Air transport, passengers carried",IS.AIR.PSGR,2010,7144446.0
Monaco,MCO,"Air transport, passengers carried",IS.AIR.PSGR,2010,59658.0
Moldova,MDA,"Air transport, passengers carried",IS.AIR.PSGR,2010,479457.0
Madagascar,MDG,"Air transport, passengers carried",IS.AIR.PSGR,2010,524296.0
Middle East & North Africa,MEA,"Air transport, passengers carried",IS.AIR.PSGR,2010,151073013.6200732
Mexico,MEX,"Air transport, passengers carried",IS.AIR.PSGR,2010,31269061.0
Middle income,MIC,"Air transport, passengers carried",IS.AIR.PSGR,2010,802444751.8674985
Mali,MLI,"Air transport, passengers carried",IS.AIR.PSGR,2010,303692.0
Malta,MLT,"Air transport, passengers carried",IS.AIR.PSGR,2010,1699829.0
Myanmar,MMR,"Air transport, passengers carried",IS.AIR.PSGR,2010,924207.0
Middle East & North Africa (excluding high income),MNA,"Air transport, passengers carried",IS.AIR.PSGR,2010,52770471.77066111
Montenegro,MNE,"Air transport, passengers carried",IS.AIR.PSGR,2010,659355.414807816
Mongolia,MNG,"Air transport, passengers carried",IS.AIR.PSGR,2010,391188.0
Mozambique,MOZ,"Air transport, passengers carried",IS.AIR.PSGR,2010,558192.0
Mauritania,MRT,"Air transport, passengers carried",IS.AIR.PSGR,2010,524817.894731527
Mauritius,MUS,"Air transport, passengers carried",IS.AIR.PSGR,2010,1265458.0
Malawi,MWI,"Air transport, passengers carried",IS.AIR.PSGR,2010,91520.1893953931
Malaysia,MYS,"Air transport, passengers carried",IS.AIR.PSGR,2010,34239014.1725209
North America,NAC,"Air transport, passengers carried",IS.AIR.PSGR,2010,783774409.3753386
Namibia,NAM,"Air transport, passengers carried",IS.AIR.PSGR,2010,485849.0
Niger,NER,"Air transport, passengers carried",IS.AIR.PSGR,2010,0.0
Nigeria,NGA,"Air transport, passengers carried",IS.AIR.PSGR,2010,4197375.0
Netherlands,NLD,"Air transport, passengers carried",IS.AIR.PSGR,2010,26979676.6296817
Nepal,NPL,"Air transport, passengers carried",IS.AIR.PSGR,2010,917939.0
Nauru,NRU,"Air transport, passengers carried",IS.AIR.PSGR,2010,30195.521045074
New Zealand,NZL,"Air transport, passengers carried",IS.AIR.PSGR,2010,13295185.0
OECD members,OED,"Air transport, passengers carried",IS.AIR.PSGR,2010,1714226706.4929793
Oman,OMN,"Air transport, passengers carried",IS.AIR.PSGR,2010,3262849.0
Pakistan,PAK,"Air transport, passengers carried",IS.AIR.PSGR,2010,6588114.0
Panama,PAN,"Air transport, passengers carried",IS.AIR.PSGR,2010,5524157.42969209
Peru,PER,"Air transport, passengers carried",IS.AIR.PSGR,2010,7106025.29251721
Philippines,PHL,"Air transport, passengers carried",IS.AIR.PSGR,2010,22575356.0
Papua New Guinea,PNG,"Air transport, passengers carried",IS.AIR.PSGR,2010,1405169.0
Poland,POL,"Air transport, passengers carried",IS.AIR.PSGR,2010,4099082.0
Pre-demographic dividend,PRE,"Air transport, passengers carried",IS.AIR.PSGR,2010,17819048.659305755
"Korea, Dem. People's Rep.",PRK,"Air transport, passengers carried",IS.AIR.PSGR,2010,73052.0
Portugal,PRT,"Air transport, passengers carried",IS.AIR.PSGR,2010,10428173.5126738
Paraguay,PRY,"Air transport, passengers carried",IS.AIR.PSGR,2010,715072.0
Pacific island small states,PSS,"Air transport, passengers carried",IS.AIR.PSGR,2010,1679808.521045074
Post-demographic dividend,PST,"Air transport, passengers carried",IS.AIR.PSGR,2010,1576171421.6677153
Qatar,QAT,"Air transport, passengers carried",IS.AIR.PSGR,2010,12391268.0
Romania,ROU,"Air transport, passengers carried",IS.AIR.PSGR,2010,3733253.0
Russian Federation,RUS,"Air transport, passengers carried",IS.AIR.PSGR,2010,43855539.0
Rwanda,RWA,"Air transport, passengers carried",IS.AIR.PSGR,2010,188221.0
South Asia,SAS,"Air transport, passengers carried",IS.AIR.PSGR,2010,78888194.88632761
Saudi Arabia,SAU,"Air transport, passengers carried",IS.AIR.PSGR,2010,20323592.0
Sudan,SDN,"Air transport, passengers carried",IS.AIR.PSGR,2010,580325.0
Senegal,SEN,"Air transport, passengers carried",IS.AIR.PSGR,2010,0.0
Singapore,SGP,"Air transport, passengers carried",IS.AIR.PSGR,2010,24859825.1577843
Solomon Islands,SLB,"Air transport, passengers carried",IS.AIR.PSGR,2010,142660.0
Sierra Leone,SLE,"Air transport, passengers carried",IS.AIR.PSGR,2010,0.0
El Salvador,SLV,"Air transport, passengers carried",IS.AIR.PSGR,2010,1816391.10383349
Somalia,SOM,"Air transport, passengers carried",IS.AIR.PSGR,2010,163812.745808619
Serbia,SRB,"Air transport, passengers carried",IS.AIR.PSGR,2010,985072.0
Sub-Saharan Africa (excluding high income),SSA,"Air transport, passengers carried",IS.AIR.PSGR,2010,37778795.137901865
Sub-Saharan Africa,SSF,"Air transport, passengers carried",IS.AIR.PSGR,2010,38191509.13790186
Small states,SST,"Air transport, passengers carried",IS.AIR.PSGR,2010,20932847.352077544
Suriname,SUR,"Air transport, passengers carried",IS.AIR.PSGR,2010,214667.0
Slovak Republic,SVK,"Air transport, passengers carried",IS.AIR.PSGR,2010,74856.0
Slovenia,SVN,"Air transport, passengers carried",IS.AIR.PSGR,2010,979803.0
Sweden,SWE,"Air transport, passengers carried",IS.AIR.PSGR,2010,41153081.0
Seychelles,SYC,"Air transport, passengers carried",IS.AIR.PSGR,2010,412714.0
Syrian Arab Republic,SYR,"Air transport, passengers carried",IS.AIR.PSGR,2010,1158366.0
Chad,TCD,"Air transport, passengers carried",IS.AIR.PSGR,2010,48519.199657971
East Asia & Pacific (IDA & IBRD countries),TEA,"Air transport, passengers carried",IS.AIR.PSGR,2010,430771969.3536612
Europe & Central Asia (IDA & IBRD countries),TEC,"Air transport, passengers carried",IS.AIR.PSGR,2010,115461131.98893127
Togo,TGO,"Air transport, passengers carried",IS.AIR.PSGR,2010,663013.0
Thailand,THA,"Air transport, passengers carried",IS.AIR.PSGR,2010,28780723.0
Tajikistan,TJK,"Air transport, passengers carried",IS.AIR.PSGR,2010,616999.412307647
Turkmenistan,TKM,"Air transport, passengers carried",IS.AIR.PSGR,2010,300970.0
Latin America & the Caribbean (IDA & IBRD countries),TLA,"Air transport, passengers carried",IS.AIR.PSGR,2010,175872865.02694327
Middle East & North Africa (IDA & IBRD countries),TMN,"Air transport, passengers carried",IS.AIR.PSGR,2010,52770471.7706611
South Asia (IDA & IBRD),TSA,"Air transport, passengers carried",IS.AIR.PSGR,2010,78888194.88632761
Sub-Saharan Africa (IDA & IBRD countries),TSS,"Air transport, passengers carried",IS.AIR.PSGR,2010,38191509.13790186
Trinidad and Tobago,TTO,"Air transport, passengers carried",IS.AIR.PSGR,2010,1842253.0
Tunisia,TUN,"Air transport, passengers carried",IS.AIR.PSGR,2010,2739634.0
Turkiye,TUR,"Air transport, passengers carried",IS.AIR.PSGR,2010,45665249.0
Tanzania,TZA,"Air transport, passengers carried",IS.AIR.PSGR,2010,750421.0
Uganda,UGA,"Air transport, passengers carried",IS.AIR.PSGR,2010,154909.0
Ukraine,UKR,"Air transport, passengers carried",IS.AIR.PSGR,2010,3956053.0
Upper middle income,UMC,"Air transport, passengers carried",IS.AIR.PSGR,2010,642707089.7135552
United States,USA,"Air transport, passengers carried",IS.AIR.PSGR,2010,720497000.0
Uzbekistan,UZB,"Air transport, passengers carried",IS.AIR.PSGR,2010,2114050.0
"Venezuela, RB",VEN,"Air transport, passengers carried",IS.AIR.PSGR,2010,6428163.0
Viet Nam,VNM,"Air transport, passengers carried",IS.AIR.PSGR,2010,14377619.0
Vanuatu,VUT,"Air transport, passengers carried",IS.AIR.PSGR,2010,247944.0
World,WLD,"Air transport, passengers carried",IS.AIR.PSGR,2010,2669414339.209942
"Yemen, Rep.",YEM,"Air transport, passengers carried",IS.AIR.PSGR,2010,1536556.0
South Africa,ZAF,"Air transport, passengers carried",IS.AIR.PSGR,2010,15781210.0
Zambia,ZMB,"Air transport, passengers carried",IS.AIR.PSGR,2010,260502.0
Zimbabwe,ZWE,"Air transport, passengers carried",IS.AIR.PSGR,2010,258828.0
Africa Eastern and Southern,AFE,"Air transport, passengers carried",IS.AIR.PSGR,2011,33507824.27243546
Afghanistan,AFG,"Air transport, passengers carried",IS.AIR.PSGR,2011,2279341.17952861
Africa Western and Central,AFW,"Air transport, passengers carried",IS.AIR.PSGR,2011,9140452.128598532
Angola,AGO,"Air transport, passengers carried",IS.AIR.PSGR,2011,987798.0
Albania,ALB,"Air transport, passengers carried",IS.AIR.PSGR,2011,829778.923870707
Arab World,ARB,"Air transport, passengers carried",IS.AIR.PSGR,2011,135837641.38978887
United Arab Emirates,ARE,"Air transport, passengers carried",IS.AIR.PSGR,2011,50342891.8028694
Argentina,ARG,"Air transport, passengers carried",IS.AIR.PSGR,2011,8590839.84977289
Armenia,ARM,"Air transport, passengers carried",IS.AIR.PSGR,2011,392312.0
American Samoa,ASM,"Air transport, passengers carried",IS.AIR.PSGR,2011,50641.7227722772
Antigua and Barbuda,ATG,"Air transport, passengers carried",IS.AIR.PSGR,2011,1424420.15538991
Australia,AUS,"Air transport, passengers carried",IS.AIR.PSGR,2011,63360310.3377656
Austria,AUT,"Air transport, passengers carried",IS.AIR.PSGR,2011,14088251.6640568
Azerbaijan,AZE,"Air transport, passengers carried",IS.AIR.PSGR,2011,1348414.0
Belgium,BEL,"Air transport, passengers carried",IS.AIR.PSGR,2011,8638553.1
Benin,BEN,"Air transport, passengers carried",IS.AIR.PSGR,2011,58314.1
Burkina Faso,BFA,"Air transport, passengers carried",IS.AIR.PSGR,2011,133709.779171075
Bangladesh,BGD,"Air transport, passengers carried",IS.AIR.PSGR,2011,2022388.57221573
Bulgaria,BGR,"Air transport, passengers carried",IS.AIR.PSGR,2011,932868.0
Bahrain,BHR,"Air transport, passengers carried",IS.AIR.PSGR,2011,5590998.04060636
"Bahamas, The",BHS,"Air transport, passengers carried",IS.AIR.PSGR,2011,1056129.5948594
Bosnia and Herzegovina,BIH,"Air transport, passengers carried",IS.AIR.PSGR,2011,40182.4397667535
Belarus,BLR,"Air transport, passengers carried",IS.AIR.PSGR,2011,737599.0
Belize,BLZ,"Air transport, passengers carried",IS.AIR.PSGR,2011,179471.413542693
Bolivia,BOL,"Air transport, passengers carried",IS.AIR.PSGR,2011,2125912.52659794
Brazil,BRA,"Air transport, passengers carried",IS.AIR.PSGR,2011,87860363.0
Brunei Darussalam,BRN,"Air transport, passengers carried",IS.AIR.PSGR,2011,1312935.0
Bhutan,BTN,"Air transport, passengers carried",IS.AIR.PSGR,2011,226153.126621635
Botswana,BWA,"Air transport, passengers carried",IS.AIR.PSGR,2011,415864.084403732
Canada,CAN,"Air transport, passengers carried",IS.AIR.PSGR,2011,66078011.9547392
Central Europe and the Baltics,CEB,"Air transport, passengers carried",IS.AIR.PSGR,2011,34477031.5945141
Switzerland,CHE,"Air transport, passengers carried",IS.AIR.PSGR,2011,24866065.0
Chile,CHL,"Air transport, passengers carried",IS.AIR.PSGR,2011,10949863.0
China,CHN,"Air transport, passengers carried",IS.AIR.PSGR,2011,292160158.0
Cote d'Ivoire,CIV,"Air transport, passengers carried",IS.AIR.PSGR,2011,89791.8677663574
Cameroon,CMR,"Air transport, passengers carried",IS.AIR.PSGR,2011,171007.2
"Congo, Dem. Rep.",COD,"Air transport, passengers carried",IS.AIR.PSGR,2011,252408.179559838
"Congo, Rep.",COG,"Air transport, passengers carried",IS.AIR.PSGR,2011,438178.470407323
Colombia,COL,"Air transport, passengers carried",IS.AIR.PSGR,2011,18768534.7701547
Cabo Verde,CPV,"Air transport, passengers carried",IS.AIR.PSGR,2011,620394.751123946
Costa Rica,CRI,"Air transport, passengers carried",IS.AIR.PSGR,2011,1829514.94708223
Caribbean small states,CSS,"Air transport, passengers carried",IS.AIR.PSGR,2011,3204385.4629710363
Cuba,CUB,"Air transport, passengers carried",IS.AIR.PSGR,2011,1478595.95916068
Cyprus,CYP,"Air transport, passengers carried",IS.AIR.PSGR,2011,1263117.0
Czechia,CZE,"Air transport, passengers carried",IS.AIR.PSGR,2011,4902816.0
Germany,DEU,"Air transport, passengers carried",IS.AIR.PSGR,2011,107042775.791182
Dominican Republic,DOM,"Air transport, passengers carried",IS.AIR.PSGR,2011,28232.1
Algeria,DZA,"Air transport, passengers carried",IS.AIR.PSGR,2011,3543663.0
East Asia & Pacific (excluding high income),EAP,"Air transport, passengers carried",IS.AIR.PSGR,2011,482470567.06029934
Early-demographic dividend,EAR,"Air transport, passengers carried",IS.AIR.PSGR,2011,411779408.1139426
East Asia & Pacific,EAS,"Air transport, passengers carried",IS.AIR.PSGR,2011,769209920.7409954
Europe & Central Asia (excluding high income),ECA,"Air transport, passengers carried",IS.AIR.PSGR,2011,72357640.50383262
Europe & Central Asia,ECS,"Air transport, passengers carried",IS.AIR.PSGR,2011,774999479.899544
Ecuador,ECU,"Air transport, passengers carried",IS.AIR.PSGR,2011,4714115.0
"Egypt, Arab Rep.",EGY,"Air transport, passengers carried",IS.AIR.PSGR,2011,7708160.10711224
Euro area,EMU,"Air transport, passengers carried",IS.AIR.PSGR,2011,441148081.65996826
Spain,ESP,"Air transport, passengers carried",IS.AIR.PSGR,2011,52736140.9250126
Estonia,EST,"Air transport, passengers carried",IS.AIR.PSGR,2011,614933.0
Ethiopia,ETH,"Air transport, passengers carried",IS.AIR.PSGR,2011,4440917.69083987
European Union,EUU,"Air transport, passengers carried",IS.AIR.PSGR,2011,515081475.2544823
Fragile and conflict affected situations,FCS,"Air transport, passengers carried",IS.AIR.PSGR,2011,39379075.226608135
Finland,FIN,"Air transport, passengers carried",IS.AIR.PSGR,2011,9508050.0
Fiji,FJI,"Air transport, passengers carried",IS.AIR.PSGR,2011,1276205.48
France,FRA,"Air transport, passengers carried",IS.AIR.PSGR,2011,64185339.3411299
Gabon,GAB,"Air transport, passengers carried",IS.AIR.PSGR,2011,121233.395658112
United Kingdom,GBR,"Air transport, passengers carried",IS.AIR.PSGR,2011,111598546.141229
Georgia,GEO,"Air transport, passengers carried",IS.AIR.PSGR,2011,222630.0
Ghana,GHA,"Air transport, passengers carried",IS.AIR.PSGR,2011,491583.034446243
"Gambia, The",GMB,"Air transport, passengers carried",IS.AIR.PSGR,2011,0.0
Equatorial Guinea,GNQ,"Air transport, passengers carried",IS.AIR.PSGR,2011,130197.6
Greece,GRC,"Air transport, passengers carried",IS.AIR.PSGR,2011,9569211.41941763
Guatemala,GTM,"Air transport, passengers carried",IS.AIR.PSGR,2011,326146.206150004
Guyana,GUY,"Air transport, passengers carried",IS.AIR.PSGR,2011,340267.623207221
High income,HIC,"Air transport, passengers carried",IS.AIR.PSGR,2011,1917406304.6476278
"Hong Kong SAR, China",HKG,"Air transport, passengers carried",IS.AIR.PSGR,2011,30293677.0
Honduras,HND,"Air transport, passengers carried",IS.AIR.PSGR,2011,423655.325587164
Heavily indebted poor countries (HIPC),HPC,"Air transport, passengers carried",IS.AIR.PSGR,2011,17296028.463433474
Croatia,HRV,"Air transport, passengers carried",IS.AIR.PSGR,2011,1812519.0
Hungary,HUN,"Air transport, passengers carried",IS.AIR.PSGR,2011,13729553.5346856
IBRD only,IBD,"Air transport, passengers carried",IS.AIR.PSGR,2011,945133069.9091767
IDA & IBRD total,IBT,"Air transport, passengers carried",IS.AIR.PSGR,2011,997808123.7759528
IDA total,IDA,"Air transport, passengers carried",IS.AIR.PSGR,2011,52675053.866775915
IDA blend,IDB,"Air transport, passengers carried",IS.AIR.PSGR,2011,24047302.147964593
Indonesia,IDN,"Air transport, passengers carried",IS.AIR.PSGR,2011,70912258.1090481
IDA only,IDX,"Air transport, passengers carried",IS.AIR.PSGR,2011,28627751.718811337
India,IND,"Air transport, passengers carried",IS.AIR.PSGR,2011,73996912.0
Ireland,IRL,"Air transport, passengers carried",IS.AIR.PSGR,2011,89956333.5096866
"Iran, Islamic Rep.",IRN,"Air transport, passengers carried",IS.AIR.PSGR,2011,19113946.1622474
Iraq,IRQ,"Air transport, passengers carried",IS.AIR.PSGR,2011,761778.174355453
Iceland,ISL,"Air transport, passengers carried",IS.AIR.PSGR,2011,2150527.0
Israel,ISR,"Air transport, passengers carried",IS.AIR.PSGR,2011,5151469.0
Italy,ITA,"Air transport, passengers carried",IS.AIR.PSGR,2011,33923370.5051058
Jamaica,JAM,"Air transport, passengers carried",IS.AIR.PSGR,2011,0.0
Jordan,JOR,"Air transport, passengers carried",IS.AIR.PSGR,2011,3267109.73620486
Japan,JPN,"Air transport, passengers carried",IS.AIR.PSGR,2011,89788818.0
Kazakhstan,KAZ,"Air transport, passengers carried",IS.AIR.PSGR,2011,3786453.06391046
Kenya,KEN,"Air transport, passengers carried",IS.AIR.PSGR,2011,4508698.01161552
Kyrgyz Republic,KGZ,"Air transport, passengers carried",IS.AIR.PSGR,2011,526018.012476417
Cambodia,KHM,"Air transport, passengers carried",IS.AIR.PSGR,2011,499981.517962547
"Korea, Rep.",KOR,"Air transport, passengers carried",IS.AIR.PSGR,2011,39911749.5898122
Kuwait,KWT,"Air transport, passengers carried",IS.AIR.PSGR,2011,3722729.502639
Latin America & Caribbean (excluding high income),LAC,"Air transport, passengers carried",IS.AIR.PSGR,2011,167674704.81728122
Lao PDR,LAO,"Air transport, passengers carried",IS.AIR.PSGR,2011,532707.0
Lebanon,LBN,"Air transport, passengers carried",IS.AIR.PSGR,2011,2029610.0
Libya,LBY,"Air transport, passengers carried",IS.AIR.PSGR,2011,2284066.501168
Latin America & Caribbean,LCN,"Air transport, passengers carried",IS.AIR.PSGR,2011,198178802.34158066
Least developed countries: UN classification,LDC,"Air transport, passengers carried",IS.AIR.PSGR,2011,21331556.216019154
Low income,LIC,"Air transport, passengers carried",IS.AIR.PSGR,2011,14168273.53912652
Sri Lanka,LKA,"Air transport, passengers carried",IS.AIR.PSGR,2011,3665394.0
Lower middle income,LMC,"Air transport, passengers carried",IS.AIR.PSGR,2011,180432081.3571934
Low & middle income,LMY,"Air transport, passengers carried",IS.AIR.PSGR,2011,908079464.2805082
Late-demographic dividend,LTE,"Air transport, passengers carried",IS.AIR.PSGR,2011,761255355.3611094
Lithuania,LTU,"Air transport, passengers carried",IS.AIR.PSGR,2011,69445.0
Luxembourg,LUX,"Air transport, passengers carried",IS.AIR.PSGR,2011,785200.0
Latvia,LVA,"Air transport, passengers carried",IS.AIR.PSGR,2011,3299391.0
"Macao SAR, China",MAC,"Air transport, passengers carried",IS.AIR.PSGR,2011,1327732.0
Morocco,MAR,"Air transport, passengers carried",IS.AIR.PSGR,2011,7502696.74521668
Monaco,MCO,"Air transport, passengers carried",IS.AIR.PSGR,2011,63186.0
Moldova,MDA,"Air transport, passengers carried",IS.AIR.PSGR,2011,540679.0
Madagascar,MDG,"Air transport, passengers carried",IS.AIR.PSGR,2011,544100.727272727
Middle East & North Africa,MEA,"Air transport, passengers carried",IS.AIR.PSGR,2011,160271708.77235967
Mexico,MEX,"Air transport, passengers carried",IS.AIR.PSGR,2011,29538937.0
Middle income,MIC,"Air transport, passengers carried",IS.AIR.PSGR,2011,893911190.7413819
Mali,MLI,"Air transport, passengers carried",IS.AIR.PSGR,2011,363857.375904305
Malta,MLT,"Air transport, passengers carried",IS.AIR.PSGR,2011,1673765.0
Myanmar,MMR,"Air transport, passengers carried",IS.AIR.PSGR,2011,1539676.0
Middle East & North Africa (excluding high income),MNA,"Air transport, passengers carried",IS.AIR.PSGR,2011,52290259.42624491
Montenegro,MNE,"Air transport, passengers carried",IS.AIR.PSGR,2011,523356.0
Mongolia,MNG,"Air transport, passengers carried",IS.AIR.PSGR,2011,496649.107733126
Mozambique,MOZ,"Air transport, passengers carried",IS.AIR.PSGR,2011,577019.814468816
Mauritania,MRT,"Air transport, passengers carried",IS.AIR.PSGR,2011,381075.923563429
Mauritius,MUS,"Air transport, passengers carried",IS.AIR.PSGR,2011,1321491.0
Malawi,MWI,"Air transport, passengers carried",IS.AIR.PSGR,2011,82709.5449902358
Malaysia,MYS,"Air transport, passengers carried",IS.AIR.PSGR,2011,38218608.8523534
North America,NAC,"Air transport, passengers carried",IS.AIR.PSGR,2011,796874011.9547392
Namibia,NAM,"Air transport, passengers carried",IS.AIR.PSGR,2011,540867.9
Niger,NER,"Air transport, passengers carried",IS.AIR.PSGR,2011,0.0
Nigeria,NGA,"Air transport, passengers carried",IS.AIR.PSGR,2011,4793913.27416044
Netherlands,NLD,"Air transport, passengers carried",IS.AIR.PSGR,2011,29959476.4043769
Nepal,NPL,"Air transport, passengers carried",IS.AIR.PSGR,2011,901116.117937972
Nauru,NRU,"Air transport, passengers carried",IS.AIR.PSGR,2011,34884.3268867112
New Zealand,NZL,"Air transport, passengers carried",IS.AIR.PSGR,2011,13747024.2069686
OECD members,OED,"Air transport, passengers carried",IS.AIR.PSGR,2011,1767775671.2022338
Oman,OMN,"Air transport, passengers carried",IS.AIR.PSGR,2011,3795755.0
Pakistan,PAK,"Air transport, passengers carried",IS.AIR.PSGR,2011,7940545.07551206
Panama,PAN,"Air transport, passengers carried",IS.AIR.PSGR,2011,6380080.18386967
Peru,PER,"Air transport, passengers carried",IS.AIR.PSGR,2011,8609620.35441221
Philippines,PHL,"Air transport, passengers carried",IS.AIR.PSGR,2011,26326620.7628322
Papua New Guinea,PNG,"Air transport, passengers carried",IS.AIR.PSGR,2011,1563593.85321111
Poland,POL,"Air transport, passengers carried",IS.AIR.PSGR,2011,4448727.0598285
Pre-demographic dividend,PRE,"Air transport, passengers carried",IS.AIR.PSGR,2011,20387700.77288645
"Korea, Dem. People's Rep.",PRK,"Air transport, passengers carried",IS.AIR.PSGR,2011,78558.8615502066
Portugal,PRT,"Air transport, passengers carried",IS.AIR.PSGR,2011,11014639.0
Paraguay,PRY,"Air transport, passengers carried",IS.AIR.PSGR,2011,845395.688848872
Pacific island small states,PSS,"Air transport, passengers carried",IS.AIR.PSGR,2011,1691669.508474609
Post-demographic dividend,PST,"Air transport, passengers carried",IS.AIR.PSGR,2011,1619241221.5304716
Qatar,QAT,"Air transport, passengers carried",IS.AIR.PSGR,2011,14568106.0
Romania,ROU,"Air transport, passengers carried",IS.AIR.PSGR,2011,3659209.0
Russian Federation,RUS,"Air transport, passengers carried",IS.AIR.PSGR,2011,50555805.0
Rwanda,RWA,"Air transport, passengers carried",IS.AIR.PSGR,2011,268376.55
South Asia,SAS,"Air transport, passengers carried",IS.AIR.PSGR,2011,91031850.07181601
Saudi Arabia,SAU,"Air transport, passengers carried",IS.AIR.PSGR,2011,23135735.0
Sudan,SDN,"Air transport, passengers carried",IS.AIR.PSGR,2011,947031.456113152
Senegal,SEN,"Air transport, passengers carried",IS.AIR.PSGR,2011,391401.4
Singapore,SGP,"Air transport, passengers carried",IS.AIR.PSGR,2011,26509929.1424906
Solomon Islands,SLB,"Air transport, passengers carried",IS.AIR.PSGR,2011,140183.263883557
Sierra Leone,SLE,"Air transport, passengers carried",IS.AIR.PSGR,2011,48789.0
El Salvador,SLV,"Air transport, passengers carried",IS.AIR.PSGR,2011,2151274.0
Somalia,SOM,"Air transport, passengers carried",IS.AIR.PSGR,2011,177005.4
Serbia,SRB,"Air transport, passengers carried",IS.AIR.PSGR,2011,1149102.0
Sub-Saharan Africa (excluding high income),SSA,"Air transport, passengers carried",IS.AIR.PSGR,2011,42254442.40103398
Sub-Saharan Africa,SSF,"Air transport, passengers carried",IS.AIR.PSGR,2011,42648276.40103398
Small states,SST,"Air transport, passengers carried",IS.AIR.PSGR,2011,20587558.889797587
Suriname,SUR,"Air transport, passengers carried",IS.AIR.PSGR,2011,204096.675971812
Slovak Republic,SVK,"Air transport, passengers carried",IS.AIR.PSGR,2011,34859.0
Slovenia,SVN,"Air transport, passengers carried",IS.AIR.PSGR,2011,972711.0
Sweden,SWE,"Air transport, passengers carried",IS.AIR.PSGR,2011,46260220.0
Seychelles,SYC,"Air transport, passengers carried",IS.AIR.PSGR,2011,393834.0
Syrian Arab Republic,SYR,"Air transport, passengers carried",IS.AIR.PSGR,2011,1433766.69473226
Chad,TCD,"Air transport, passengers carried",IS.AIR.PSGR,2011,74653.8
East Asia & Pacific (IDA & IBRD countries),TEA,"Air transport, passengers carried",IS.AIR.PSGR,2011,482426892.52563584
Europe & Central Asia (IDA & IBRD countries),TEC,"Air transport, passengers carried",IS.AIR.PSGR,2011,133766768.56366113
Togo,TGO,"Air transport, passengers carried",IS.AIR.PSGR,2011,832351.156397303
Thailand,THA,"Air transport, passengers carried",IS.AIR.PSGR,2011,31940491.9838508
Tajikistan,TJK,"Air transport, passengers carried",IS.AIR.PSGR,2011,846967.380250537
Turkmenistan,TKM,"Air transport, passengers carried",IS.AIR.PSGR,2011,160243.765375931
Latin America & the Caribbean (IDA & IBRD countries),TLA,"Air transport, passengers carried",IS.AIR.PSGR,2011,195644076.78756058
Middle East & North Africa (IDA & IBRD countries),TMN,"Air transport, passengers carried",IS.AIR.PSGR,2011,52290259.426244915
South Asia (IDA & IBRD),TSA,"Air transport, passengers carried",IS.AIR.PSGR,2011,91031850.07181601
Sub-Saharan Africa (IDA & IBRD countries),TSS,"Air transport, passengers carried",IS.AIR.PSGR,2011,42648276.40103398
Trinidad and Tobago,TTO,"Air transport, passengers carried",IS.AIR.PSGR,2011,2625055.71304041
Tunisia,TUN,"Air transport, passengers carried",IS.AIR.PSGR,2011,3153388.97660989
Turkiye,TUR,"Air transport, passengers carried",IS.AIR.PSGR,2011,53500303.0
Tanzania,TZA,"Air transport, passengers carried",IS.AIR.PSGR,2011,914932.03761187
Uganda,UGA,"Air transport, passengers carried",IS.AIR.PSGR,2011,141603.0
Ukraine,UKR,"Air transport, passengers carried",IS.AIR.PSGR,2011,5477654.91818182
Upper middle income,UMC,"Air transport, passengers carried",IS.AIR.PSGR,2011,713479109.3841882
United States,USA,"Air transport, passengers carried",IS.AIR.PSGR,2011,730796000.0
Uzbekistan,UZB,"Air transport, passengers carried",IS.AIR.PSGR,2011,2275947.0
"Venezuela, RB",VEN,"Air transport, passengers carried",IS.AIR.PSGR,2011,7728281.25393288
Viet Nam,VNM,"Air transport, passengers carried",IS.AIR.PSGR,2011,16544477.8301699
Vanuatu,VUT,"Air transport, passengers carried",IS.AIR.PSGR,2011,240396.437704341
World,WLD,"Air transport, passengers carried",IS.AIR.PSGR,2011,2833214050.182069
"Yemen, Rep.",YEM,"Air transport, passengers carried",IS.AIR.PSGR,2011,1492073.32859812
South Africa,ZAF,"Air transport, passengers carried",IS.AIR.PSGR,2011,16407784.9571682
Zambia,ZMB,"Air transport, passengers carried",IS.AIR.PSGR,2011,306034.3
Zimbabwe,ZWE,"Air transport, passengers carried",IS.AIR.PSGR,2011,279347.618391502
Africa Eastern and Southern,AFE,"Air transport, passengers carried",IS.AIR.PSGR,2012,35838679.01480148
Afghanistan,AFG,"Air transport, passengers carried",IS.AIR.PSGR,2012,1737962.12640656
Africa Western and Central,AFW,"Air transport, passengers carried",IS.AIR.PSGR,2012,9570161.787566964
Angola,AGO,"Air transport, passengers carried",IS.AIR.PSGR,2012,1132424.0
Albania,ALB,"Air transport, passengers carried",IS.AIR.PSGR,2012,814339.730278696
Arab World,ARB,"Air transport, passengers carried",IS.AIR.PSGR,2012,152014159.66126993
United Arab Emirates,ARE,"Air transport, passengers carried",IS.AIR.PSGR,2012,59948766.6976478
Argentina,ARG,"Air transport, passengers carried",IS.AIR.PSGR,2012,9375669.73963746
Armenia,ARM,"Air transport, passengers carried",IS.AIR.PSGR,2012,364733.0
American Samoa,ASM,"Air transport, passengers carried",IS.AIR.PSGR,2012,56096.9796769151
Antigua and Barbuda,ATG,"Air transport, passengers carried",IS.AIR.PSGR,2012,1310276.41341743
Australia,AUS,"Air transport, passengers carried",IS.AIR.PSGR,2012,66355274.0
Austria,AUT,"Air transport, passengers carried",IS.AIR.PSGR,2012,14518841.0529716
Azerbaijan,AZE,"Air transport, passengers carried",IS.AIR.PSGR,2012,1560084.0
Belgium,BEL,"Air transport, passengers carried",IS.AIR.PSGR,2012,9508165.31494536
Benin,BEN,"Air transport, passengers carried",IS.AIR.PSGR,2012,58314.1
Burkina Faso,BFA,"Air transport, passengers carried",IS.AIR.PSGR,2012,125693.696444909
Bangladesh,BGD,"Air transport, passengers carried",IS.AIR.PSGR,2012,2195061.68029907
Bulgaria,BGR,"Air transport, passengers carried",IS.AIR.PSGR,2012,973062.0
Bahrain,BHR,"Air transport, passengers carried",IS.AIR.PSGR,2012,5861786.99900694
"Bahamas, The",BHS,"Air transport, passengers carried",IS.AIR.PSGR,2012,1048391.0668218
Bosnia and Herzegovina,BIH,"Air transport, passengers carried",IS.AIR.PSGR,2012,24874.0896320184
Belarus,BLR,"Air transport, passengers carried",IS.AIR.PSGR,2012,943081.0
Belize,BLZ,"Air transport, passengers carried",IS.AIR.PSGR,2012,448015.914026667
Bolivia,BOL,"Air transport, passengers carried",IS.AIR.PSGR,2012,2206069.76066974
Brazil,BRA,"Air transport, passengers carried",IS.AIR.PSGR,2012,94752568.0
Brunei Darussalam,BRN,"Air transport, passengers carried",IS.AIR.PSGR,2012,1044170.0
Bhutan,BTN,"Air transport, passengers carried",IS.AIR.PSGR,2012,193405.0
Botswana,BWA,"Air transport, passengers carried",IS.AIR.PSGR,2012,415130.020977764
Canada,CAN,"Air transport, passengers carried",IS.AIR.PSGR,2012,70467400.7928687
Central Europe and the Baltics,CEB,"Air transport, passengers carried",IS.AIR.PSGR,2012,32490649.468497477
Switzerland,CHE,"Air transport, passengers carried",IS.AIR.PSGR,2012,26386306.6034666
Chile,CHL,"Air transport, passengers carried",IS.AIR.PSGR,2012,12892856.0
China,CHN,"Air transport, passengers carried",IS.AIR.PSGR,2012,318475924.0
Cote d'Ivoire,CIV,"Air transport, passengers carried",IS.AIR.PSGR,2012,39485.4722019258
Cameroon,CMR,"Air transport, passengers carried",IS.AIR.PSGR,2012,248027.2
"Congo, Dem. Rep.",COD,"Air transport, passengers carried",IS.AIR.PSGR,2012,471536.204614927
"Congo, Rep.",COG,"Air transport, passengers carried",IS.AIR.PSGR,2012,703966.421078759
Colombia,COL,"Air transport, passengers carried",IS.AIR.PSGR,2012,22012458.8443775
Cabo Verde,CPV,"Air transport, passengers carried",IS.AIR.PSGR,2012,597982.600368215
Costa Rica,CRI,"Air transport, passengers carried",IS.AIR.PSGR,2012,1770111.37834698
Caribbean small states,CSS,"Air transport, passengers carried",IS.AIR.PSGR,2012,3294989.1834097654
Cuba,CUB,"Air transport, passengers carried",IS.AIR.PSGR,2012,1313502.68398397
Cyprus,CYP,"Air transport, passengers carried",IS.AIR.PSGR,2012,1285976.0
Czechia,CZE,"Air transport, passengers carried",IS.AIR.PSGR,2012,3594882.0
Germany,DEU,"Air transport, passengers carried",IS.AIR.PSGR,2012,105978474.526384
Dominican Republic,DOM,"Air transport, passengers carried",IS.AIR.PSGR,2012,28442.05
Algeria,DZA,"Air transport, passengers carried",IS.AIR.PSGR,2012,4082595.0
East Asia & Pacific (excluding high income),EAP,"Air transport, passengers carried",IS.AIR.PSGR,2012,526045298.37355006
Early-demographic dividend,EAR,"Air transport, passengers carried",IS.AIR.PSGR,2012,443984379.6883076
East Asia & Pacific,EAS,"Air transport, passengers carried",IS.AIR.PSGR,2012,809282604.511398
Europe & Central Asia (excluding high income),ECA,"Air transport, passengers carried",IS.AIR.PSGR,2012,83343593.42896293
Europe & Central Asia,ECS,"Air transport, passengers carried",IS.AIR.PSGR,2012,799109209.9465674
Ecuador,ECU,"Air transport, passengers carried",IS.AIR.PSGR,2012,4758406.30677172
"Egypt, Arab Rep.",EGY,"Air transport, passengers carried",IS.AIR.PSGR,2012,9081175.14629562
Euro area,EMU,"Air transport, passengers carried",IS.AIR.PSGR,2012,439748948.516337
Spain,ESP,"Air transport, passengers carried",IS.AIR.PSGR,2012,48089178.327112
Estonia,EST,"Air transport, passengers carried",IS.AIR.PSGR,2012,914519.0
Ethiopia,ETH,"Air transport, passengers carried",IS.AIR.PSGR,2012,5001121.86524561
European Union,EUU,"Air transport, passengers carried",IS.AIR.PSGR,2012,514301800.9848345
Fragile and conflict affected situations,FCS,"Air transport, passengers carried",IS.AIR.PSGR,2012,38732387.24388398
Finland,FIN,"Air transport, passengers carried",IS.AIR.PSGR,2012,10731828.4925915
Fiji,FJI,"Air transport, passengers carried",IS.AIR.PSGR,2012,1225268.56188571
France,FRA,"Air transport, passengers carried",IS.AIR.PSGR,2012,64683769.0243213
Gabon,GAB,"Air transport, passengers carried",IS.AIR.PSGR,2012,42729.3194712764
United Kingdom,GBR,"Air transport, passengers carried",IS.AIR.PSGR,2012,115419920.565667
Georgia,GEO,"Air transport, passengers carried",IS.AIR.PSGR,2012,178363.0
Ghana,GHA,"Air transport, passengers carried",IS.AIR.PSGR,2012,691271.96142731
"Gambia, The",GMB,"Air transport, passengers carried",IS.AIR.PSGR,2012,11284.0
Equatorial Guinea,GNQ,"Air transport, passengers carried",IS.AIR.PSGR,2012,316620.85
Greece,GRC,"Air transport, passengers carried",IS.AIR.PSGR,2012,8785275.45592775
Guatemala,GTM,"Air transport, passengers carried",IS.AIR.PSGR,2012,288013.900825685
Guyana,GUY,"Air transport, passengers carried",IS.AIR.PSGR,2012,247780.347691014
High income,HIC,"Air transport, passengers carried",IS.AIR.PSGR,2012,1956411146.9629586
"Hong Kong SAR, China",HKG,"Air transport, passengers carried",IS.AIR.PSGR,2012,32247332.0776827
Honduras,HND,"Air transport, passengers carried",IS.AIR.PSGR,2012,422016.887644915
Heavily indebted poor countries (HIPC),HPC,"Air transport, passengers carried",IS.AIR.PSGR,2012,18073364.030062713
Croatia,HRV,"Air transport, passengers carried",IS.AIR.PSGR,2012,1872799.0
Hungary,HUN,"Air transport, passengers carried",IS.AIR.PSGR,2012,12289555.0764284
IBRD only,IBD,"Air transport, passengers carried",IS.AIR.PSGR,2012,1025679462.9086865
IDA & IBRD total,IBT,"Air transport, passengers carried",IS.AIR.PSGR,2012,1080347426.5604415
IDA total,IDA,"Air transport, passengers carried",IS.AIR.PSGR,2012,54667963.65175505
IDA blend,IDB,"Air transport, passengers carried",IS.AIR.PSGR,2012,25111538.30582269
Indonesia,IDN,"Air transport, passengers carried",IS.AIR.PSGR,2012,79405799.80957
IDA only,IDX,"Air transport, passengers carried",IS.AIR.PSGR,2012,29556425.34593235
India,IND,"Air transport, passengers carried",IS.AIR.PSGR,2012,72151828.8895485
Ireland,IRL,"Air transport, passengers carried",IS.AIR.PSGR,2012,92637189.1903926
"Iran, Islamic Rep.",IRN,"Air transport, passengers carried",IS.AIR.PSGR,2012,17687478.5197214
Iraq,IRQ,"Air transport, passengers carried",IS.AIR.PSGR,2012,784944.25303469
Iceland,ISL,"Air transport, passengers carried",IS.AIR.PSGR,2012,2400160.0
Israel,ISR,"Air transport, passengers carried",IS.AIR.PSGR,2012,5381980.0
Italy,ITA,"Air transport, passengers carried",IS.AIR.PSGR,2012,31072962.155732
Jamaica,JAM,"Air transport, passengers carried",IS.AIR.PSGR,2012,0.0
Jordan,JOR,"Air transport, passengers carried",IS.AIR.PSGR,2012,3438356.0
Japan,JPN,"Air transport, passengers carried",IS.AIR.PSGR,2012,98907859.0
Kazakhstan,KAZ,"Air transport, passengers carried",IS.AIR.PSGR,2012,4064819.02272334
Kenya,KEN,"Air transport, passengers carried",IS.AIR.PSGR,2012,4653459.73514364
Kyrgyz Republic,KGZ,"Air transport, passengers carried",IS.AIR.PSGR,2012,494640.426821988
Cambodia,KHM,"Air transport, passengers carried",IS.AIR.PSGR,2012,508688.509386018
"Korea, Rep.",KOR,"Air transport, passengers carried",IS.AIR.PSGR,2012,39969577.0157166
Kuwait,KWT,"Air transport, passengers carried",IS.AIR.PSGR,2012,3481039.0
Latin America & Caribbean (excluding high income),LAC,"Air transport, passengers carried",IS.AIR.PSGR,2012,183917537.24421468
Lao PDR,LAO,"Air transport, passengers carried",IS.AIR.PSGR,2012,877949.881372257
Lebanon,LBN,"Air transport, passengers carried",IS.AIR.PSGR,2012,2148669.0
Libya,LBY,"Air transport, passengers carried",IS.AIR.PSGR,2012,1398125.13429558
Latin America & Caribbean,LCN,"Air transport, passengers carried",IS.AIR.PSGR,2012,217297987.70764747
Least developed countries: UN classification,LDC,"Air transport, passengers carried",IS.AIR.PSGR,2012,22107026.9609922
Low income,LIC,"Air transport, passengers carried",IS.AIR.PSGR,2012,13737452.86004871
Sri Lanka,LKA,"Air transport, passengers carried",IS.AIR.PSGR,2012,4616417.0
Lower middle income,LMC,"Air transport, passengers carried",IS.AIR.PSGR,2012,184929417.74986777
Low & middle income,LMY,"Air transport, passengers carried",IS.AIR.PSGR,2012,979098255.9564811
Late-demographic dividend,LTE,"Air transport, passengers carried",IS.AIR.PSGR,2012,830069110.5352784
Lithuania,LTU,"Air transport, passengers carried",IS.AIR.PSGR,2012,592996.0
Luxembourg,LUX,"Air transport, passengers carried",IS.AIR.PSGR,2012,781146.0
Latvia,LVA,"Air transport, passengers carried",IS.AIR.PSGR,2012,2888683.0
"Macao SAR, China",MAC,"Air transport, passengers carried",IS.AIR.PSGR,2012,1561850.0
Morocco,MAR,"Air transport, passengers carried",IS.AIR.PSGR,2012,6563646.6759083
Monaco,MCO,"Air transport, passengers carried",IS.AIR.PSGR,2012,65404.3636363636
Moldova,MDA,"Air transport, passengers carried",IS.AIR.PSGR,2012,543872.0
Madagascar,MDG,"Air transport, passengers carried",IS.AIR.PSGR,2012,588169.0
Middle East & North Africa,MEA,"Air transport, passengers carried",IS.AIR.PSGR,2012,175337423.62551716
Mexico,MEX,"Air transport, passengers carried",IS.AIR.PSGR,2012,32909408.724554
Middle income,MIC,"Air transport, passengers carried",IS.AIR.PSGR,2012,965360803.0964324
Mali,MLI,"Air transport, passengers carried",IS.AIR.PSGR,2012,181742.614202486
Malta,MLT,"Air transport, passengers carried",IS.AIR.PSGR,2012,1535101.0
Myanmar,MMR,"Air transport, passengers carried",IS.AIR.PSGR,2012,1663425.4345762
Middle East & North Africa (excluding high income),MNA,"Air transport, passengers carried",IS.AIR.PSGR,2012,50973534.92886243
Montenegro,MNE,"Air transport, passengers carried",IS.AIR.PSGR,2012,544519.0
Mongolia,MNG,"Air transport, passengers carried",IS.AIR.PSGR,2012,626469.96653678
Mozambique,MOZ,"Air transport, passengers carried",IS.AIR.PSGR,2012,559608.795668202
Mauritania,MRT,"Air transport, passengers carried",IS.AIR.PSGR,2012,325239.52355014
Mauritius,MUS,"Air transport, passengers carried",IS.AIR.PSGR,2012,1313976.0
Malawi,MWI,"Air transport, passengers carried",IS.AIR.PSGR,2012,53518.9979970389
Malaysia,MYS,"Air transport, passengers carried",IS.AIR.PSGR,2012,39165195.2176778
North America,NAC,"Air transport, passengers carried",IS.AIR.PSGR,2012,807166400.7928687
Namibia,NAM,"Air transport, passengers carried",IS.AIR.PSGR,2012,632330.085
Niger,NER,"Air transport, passengers carried",IS.AIR.PSGR,2012,119652.0
Nigeria,NGA,"Air transport, passengers carried",IS.AIR.PSGR,2012,4716148.08073056
Netherlands,NLD,"Air transport, passengers carried",IS.AIR.PSGR,2012,31672223.9759589
Nepal,NPL,"Air transport, passengers carried",IS.AIR.PSGR,2012,776864.1215957
Nauru,NRU,"Air transport, passengers carried",IS.AIR.PSGR,2012,19334.8478455911
New Zealand,NZL,"Air transport, passengers carried",IS.AIR.PSGR,2012,13937353.9431784
OECD members,OED,"Air transport, passengers carried",IS.AIR.PSGR,2012,1813901529.8530104
Oman,OMN,"Air transport, passengers carried",IS.AIR.PSGR,2012,4430383.0
Pakistan,PAK,"Air transport, passengers carried",IS.AIR.PSGR,2012,7973906.36067277
Panama,PAN,"Air transport, passengers carried",IS.AIR.PSGR,2012,7517581.27701275
Peru,PER,"Air transport, passengers carried",IS.AIR.PSGR,2012,10074855.6119232
Philippines,PHL,"Air transport, passengers carried",IS.AIR.PSGR,2012,28540727.3608103
Papua New Guinea,PNG,"Air transport, passengers carried",IS.AIR.PSGR,2012,1630308.43210537
Poland,POL,"Air transport, passengers carried",IS.AIR.PSGR,2012,4909100.39206908
Pre-demographic dividend,PRE,"Air transport, passengers carried",IS.AIR.PSGR,2012,20515501.676293015
"Korea, Dem. People's Rep.",PRK,"Air transport, passengers carried",IS.AIR.PSGR,2012,100113.348581399
Portugal,PRT,"Air transport, passengers carried",IS.AIR.PSGR,2012,11338080.0
Paraguay,PRY,"Air transport, passengers carried",IS.AIR.PSGR,2012,794176.0
Pacific island small states,PSS,"Air transport, passengers carried",IS.AIR.PSGR,2012,1701510.5250370014
Post-demographic dividend,PST,"Air transport, passengers carried",IS.AIR.PSGR,2012,1648538084.4738517
Qatar,QAT,"Air transport, passengers carried",IS.AIR.PSGR,2012,17187171.0
Romania,ROU,"Air transport, passengers carried",IS.AIR.PSGR,2012,3593312.0
Russian Federation,RUS,"Air transport, passengers carried",IS.AIR.PSGR,2012,58727125.0
Rwanda,RWA,"Air transport, passengers carried",IS.AIR.PSGR,2012,593198.45
South Asia,SAS,"Air transport, passengers carried",IS.AIR.PSGR,2012,89645445.17852259
Saudi Arabia,SAU,"Air transport, passengers carried",IS.AIR.PSGR,2012,26537661.0
Sudan,SDN,"Air transport, passengers carried",IS.AIR.PSGR,2012,777346.331924026
Senegal,SEN,"Air transport, passengers carried",IS.AIR.PSGR,2012,543987.6
Singapore,SGP,"Air transport, passengers carried",IS.AIR.PSGR,2012,29138458.2737476
Solomon Islands,SLB,"Air transport, passengers carried",IS.AIR.PSGR,2012,138160.1153057
Sierra Leone,SLE,"Air transport, passengers carried",IS.AIR.PSGR,2012,50193.0
El Salvador,SLV,"Air transport, passengers carried",IS.AIR.PSGR,2012,2523296.0
Somalia,SOM,"Air transport, passengers carried",IS.AIR.PSGR,2012,178709.7
Serbia,SRB,"Air transport, passengers carried",IS.AIR.PSGR,2012,1240709.0
Sub-Saharan Africa (excluding high income),SSA,"Air transport, passengers carried",IS.AIR.PSGR,2012,45172846.80236843
Sub-Saharan Africa,SSF,"Air transport, passengers carried",IS.AIR.PSGR,2012,45408840.80236844
Small states,SST,"Air transport, passengers carried",IS.AIR.PSGR,2012,20924089.307821922
Suriname,SUR,"Air transport, passengers carried",IS.AIR.PSGR,2012,240525.441452855
Slovak Republic,SVK,"Air transport, passengers carried",IS.AIR.PSGR,2012,45111.0
Slovenia,SVN,"Air transport, passengers carried",IS.AIR.PSGR,2012,816630.0
Sweden,SWE,"Air transport, passengers carried",IS.AIR.PSGR,2012,49192941.0
Seychelles,SYC,"Air transport, passengers carried",IS.AIR.PSGR,2012,235994.0
Syrian Arab Republic,SYR,"Air transport, passengers carried",IS.AIR.PSGR,2012,907927.74176397
Chad,TCD,"Air transport, passengers carried",IS.AIR.PSGR,2012,52041.6
East Asia & Pacific (IDA & IBRD countries),TEA,"Air transport, passengers carried",IS.AIR.PSGR,2012,525964519.87281436
Europe & Central Asia (IDA & IBRD countries),TEC,"Air transport, passengers carried",IS.AIR.PSGR,2012,153418991.821032
Togo,TGO,"Air transport, passengers carried",IS.AIR.PSGR,2012,745781.748091383
Thailand,THA,"Air transport, passengers carried",IS.AIR.PSGR,2012,36392469.3545263
Tajikistan,TJK,"Air transport, passengers carried",IS.AIR.PSGR,2012,650130.547389031
Turkmenistan,TKM,"Air transport, passengers carried",IS.AIR.PSGR,2012,147500.0
Latin America & the Caribbean (IDA & IBRD countries),TLA,"Air transport, passengers carried",IS.AIR.PSGR,2012,214936093.95684168
Middle East & North Africa (IDA & IBRD countries),TMN,"Air transport, passengers carried",IS.AIR.PSGR,2012,50973534.92886242
South Asia (IDA & IBRD),TSA,"Air transport, passengers carried",IS.AIR.PSGR,2012,89645445.17852259
Sub-Saharan Africa (IDA & IBRD countries),TSS,"Air transport, passengers carried",IS.AIR.PSGR,2012,45408840.80236846
Trinidad and Tobago,TTO,"Air transport, passengers carried",IS.AIR.PSGR,2012,2625055.71304041
Tunisia,TUN,"Air transport, passengers carried",IS.AIR.PSGR,2012,3580910.21873467
Turkiye,TUR,"Air transport, passengers carried",IS.AIR.PSGR,2012,63350312.0
Tanzania,TZA,"Air transport, passengers carried",IS.AIR.PSGR,2012,1030203.57520377
Uganda,UGA,"Air transport, passengers carried",IS.AIR.PSGR,2012,182144.4
Ukraine,UKR,"Air transport, passengers carried",IS.AIR.PSGR,2012,5828107.61211785
Upper middle income,UMC,"Air transport, passengers carried",IS.AIR.PSGR,2012,780431385.3465648
United States,USA,"Air transport, passengers carried",IS.AIR.PSGR,2012,736699000.0
Uzbekistan,UZB,"Air transport, passengers carried",IS.AIR.PSGR,2012,2593509.0
"Venezuela, RB",VEN,"Air transport, passengers carried",IS.AIR.PSGR,2012,7738509.64544939
Viet Nam,VNM,"Air transport, passengers carried",IS.AIR.PSGR,2012,16976051.3812163
Vanuatu,VUT,"Air transport, passengers carried",IS.AIR.PSGR,2012,318747.0
World,WLD,"Air transport, passengers carried",IS.AIR.PSGR,2012,2943247912.5648885
"Yemen, Rep.",YEM,"Air transport, passengers carried",IS.AIR.PSGR,2012,1299707.2391082
South Africa,ZAF,"Air transport, passengers carried",IS.AIR.PSGR,2012,17571565.2032155
Zambia,ZMB,"Air transport, passengers carried",IS.AIR.PSGR,2012,127296.65
Zimbabwe,ZWE,"Air transport, passengers carried",IS.AIR.PSGR,2012,320945.999810999
Africa Eastern and Southern,AFE,"Air transport, passengers carried",IS.AIR.PSGR,2013,35112457.818
Afghanistan,AFG,"Air transport, passengers carried",IS.AIR.PSGR,2013,2044188.0
Africa Western and Central,AFW,"Air transport, passengers carried",IS.AIR.PSGR,2013,8677884.0
Angola,AGO,"Air transport, passengers carried",IS.AIR.PSGR,2013,1321872.0
Albania,ALB,"Air transport, passengers carried",IS.AIR.PSGR,2013,865848.0
Arab World,ARB,"Air transport, passengers carried",IS.AIR.PSGR,2013,166209279.14078408
United Arab Emirates,ARE,"Air transport, passengers carried",IS.AIR.PSGR,2013,68151865.0
Argentina,ARG,"Air transport, passengers carried",IS.AIR.PSGR,2013,11951276.8223926
Armenia,ARM,"Air transport, passengers carried",IS.AIR.PSGR,2013,45000.0
American Samoa,ASM,"Air transport, passengers carried",IS.AIR.PSGR,2013,72240.0
Antigua and Barbuda,ATG,"Air transport, passengers carried",IS.AIR.PSGR,2013,1218000.0
Australia,AUS,"Air transport, passengers carried",IS.AIR.PSGR,2013,68197955.0
Austria,AUT,"Air transport, passengers carried",IS.AIR.PSGR,2013,15037454.0
Azerbaijan,AZE,"Air transport, passengers carried",IS.AIR.PSGR,2013,1651710.0
Belgium,BEL,"Air transport, passengers carried",IS.AIR.PSGR,2013,9521421.0
Benin,BEN,"Air transport, passengers carried",IS.AIR.PSGR,2013,137640.0
Burkina Faso,BFA,"Air transport, passengers carried",IS.AIR.PSGR,2013,138996.0
Bangladesh,BGD,"Air transport, passengers carried",IS.AIR.PSGR,2013,2781708.0
Bulgaria,BGR,"Air transport, passengers carried",IS.AIR.PSGR,2013,1013220.0
Bahrain,BHR,"Air transport, passengers carried",IS.AIR.PSGR,2013,4626648.0
"Bahamas, The",BHS,"Air transport, passengers carried",IS.AIR.PSGR,2013,576996.0
Bosnia and Herzegovina,BIH,"Air transport, passengers carried",IS.AIR.PSGR,2013,15000.0
Belarus,BLR,"Air transport, passengers carried",IS.AIR.PSGR,2013,1159500.0
Belize,BLZ,"Air transport, passengers carried",IS.AIR.PSGR,2013,513175.6
Bolivia,BOL,"Air transport, passengers carried",IS.AIR.PSGR,2013,2027888.0
Brazil,BRA,"Air transport, passengers carried",IS.AIR.PSGR,2013,95591641.0
Brunei Darussalam,BRN,"Air transport, passengers carried",IS.AIR.PSGR,2013,1139784.0
Bhutan,BTN,"Air transport, passengers carried",IS.AIR.PSGR,2013,207996.0
Botswana,BWA,"Air transport, passengers carried",IS.AIR.PSGR,2013,270996.0
Canada,CAN,"Air transport, passengers carried",IS.AIR.PSGR,2013,71526725.918431
Central Europe and the Baltics,CEB,"Air transport, passengers carried",IS.AIR.PSGR,2013,35246300.74866764
Switzerland,CHE,"Air transport, passengers carried",IS.AIR.PSGR,2013,27503416.0
Chile,CHL,"Air transport, passengers carried",IS.AIR.PSGR,2013,13806283.0
China,CHN,"Air transport, passengers carried",IS.AIR.PSGR,2013,352795296.0
Cote d'Ivoire,CIV,"Air transport, passengers carried",IS.AIR.PSGR,2013,234996.0
Cameroon,CMR,"Air transport, passengers carried",IS.AIR.PSGR,2013,287208.0
"Congo, Dem. Rep.",COD,"Air transport, passengers carried",IS.AIR.PSGR,2013,456000.0
"Congo, Rep.",COG,"Air transport, passengers carried",IS.AIR.PSGR,2013,652452.0
Colombia,COL,"Air transport, passengers carried",IS.AIR.PSGR,2013,26929238.0
Cabo Verde,CPV,"Air transport, passengers carried",IS.AIR.PSGR,2013,600000.0
Costa Rica,CRI,"Air transport, passengers carried",IS.AIR.PSGR,2013,1498996.0
Caribbean small states,CSS,"Air transport, passengers carried",IS.AIR.PSGR,2013,2563375.6
Cuba,CUB,"Air transport, passengers carried",IS.AIR.PSGR,2013,1395072.0
Cyprus,CYP,"Air transport, passengers carried",IS.AIR.PSGR,2013,1211208.0
Czechia,CZE,"Air transport, passengers carried",IS.AIR.PSGR,2013,5186676.0
Germany,DEU,"Air transport, passengers carried",IS.AIR.PSGR,2013,109062321.51578
Dominican Republic,DOM,"Air transport, passengers carried",IS.AIR.PSGR,2013,20004.0
Algeria,DZA,"Air transport, passengers carried",IS.AIR.PSGR,2013,4492436.96334419
East Asia & Pacific (excluding high income),EAP,"Air transport, passengers carried",IS.AIR.PSGR,2013,579794849.8401834
Early-demographic dividend,EAR,"Air transport, passengers carried",IS.AIR.PSGR,2013,473370786.8684198
East Asia & Pacific,EAS,"Air transport, passengers carried",IS.AIR.PSGR,2013,893899315.8393784
Europe & Central Asia (excluding high income),ECA,"Air transport, passengers carried",IS.AIR.PSGR,2013,96541595.80898754
Europe & Central Asia,ECS,"Air transport, passengers carried",IS.AIR.PSGR,2013,830731466.8914351
Ecuador,ECU,"Air transport, passengers carried",IS.AIR.PSGR,2013,5157521.0
"Egypt, Arab Rep.",EGY,"Air transport, passengers carried",IS.AIR.PSGR,2013,10593780.1774399
Euro area,EMU,"Air transport, passengers carried",IS.AIR.PSGR,2013,442802171.33378
Spain,ESP,"Air transport, passengers carried",IS.AIR.PSGR,2013,48056735.818
Estonia,EST,"Air transport, passengers carried",IS.AIR.PSGR,2013,627588.0
Ethiopia,ETH,"Air transport, passengers carried",IS.AIR.PSGR,2013,5671501.0
European Union,EUU,"Air transport, passengers carried",IS.AIR.PSGR,2013,522944433.08244765
Fragile and conflict affected situations,FCS,"Air transport, passengers carried",IS.AIR.PSGR,2013,38896500.17335996
Finland,FIN,"Air transport, passengers carried",IS.AIR.PSGR,2013,10467321.0
Fiji,FJI,"Air transport, passengers carried",IS.AIR.PSGR,2013,1161936.0
France,FRA,"Air transport, passengers carried",IS.AIR.PSGR,2013,63925151.0
Gabon,GAB,"Air transport, passengers carried",IS.AIR.PSGR,2013,0.0
United Kingdom,GBR,"Air transport, passengers carried",IS.AIR.PSGR,2013,118605866.0
Georgia,GEO,"Air transport, passengers carried",IS.AIR.PSGR,2013,189316.0
Ghana,GHA,"Air transport, passengers carried",IS.AIR.PSGR,2013,396372.0
"Gambia, The",GMB,"Air transport, passengers carried",IS.AIR.PSGR,2013,146784.0
Equatorial Guinea,GNQ,"Air transport, passengers carried",IS.AIR.PSGR,2013,401712.0
Greece,GRC,"Air transport, passengers carried",IS.AIR.PSGR,2013,8761116.0
Guatemala,GTM,"Air transport, passengers carried",IS.AIR.PSGR,2013,78264.0
Guyana,GUY,"Air transport, passengers carried",IS.AIR.PSGR,2013,0.0
High income,HIC,"Air transport, passengers carried",IS.AIR.PSGR,2013,2028636813.0000734
"Hong Kong SAR, China",HKG,"Air transport, passengers carried",IS.AIR.PSGR,2013,34644497.0
Honduras,HND,"Air transport, passengers carried",IS.AIR.PSGR,2013,372972.0
Heavily indebted poor countries (HIPC),HPC,"Air transport, passengers carried",IS.AIR.PSGR,2013,18079383.818
Croatia,HRV,"Air transport, passengers carried",IS.AIR.PSGR,2013,1716702.0
Hungary,HUN,"Air transport, passengers carried",IS.AIR.PSGR,2013,13926540.0
IBRD only,IBD,"Air transport, passengers carried",IS.AIR.PSGR,2013,1118560621.5300386
IDA & IBRD total,IBT,"Air transport, passengers carried",IS.AIR.PSGR,2013,1174597728.9212673
IDA total,IDA,"Air transport, passengers carried",IS.AIR.PSGR,2013,56037107.39122865
IDA blend,IDB,"Air transport, passengers carried",IS.AIR.PSGR,2013,24611413.68773203
Indonesia,IDN,"Air transport, passengers carried",IS.AIR.PSGR,2013,81721356.0
IDA only,IDX,"Air transport, passengers carried",IS.AIR.PSGR,2013,31425693.70349663
India,IND,"Air transport, passengers carried",IS.AIR.PSGR,2013,75589071.0
Ireland,IRL,"Air transport, passengers carried",IS.AIR.PSGR,2013,93408036.0
"Iran, Islamic Rep.",IRN,"Air transport, passengers carried",IS.AIR.PSGR,2013,16580818.0052102
Iraq,IRQ,"Air transport, passengers carried",IS.AIR.PSGR,2013,476484.0
Iceland,ISL,"Air transport, passengers carried",IS.AIR.PSGR,2013,2602714.0
Israel,ISR,"Air transport, passengers carried",IS.AIR.PSGR,2013,5565864.0
Italy,ITA,"Air transport, passengers carried",IS.AIR.PSGR,2013,27846220.0
Jamaica,JAM,"Air transport, passengers carried",IS.AIR.PSGR,2013,46272.0
Jordan,JOR,"Air transport, passengers carried",IS.AIR.PSGR,2013,3294911.0
Japan,JPN,"Air transport, passengers carried",IS.AIR.PSGR,2013,107573000.0
Kazakhstan,KAZ,"Air transport, passengers carried",IS.AIR.PSGR,2013,4785588.0
Kenya,KEN,"Air transport, passengers carried",IS.AIR.PSGR,2013,4516500.0
Kyrgyz Republic,KGZ,"Air transport, passengers carried",IS.AIR.PSGR,2013,771165.0
Cambodia,KHM,"Air transport, passengers carried",IS.AIR.PSGR,2013,615123.328003715
"Korea, Rep.",KOR,"Air transport, passengers carried",IS.AIR.PSGR,2013,54530105.0
Kuwait,KWT,"Air transport, passengers carried",IS.AIR.PSGR,2013,3244805.0
Latin America & Caribbean (excluding high income),LAC,"Air transport, passengers carried",IS.AIR.PSGR,2013,197300515.4723423
Lao PDR,LAO,"Air transport, passengers carried",IS.AIR.PSGR,2013,1476528.0
Lebanon,LBN,"Air transport, passengers carried",IS.AIR.PSGR,2013,2241480.0
Libya,LBY,"Air transport, passengers carried",IS.AIR.PSGR,2013,2744844.0
Latin America & Caribbean,LCN,"Air transport, passengers carried",IS.AIR.PSGR,2013,234290843.07170227
Least developed countries: UN classification,LDC,"Air transport, passengers carried",IS.AIR.PSGR,2013,24484619.146003716
Low income,LIC,"Air transport, passengers carried",IS.AIR.PSGR,2013,14815345.0
Sri Lanka,LKA,"Air transport, passengers carried",IS.AIR.PSGR,2013,4793393.4
Lower middle income,LMC,"Air transport, passengers carried",IS.AIR.PSGR,2013,192112862.87666857
Low & middle income,LMY,"Air transport, passengers carried",IS.AIR.PSGR,2013,1064697186.5732396
Late-demographic dividend,LTE,"Air transport, passengers carried",IS.AIR.PSGR,2013,907272787.6608473
Lithuania,LTU,"Air transport, passengers carried",IS.AIR.PSGR,2013,1009728.0
Luxembourg,LUX,"Air transport, passengers carried",IS.AIR.PSGR,2013,1555788.0
Latvia,LVA,"Air transport, passengers carried",IS.AIR.PSGR,2013,2754720.0
"Macao SAR, China",MAC,"Air transport, passengers carried",IS.AIR.PSGR,2013,1767100.0
Morocco,MAR,"Air transport, passengers carried",IS.AIR.PSGR,2013,6507408.0
Monaco,MCO,"Air transport, passengers carried",IS.AIR.PSGR,2013,64524.0
Moldova,MDA,"Air transport, passengers carried",IS.AIR.PSGR,2013,557653.0
Madagascar,MDG,"Air transport, passengers carried",IS.AIR.PSGR,2013,539208.0
Middle East & North Africa,MEA,"Air transport, passengers carried",IS.AIR.PSGR,2013,188897689.14599428
Mexico,MEX,"Air transport, passengers carried",IS.AIR.PSGR,2013,35986501.817
Middle income,MIC,"Air transport, passengers carried",IS.AIR.PSGR,2013,1049881841.5732398
Mali,MLI,"Air transport, passengers carried",IS.AIR.PSGR,2013,33444.0
Malta,MLT,"Air transport, passengers carried",IS.AIR.PSGR,2013,1603404.0
Myanmar,MMR,"Air transport, passengers carried",IS.AIR.PSGR,2013,1572120.0
Middle East & North Africa (excluding high income),MNA,"Air transport, passengers carried",IS.AIR.PSGR,2013,53720922.14599429
Montenegro,MNE,"Air transport, passengers carried",IS.AIR.PSGR,2013,528852.0
Mongolia,MNG,"Air transport, passengers carried",IS.AIR.PSGR,2013,585864.0
Mozambique,MOZ,"Air transport, passengers carried",IS.AIR.PSGR,2013,701472.0
Mauritania,MRT,"Air transport, passengers carried",IS.AIR.PSGR,2013,261696.0
Mauritius,MUS,"Air transport, passengers carried",IS.AIR.PSGR,2013,1318052.0
Malawi,MWI,"Air transport, passengers carried",IS.AIR.PSGR,2013,5856.0
Malaysia,MYS,"Air transport, passengers carried",IS.AIR.PSGR,2013,47995842.0041797
North America,NAC,"Air transport, passengers carried",IS.AIR.PSGR,2013,814697725.918431
Namibia,NAM,"Air transport, passengers carried",IS.AIR.PSGR,2013,510000.0
Niger,NER,"Air transport, passengers carried",IS.AIR.PSGR,2013,87936.0
Nigeria,NGA,"Air transport, passengers carried",IS.AIR.PSGR,2013,4209624.0
Netherlands,NLD,"Air transport, passengers carried",IS.AIR.PSGR,2013,33455251.0
Nepal,NPL,"Air transport, passengers carried",IS.AIR.PSGR,2013,643140.0
Nauru,NRU,"Air transport, passengers carried",IS.AIR.PSGR,2013,16488.0
New Zealand,NZL,"Air transport, passengers carried",IS.AIR.PSGR,2013,14434055.9991949
OECD members,OED,"Air transport, passengers carried",IS.AIR.PSGR,2013,1880658281.4369411
Oman,OMN,"Air transport, passengers carried",IS.AIR.PSGR,2013,4994729.0
Pakistan,PAK,"Air transport, passengers carried",IS.AIR.PSGR,2013,7833901.08773203
Panama,PAN,"Air transport, passengers carried",IS.AIR.PSGR,2013,11656416.0
Peru,PER,"Air transport, passengers carried",IS.AIR.PSGR,2013,12255937.7629497
Philippines,PHL,"Air transport, passengers carried",IS.AIR.PSGR,2013,25540880.0
Papua New Guinea,PNG,"Air transport, passengers carried",IS.AIR.PSGR,2013,1870968.0
Poland,POL,"Air transport, passengers carried",IS.AIR.PSGR,2013,5002975.74866764
Pre-demographic dividend,PRE,"Air transport, passengers carried",IS.AIR.PSGR,2013,19925850.818
"Korea, Dem. People's Rep.",PRK,"Air transport, passengers carried",IS.AIR.PSGR,2013,371004.0
Portugal,PRT,"Air transport, passengers carried",IS.AIR.PSGR,2013,11860998.0
Paraguay,PRY,"Air transport, passengers carried",IS.AIR.PSGR,2013,711548.47
Pacific island small states,PSS,"Air transport, passengers carried",IS.AIR.PSGR,2013,1807896.0
Post-demographic dividend,PST,"Air transport, passengers carried",IS.AIR.PSGR,2013,1699478102.8254058
Qatar,QAT,"Air transport, passengers carried",IS.AIR.PSGR,2013,18737348.0
Romania,ROU,"Air transport, passengers carried",IS.AIR.PSGR,2013,3087143.0
Russian Federation,RUS,"Air transport, passengers carried",IS.AIR.PSGR,2013,64072322.0
Rwanda,RWA,"Air transport, passengers carried",IS.AIR.PSGR,2013,610992.0
South Asia,SAS,"Air transport, passengers carried",IS.AIR.PSGR,2013,93893397.48773204
Saudi Arabia,SAU,"Air transport, passengers carried",IS.AIR.PSGR,2013,28252104.0
Sudan,SDN,"Air transport, passengers carried",IS.AIR.PSGR,2013,541644.0
Senegal,SEN,"Air transport, passengers carried",IS.AIR.PSGR,2013,219996.0
Singapore,SGP,"Air transport, passengers carried",IS.AIR.PSGR,2013,31729241.0
Solomon Islands,SLB,"Air transport, passengers carried",IS.AIR.PSGR,2013,302412.0
El Salvador,SLV,"Air transport, passengers carried",IS.AIR.PSGR,2013,2509003.0
Somalia,SOM,"Air transport, passengers carried",IS.AIR.PSGR,2013,258336.0
Serbia,SRB,"Air transport, passengers carried",IS.AIR.PSGR,2013,1241352.0
Sub-Saharan Africa (excluding high income),SSA,"Air transport, passengers carried",IS.AIR.PSGR,2013,43445905.818
Sub-Saharan Africa,SSF,"Air transport, passengers carried",IS.AIR.PSGR,2013,43790341.818
Small states,SST,"Air transport, passengers carried",IS.AIR.PSGR,2013,19181953.6
Suriname,SUR,"Air transport, passengers carried",IS.AIR.PSGR,2013,255204.0
Slovak Republic,SVK,"Air transport, passengers carried",IS.AIR.PSGR,2013,64008.0
Slovenia,SVN,"Air transport, passengers carried",IS.AIR.PSGR,2013,857000.0
Sweden,SWE,"Air transport, passengers carried",IS.AIR.PSGR,2013,51925707.0
Seychelles,SYC,"Air transport, passengers carried",IS.AIR.PSGR,2013,344436.0
Syrian Arab Republic,SYR,"Air transport, passengers carried",IS.AIR.PSGR,2013,475932.0
Chad,TCD,"Air transport, passengers carried",IS.AIR.PSGR,2013,28080.0
East Asia & Pacific (IDA & IBRD countries),TEA,"Air transport, passengers carried",IS.AIR.PSGR,2013,579440333.8401834
Europe & Central Asia (IDA & IBRD countries),TEC,"Air transport, passengers carried",IS.AIR.PSGR,2013,171433958.5576552
Togo,TGO,"Air transport, passengers carried",IS.AIR.PSGR,2013,840948.0
Thailand,THA,"Air transport, passengers carried",IS.AIR.PSGR,2013,43029150.6
Tajikistan,TJK,"Air transport, passengers carried",IS.AIR.PSGR,2013,683060.157492914
Turkmenistan,TKM,"Air transport, passengers carried",IS.AIR.PSGR,2013,1800847.45762712
Latin America & the Caribbean (IDA & IBRD countries),TLA,"Air transport, passengers carried",IS.AIR.PSGR,2013,232318775.07170227
Middle East & North Africa (IDA & IBRD countries),TMN,"Air transport, passengers carried",IS.AIR.PSGR,2013,53720922.14599429
South Asia (IDA & IBRD),TSA,"Air transport, passengers carried",IS.AIR.PSGR,2013,93893397.48773204
Sub-Saharan Africa (IDA & IBRD countries),TSS,"Air transport, passengers carried",IS.AIR.PSGR,2013,43790341.818
Trinidad and Tobago,TTO,"Air transport, passengers carried",IS.AIR.PSGR,2013,2865852.0
Tunisia,TUN,"Air transport, passengers carried",IS.AIR.PSGR,2013,4648608.0
Turkiye,TUR,"Air transport, passengers carried",IS.AIR.PSGR,2013,74413804.6198675
Tanzania,TZA,"Air transport, passengers carried",IS.AIR.PSGR,2013,1173942.818
Uganda,UGA,"Air transport, passengers carried",IS.AIR.PSGR,2013,198804.0
Ukraine,UKR,"Air transport, passengers carried",IS.AIR.PSGR,2013,5218814.574
Upper middle income,UMC,"Air transport, passengers carried",IS.AIR.PSGR,2013,857768978.696571
United States,USA,"Air transport, passengers carried",IS.AIR.PSGR,2013,743171000.0
Uzbekistan,UZB,"Air transport, passengers carried",IS.AIR.PSGR,2013,2614085.0
"Venezuela, RB",VEN,"Air transport, passengers carried",IS.AIR.PSGR,2013,6866780.59935996
Viet Nam,VNM,"Air transport, passengers carried",IS.AIR.PSGR,2013,20429309.908
Vanuatu,VUT,"Air transport, passengers carried",IS.AIR.PSGR,2013,327060.0
World,WLD,"Air transport, passengers carried",IS.AIR.PSGR,2013,3100200780.1726727
"Yemen, Rep.",YEM,"Air transport, passengers carried",IS.AIR.PSGR,2013,1664220.0
South Africa,ZAF,"Air transport, passengers carried",IS.AIR.PSGR,2013,16311250.0
Zambia,ZMB,"Air transport, passengers carried",IS.AIR.PSGR,2013,10032.0
Zimbabwe,ZWE,"Air transport, passengers carried",IS.AIR.PSGR,2013,351564.0
Aruba,ABW,"Air transport, passengers carried",IS.AIR.PSGR,2018,274280.0
Africa Eastern and Southern,AFE,"Air transport, passengers carried",IS.AIR.PSGR,2018,52613964.07770573
Afghanistan,AFG,"Air transport, passengers carried",IS.AIR.PSGR,2018,1125367.0
Africa Western and Central,AFW,"Air transport, passengers carried",IS.AIR.PSGR,2018,12337766.282300504
Angola,AGO,"Air transport, passengers carried",IS.AIR.PSGR,2018,1516628.0
Albania,ALB,"Air transport, passengers carried",IS.AIR.PSGR,2018,303137.0
Arab World,ARB,"Air transport, passengers carried",IS.AIR.PSGR,2018,232670166.88982338
United Arab Emirates,ARE,"Air transport, passengers carried",IS.AIR.PSGR,2018,95758342.0
Argentina,ARG,"Air transport, passengers carried",IS.AIR.PSGR,2018,18084553.0
Armenia,ARM,"Air transport, passengers carried",IS.AIR.PSGR,2018,53259.0
Antigua and Barbuda,ATG,"Air transport, passengers carried",IS.AIR.PSGR,2018,580174.156834825
Australia,AUS,"Air transport, passengers carried",IS.AIR.PSGR,2018,75667645.0347507
Austria,AUT,"Air transport, passengers carried",IS.AIR.PSGR,2018,12935505.0
Azerbaijan,AZE,"Air transport, passengers carried",IS.AIR.PSGR,2018,2279546.0
Belgium,BEL,"Air transport, passengers carried",IS.AIR.PSGR,2018,13639487.0
Burkina Faso,BFA,"Air transport, passengers carried",IS.AIR.PSGR,2018,189545.336876033
Bangladesh,BGD,"Air transport, passengers carried",IS.AIR.PSGR,2018,5677396.0
Bulgaria,BGR,"Air transport, passengers carried",IS.AIR.PSGR,2018,1022645.0
Bahrain,BHR,"Air transport, passengers carried",IS.AIR.PSGR,2018,5877003.0
"Bahamas, The",BHS,"Air transport, passengers carried",IS.AIR.PSGR,2018,1830394.86207463
Belarus,BLR,"Air transport, passengers carried",IS.AIR.PSGR,2018,2760168.0
Belize,BLZ,"Air transport, passengers carried",IS.AIR.PSGR,2018,1297533.22307894
Bolivia,BOL,"Air transport, passengers carried",IS.AIR.PSGR,2018,4122113.0
Brazil,BRA,"Air transport, passengers carried",IS.AIR.PSGR,2018,102109977.0
Brunei Darussalam,BRN,"Air transport, passengers carried",IS.AIR.PSGR,2018,1234455.0
Bhutan,BTN,"Air transport, passengers carried",IS.AIR.PSGR,2018,275849.0
Botswana,BWA,"Air transport, passengers carried",IS.AIR.PSGR,2018,253417.0
Canada,CAN,"Air transport, passengers carried",IS.AIR.PSGR,2018,91504000.0
Central Europe and the Baltics,CEB,"Air transport, passengers carried",IS.AIR.PSGR,2018,62622491.0
Switzerland,CHE,"Air transport, passengers carried",IS.AIR.PSGR,2018,28857994.0
Chile,CHL,"Air transport, passengers carried",IS.AIR.PSGR,2018,19517185.0
China,CHN,"Air transport, passengers carried",IS.AIR.PSGR,2018,611439830.0
Cote d'Ivoire,CIV,"Air transport, passengers carried",IS.AIR.PSGR,2018,825257.0
Cameroon,CMR,"Air transport, passengers carried",IS.AIR.PSGR,2018,265136.0
"Congo, Dem. Rep.",COD,"Air transport, passengers carried",IS.AIR.PSGR,2018,587653.030752826
"Congo, Rep.",COG,"Air transport, passengers carried",IS.AIR.PSGR,2018,508978.939934003
Colombia,COL,"Air transport, passengers carried",IS.AIR.PSGR,2018,33704037.0
Cabo Verde,CPV,"Air transport, passengers carried",IS.AIR.PSGR,2018,561944.0
Costa Rica,CRI,"Air transport, passengers carried",IS.AIR.PSGR,2018,1950049.0
Caribbean small states,CSS,"Air transport, passengers carried",IS.AIR.PSGR,2018,4006518.2419883953
Cuba,CUB,"Air transport, passengers carried",IS.AIR.PSGR,2018,563540.0
Cyprus,CYP,"Air transport, passengers carried",IS.AIR.PSGR,2018,401408.0
Czechia,CZE,"Air transport, passengers carried",IS.AIR.PSGR,2018,8851291.0
Germany,DEU,"Air transport, passengers carried",IS.AIR.PSGR,2018,109796202.17431
Algeria,DZA,"Air transport, passengers carried",IS.AIR.PSGR,2018,6442442.0
East Asia & Pacific (excluding high income),EAP,"Air transport, passengers carried",IS.AIR.PSGR,2018,964324620.095903
Early-demographic dividend,EAR,"Air transport, passengers carried",IS.AIR.PSGR,2018,741133708.202807
East Asia & Pacific,EAS,"Air transport, passengers carried",IS.AIR.PSGR,2018,1363722227.0847905
Europe & Central Asia (excluding high income),ECA,"Air transport, passengers carried",IS.AIR.PSGR,2018,146715960.521
Europe & Central Asia,ECS,"Air transport, passengers carried",IS.AIR.PSGR,2018,1137091439.3496962
Ecuador,ECU,"Air transport, passengers carried",IS.AIR.PSGR,2018,5365261.0
"Egypt, Arab Rep.",EGY,"Air transport, passengers carried",IS.AIR.PSGR,2018,12386010.0
Euro area,EMU,"Air transport, passengers carried",IS.AIR.PSGR,2018,584797943.2687137
Eritrea,ERI,"Air transport, passengers carried",IS.AIR.PSGR,2018,89136.8159108722
Spain,ESP,"Air transport, passengers carried",IS.AIR.PSGR,2018,80706703.0
Estonia,EST,"Air transport, passengers carried",IS.AIR.PSGR,2018,62802.0
Ethiopia,ETH,"Air transport, passengers carried",IS.AIR.PSGR,2018,11501244.0
European Union,EUU,"Air transport, passengers carried",IS.AIR.PSGR,2018,691558405.2687137
Fragile and conflict affected situations,FCS,"Air transport, passengers carried",IS.AIR.PSGR,2018,48929733.44036238
Finland,FIN,"Air transport, passengers carried",IS.AIR.PSGR,2018,13364839.0
Fiji,FJI,"Air transport, passengers carried",IS.AIR.PSGR,2018,1670216.0
France,FRA,"Air transport, passengers carried",IS.AIR.PSGR,2018,70188028.0
United Kingdom,GBR,"Air transport, passengers carried",IS.AIR.PSGR,2018,165388610.0
Georgia,GEO,"Air transport, passengers carried",IS.AIR.PSGR,2018,516034.0
Ghana,GHA,"Air transport, passengers carried",IS.AIR.PSGR,2018,467624.0
"Gambia, The",GMB,"Air transport, passengers carried",IS.AIR.PSGR,2018,104891.39475506
Equatorial Guinea,GNQ,"Air transport, passengers carried",IS.AIR.PSGR,2018,404301.328013225
Greece,GRC,"Air transport, passengers carried",IS.AIR.PSGR,2018,15125933.5152598
Guatemala,GTM,"Air transport, passengers carried",IS.AIR.PSGR,2018,145795.0
Guyana,GUY,"Air transport, passengers carried",IS.AIR.PSGR,2018,26069.0
High income,HIC,"Air transport, passengers carried",IS.AIR.PSGR,2018,2605540550.836493
"Hong Kong SAR, China",HKG,"Air transport, passengers carried",IS.AIR.PSGR,2018,47101822.0
Honduras,HND,"Air transport, passengers carried",IS.AIR.PSGR,2018,411989.0
Heavily indebted poor countries (HIPC),HPC,"Air transport, passengers carried",IS.AIR.PSGR,2018,26411525.91438825
Croatia,HRV,"Air transport, passengers carried",IS.AIR.PSGR,2018,2093577.0
Hungary,HUN,"Air transport, passengers carried",IS.AIR.PSGR,2018,31226848.0
IBRD only,IBD,"Air transport, passengers carried",IS.AIR.PSGR,2018,1762073618.053848
IDA & IBRD total,IBT,"Air transport, passengers carried",IS.AIR.PSGR,2018,1840061201.4496481
IDA total,IDA,"Air transport, passengers carried",IS.AIR.PSGR,2018,77987583.39579992
IDA blend,IDB,"Air transport, passengers carried",IS.AIR.PSGR,2018,30098587.280617714
Indonesia,IDN,"Air transport, passengers carried",IS.AIR.PSGR,2018,115154100.909
IDA only,IDX,"Air transport, passengers carried",IS.AIR.PSGR,2018,47888996.11518221
India,IND,"Air transport, passengers carried",IS.AIR.PSGR,2018,164035637.545
Ireland,IRL,"Air transport, passengers carried",IS.AIR.PSGR,2018,167598633.0
"Iran, Islamic Rep.",IRN,"Air transport, passengers carried",IS.AIR.PSGR,2018,23029380.0
Iraq,IRQ,"Air transport, passengers carried",IS.AIR.PSGR,2018,4812610.0
Iceland,ISL,"Air transport, passengers carried",IS.AIR.PSGR,2018,7819740.55998243
Israel,ISR,"Air transport, passengers carried",IS.AIR.PSGR,2018,7404373.0
Italy,ITA,"Air transport, passengers carried",IS.AIR.PSGR,2018,27243741.0
Jamaica,JAM,"Air transport, passengers carried",IS.AIR.PSGR,2018,180951.272
Jordan,JOR,"Air transport, passengers carried",IS.AIR.PSGR,2018,3383805.0
Japan,JPN,"Air transport, passengers carried",IS.AIR.PSGR,2018,126387527.0
Kazakhstan,KAZ,"Air transport, passengers carried",IS.AIR.PSGR,2018,5920110.0
Kenya,KEN,"Air transport, passengers carried",IS.AIR.PSGR,2018,5905365.1234425
Kyrgyz Republic,KGZ,"Air transport, passengers carried",IS.AIR.PSGR,2018,1175000.704
Cambodia,KHM,"Air transport, passengers carried",IS.AIR.PSGR,2018,1411059.0
Kiribati,KIR,"Air transport, passengers carried",IS.AIR.PSGR,2018,66567.0
"Korea, Rep.",KOR,"Air transport, passengers carried",IS.AIR.PSGR,2018,88157579.0
Kuwait,KWT,"Air transport, passengers carried",IS.AIR.PSGR,2018,6464847.0
Latin America & Caribbean (excluding high income),LAC,"Air transport, passengers carried",IS.AIR.PSGR,2018,253791824.76707894
Lao PDR,LAO,"Air transport, passengers carried",IS.AIR.PSGR,2018,1009414.0
Lebanon,LBN,"Air transport, passengers carried",IS.AIR.PSGR,2018,2981937.0
Libya,LBY,"Air transport, passengers carried",IS.AIR.PSGR,2018,1442576.0
Latin America & Caribbean,LCN,"Air transport, passengers carried",IS.AIR.PSGR,2018,293327220.7859884
Least developed countries: UN classification,LDC,"Air transport, passengers carried",IS.AIR.PSGR,2018,38163132.40735727
Low income,LIC,"Air transport, passengers carried",IS.AIR.PSGR,2018,17823482.468118142
Sri Lanka,LKA,"Air transport, passengers carried",IS.AIR.PSGR,2018,5882376.0
Lower middle income,LMC,"Air transport, passengers carried",IS.AIR.PSGR,2018,347011867.1669433
Low & middle income,LMY,"Air transport, passengers carried",IS.AIR.PSGR,2018,1686163468.292813
Late-demographic dividend,LTE,"Air transport, passengers carried",IS.AIR.PSGR,2018,1434010524.152057
Lithuania,LTU,"Air transport, passengers carried",IS.AIR.PSGR,2018,26031.0
Luxembourg,LUX,"Air transport, passengers carried",IS.AIR.PSGR,2018,2099102.0
Latvia,LVA,"Air transport, passengers carried",IS.AIR.PSGR,2018,4058762.0
"Macao SAR, China",MAC,"Air transport, passengers carried",IS.AIR.PSGR,2018,3157724.0
Morocco,MAR,"Air transport, passengers carried",IS.AIR.PSGR,2018,8132917.0
Monaco,MCO,"Air transport, passengers carried",IS.AIR.PSGR,2018,316.0
Moldova,MDA,"Air transport, passengers carried",IS.AIR.PSGR,2018,1423791.0
Madagascar,MDG,"Air transport, passengers carried",IS.AIR.PSGR,2018,541290.0
Maldives,MDV,"Air transport, passengers carried",IS.AIR.PSGR,2018,1191383.08265957
Middle East & North Africa,MEA,"Air transport, passengers carried",IS.AIR.PSGR,2018,264706357.92116535
Mexico,MEX,"Air transport, passengers carried",IS.AIR.PSGR,2018,64569640.0
Marshall Islands,MHL,"Air transport, passengers carried",IS.AIR.PSGR,2018,24313.0
Middle income,MIC,"Air transport, passengers carried",IS.AIR.PSGR,2018,1668339985.8246949
Malta,MLT,"Air transport, passengers carried",IS.AIR.PSGR,2018,2576898.0
Myanmar,MMR,"Air transport, passengers carried",IS.AIR.PSGR,2018,3407788.43290303
Middle East & North Africa (excluding high income),MNA,"Air transport, passengers carried",IS.AIR.PSGR,2018,67240082.92116536
Montenegro,MNE,"Air transport, passengers carried",IS.AIR.PSGR,2018,565522.0
Mongolia,MNG,"Air transport, passengers carried",IS.AIR.PSGR,2018,670360.0
Mozambique,MOZ,"Air transport, passengers carried",IS.AIR.PSGR,2018,540124.0
Mauritania,MRT,"Air transport, passengers carried",IS.AIR.PSGR,2018,379211.0
Mauritius,MUS,"Air transport, passengers carried",IS.AIR.PSGR,2018,1745291.0
Malawi,MWI,"Air transport, passengers carried",IS.AIR.PSGR,2018,10545.0
Malaysia,MYS,"Air transport, passengers carried",IS.AIR.PSGR,2018,60481772.0
North America,NAC,"Air transport, passengers carried",IS.AIR.PSGR,2018,980528000.0
Namibia,NAM,"Air transport, passengers carried",IS.AIR.PSGR,2018,602893.0
Nigeria,NGA,"Air transport, passengers carried",IS.AIR.PSGR,2018,7786143.99416227
Netherlands,NLD,"Air transport, passengers carried",IS.AIR.PSGR,2018,44417573.579144
Nepal,NPL,"Air transport, passengers carried",IS.AIR.PSGR,2018,4525805.0
Nauru,NRU,"Air transport, passengers carried",IS.AIR.PSGR,2018,40290.0
New Zealand,NZL,"Air transport, passengers carried",IS.AIR.PSGR,2018,17249049.9541367
OECD members,OED,"Air transport, passengers carried",IS.AIR.PSGR,2018,2413352567.6345835
Oman,OMN,"Air transport, passengers carried",IS.AIR.PSGR,2018,10438241.0
Other small states,OSS,"Air transport, passengers carried",IS.AIR.PSGR,2018,22855789.642642
Pakistan,PAK,"Air transport, passengers carried",IS.AIR.PSGR,2018,6880637.0
Panama,PAN,"Air transport, passengers carried",IS.AIR.PSGR,2018,12631703.0
Peru,PER,"Air transport, passengers carried",IS.AIR.PSGR,2018,17758527.272
Philippines,PHL,"Air transport, passengers carried",IS.AIR.PSGR,2018,43080118.0
Papua New Guinea,PNG,"Air transport, passengers carried",IS.AIR.PSGR,2018,1831903.0
Poland,POL,"Air transport, passengers carried",IS.AIR.PSGR,2018,9277538.0
Pre-demographic dividend,PRE,"Air transport, passengers carried",IS.AIR.PSGR,2018,28768397.360006243
"Korea, Dem. People's Rep.",PRK,"Air transport, passengers carried",IS.AIR.PSGR,2018,94245.0
Portugal,PRT,"Air transport, passengers carried",IS.AIR.PSGR,2018,17367956.0
Paraguay,PRY,"Air transport, passengers carried",IS.AIR.PSGR,2018,710407.0
Pacific island small states,PSS,"Air transport, passengers carried",IS.AIR.PSGR,2018,2681606.0
Post-demographic dividend,PST,"Air transport, passengers carried",IS.AIR.PSGR,2018,2089907217.4144359
Qatar,QAT,"Air transport, passengers carried",IS.AIR.PSGR,2018,29178923.0
Romania,ROU,"Air transport, passengers carried",IS.AIR.PSGR,2018,4908235.0
Russian Federation,RUS,"Air transport, passengers carried",IS.AIR.PSGR,2018,99327311.0
Rwanda,RWA,"Air transport, passengers carried",IS.AIR.PSGR,2018,1502478.0
South Asia,SAS,"Air transport, passengers carried",IS.AIR.PSGR,2018,189594450.62765956
Saudi Arabia,SAU,"Air transport, passengers carried",IS.AIR.PSGR,2018,39767648.0
Sudan,SDN,"Air transport, passengers carried",IS.AIR.PSGR,2018,561520.0
Senegal,SEN,"Air transport, passengers carried",IS.AIR.PSGR,2018,278438.288559913
Singapore,SGP,"Air transport, passengers carried",IS.AIR.PSGR,2018,40401515.0
Solomon Islands,SLB,"Air transport, passengers carried",IS.AIR.PSGR,2018,427806.0
El Salvador,SLV,"Air transport, passengers carried",IS.AIR.PSGR,2018,2545105.0
Somalia,SOM,"Air transport, passengers carried",IS.AIR.PSGR,2018,33728.9686579889
Serbia,SRB,"Air transport, passengers carried",IS.AIR.PSGR,2018,2262703.0
Sub-Saharan Africa (excluding high income),SSA,"Air transport, passengers carried",IS.AIR.PSGR,2018,64496529.36000624
Sub-Saharan Africa,SSF,"Air transport, passengers carried",IS.AIR.PSGR,2018,64951730.360006236
Small states,SST,"Air transport, passengers carried",IS.AIR.PSGR,2018,29543913.884630393
Sao Tome and Principe,STP,"Air transport, passengers carried",IS.AIR.PSGR,2018,36660.0
Suriname,SUR,"Air transport, passengers carried",IS.AIR.PSGR,2018,272347.0
Slovenia,SVN,"Air transport, passengers carried",IS.AIR.PSGR,2018,1094762.0
Sweden,SWE,"Air transport, passengers carried",IS.AIR.PSGR,2018,51473905.0
Eswatini,SWZ,"Air transport, passengers carried",IS.AIR.PSGR,2018,51633.0
Seychelles,SYC,"Air transport, passengers carried",IS.AIR.PSGR,2018,455201.0
Syrian Arab Republic,SYR,"Air transport, passengers carried",IS.AIR.PSGR,2018,17896.9211653632
East Asia & Pacific (IDA & IBRD countries),TEA,"Air transport, passengers carried",IS.AIR.PSGR,2018,964270665.095903
Europe & Central Asia (IDA & IBRD countries),TEC,"Air transport, passengers carried",IS.AIR.PSGR,2018,263345266.521
Togo,TGO,"Air transport, passengers carried",IS.AIR.PSGR,2018,566295.0
Thailand,THA,"Air transport, passengers carried",IS.AIR.PSGR,2018,76053042.754
Tajikistan,TJK,"Air transport, passengers carried",IS.AIR.PSGR,2018,492320.0
Turkmenistan,TKM,"Air transport, passengers carried",IS.AIR.PSGR,2018,2457474.0
Latin America & the Caribbean (IDA & IBRD countries),TLA,"Air transport, passengers carried",IS.AIR.PSGR,2018,290659005.9239138
Middle East & North Africa (IDA & IBRD countries),TMN,"Air transport, passengers carried",IS.AIR.PSGR,2018,67240082.92116536
South Asia (IDA & IBRD),TSA,"Air transport, passengers carried",IS.AIR.PSGR,2018,189594450.62765956
Sub-Saharan Africa (IDA & IBRD countries),TSS,"Air transport, passengers carried",IS.AIR.PSGR,2018,64951730.360006236
Trinidad and Tobago,TTO,"Air transport, passengers carried",IS.AIR.PSGR,2018,2458183.0
Tunisia,TUN,"Air transport, passengers carried",IS.AIR.PSGR,2018,4274199.0
Turkiye,TUR,"Air transport, passengers carried",IS.AIR.PSGR,2018,115595495.817
Tanzania,TZA,"Air transport, passengers carried",IS.AIR.PSGR,2018,1698386.0
Uganda,UGA,"Air transport, passengers carried",IS.AIR.PSGR,2018,21212.0
Ukraine,UKR,"Air transport, passengers carried",IS.AIR.PSGR,2018,7854842.0
Upper middle income,UMC,"Air transport, passengers carried",IS.AIR.PSGR,2018,1321328118.6577516
United States,USA,"Air transport, passengers carried",IS.AIR.PSGR,2018,889024000.0
Uzbekistan,UZB,"Air transport, passengers carried",IS.AIR.PSGR,2018,3056558.0
"Venezuela, RB",VEN,"Air transport, passengers carried",IS.AIR.PSGR,2018,2217407.0
Viet Nam,VNM,"Air transport, passengers carried",IS.AIR.PSGR,2018,47049671.0
Vanuatu,VUT,"Air transport, passengers carried",IS.AIR.PSGR,2018,374603.0
World,WLD,"Air transport, passengers carried",IS.AIR.PSGR,2018,4293921426.129306
Samoa,WSM,"Air transport, passengers carried",IS.AIR.PSGR,2018,77811.0
"Yemen, Rep.",YEM,"Air transport, passengers carried",IS.AIR.PSGR,2018,336310.0
South Africa,ZAF,"Air transport, passengers carried",IS.AIR.PSGR,2018,24660386.0
Zambia,ZMB,"Air transport, passengers carried",IS.AIR.PSGR,2018,16633.1389415488
Zimbabwe,ZWE,"Air transport, passengers carried",IS.AIR.PSGR,2018,282539.0
Africa Eastern and Southern,AFE,"Air transport, passengers carried",IS.AIR.PSGR,1992,10302700.0
Afghanistan,AFG,"Air transport, passengers carried",IS.AIR.PSGR,1992,212300.0
Africa Western and Central,AFW,"Air transport, passengers carried",IS.AIR.PSGR,1992,3209800.0
Angola,AGO,"Air transport, passengers carried",IS.AIR.PSGR,1992,440000.0
Arab World,ARB,"Air transport, passengers carried",IS.AIR.PSGR,1992,33877100.0
United Arab Emirates,ARE,"Air transport, passengers carried",IS.AIR.PSGR,1992,2508800.0
Argentina,ARG,"Air transport, passengers carried",IS.AIR.PSGR,1992,5251400.0
Antigua and Barbuda,ATG,"Air transport, passengers carried",IS.AIR.PSGR,1992,913500.0
Australia,AUS,"Air transport, passengers carried",IS.AIR.PSGR,1992,23886600.0
Austria,AUT,"Air transport, passengers carried",IS.AIR.PSGR,1992,3024200.0
Azerbaijan,AZE,"Air transport, passengers carried",IS.AIR.PSGR,1992,1454900.0
Burundi,BDI,"Air transport, passengers carried",IS.AIR.PSGR,1992,8900.0
Belgium,BEL,"Air transport, passengers carried",IS.AIR.PSGR,1992,3146300.0
Benin,BEN,"Air transport, passengers carried",IS.AIR.PSGR,1992,66300.0
Burkina Faso,BFA,"Air transport, passengers carried",IS.AIR.PSGR,1992,126600.0
Bangladesh,BGD,"Air transport, passengers carried",IS.AIR.PSGR,1992,1051500.0
Bulgaria,BGR,"Air transport, passengers carried",IS.AIR.PSGR,1992,814000.0
Bahrain,BHR,"Air transport, passengers carried",IS.AIR.PSGR,1992,981100.0
"Bahamas, The",BHS,"Air transport, passengers carried",IS.AIR.PSGR,1992,835000.0
Bolivia,BOL,"Air transport, passengers carried",IS.AIR.PSGR,1992,1214400.0
Brazil,BRA,"Air transport, passengers carried",IS.AIR.PSGR,1992,16388500.0
Brunei Darussalam,BRN,"Air transport, passengers carried",IS.AIR.PSGR,1992,410000.0
Bhutan,BTN,"Air transport, passengers carried",IS.AIR.PSGR,1992,8700.0
Botswana,BWA,"Air transport, passengers carried",IS.AIR.PSGR,1992,111200.0
Central African Republic,CAF,"Air transport, passengers carried",IS.AIR.PSGR,1992,66300.0
Canada,CAN,"Air transport, passengers carried",IS.AIR.PSGR,1992,16818300.0
Central Europe and the Baltics,CEB,"Air transport, passengers carried",IS.AIR.PSGR,1992,6010600.0
Switzerland,CHE,"Air transport, passengers carried",IS.AIR.PSGR,1992,8255700.0
Chile,CHL,"Air transport, passengers carried",IS.AIR.PSGR,1992,1905800.0
China,CHN,"Air transport, passengers carried",IS.AIR.PSGR,1992,27345000.0
Cote d'Ivoire,CIV,"Air transport, passengers carried",IS.AIR.PSGR,1992,195100.0
Cameroon,CMR,"Air transport, passengers carried",IS.AIR.PSGR,1992,363100.0
"Congo, Dem. Rep.",COD,"Air transport, passengers carried",IS.AIR.PSGR,1992,116400.0
"Congo, Rep.",COG,"Air transport, passengers carried",IS.AIR.PSGR,1992,228900.0
Colombia,COL,"Air transport, passengers carried",IS.AIR.PSGR,1992,6232100.0
Comoros,COM,"Air transport, passengers carried",IS.AIR.PSGR,1992,26000.0
Cabo Verde,CPV,"Air transport, passengers carried",IS.AIR.PSGR,1992,100000.0
Costa Rica,CRI,"Air transport, passengers carried",IS.AIR.PSGR,1992,622800.0
Cuba,CUB,"Air transport, passengers carried",IS.AIR.PSGR,1992,733000.0
Cyprus,CYP,"Air transport, passengers carried",IS.AIR.PSGR,1992,946800.0
Czechia,CZE,"Air transport, passengers carried",IS.AIR.PSGR,1992,973800.0
Germany,DEU,"Air transport, passengers carried",IS.AIR.PSGR,1992,27577800.0
Denmark,DNK,"Air transport, passengers carried",IS.AIR.PSGR,1992,4826800.0
Dominican Republic,DOM,"Air transport, passengers carried",IS.AIR.PSGR,1992,322900.0
Algeria,DZA,"Air transport, passengers carried",IS.AIR.PSGR,1992,3551100.0
East Asia & Pacific (excluding high income),EAP,"Air transport, passengers carried",IS.AIR.PSGR,1992,69094200.0
Early-demographic dividend,EAR,"Air transport, passengers carried",IS.AIR.PSGR,1992,118459100.0
East Asia & Pacific,EAS,"Air transport, passengers carried",IS.AIR.PSGR,1992,208797800.0
Europe & Central Asia (excluding high income),ECA,"Air transport, passengers carried",IS.AIR.PSGR,1992,21196700.0
Europe & Central Asia,ECS,"Air transport, passengers carried",IS.AIR.PSGR,1992,313517500.0
Ecuador,ECU,"Air transport, passengers carried",IS.AIR.PSGR,1992,1473900.0
"Egypt, Arab Rep.",EGY,"Air transport, passengers carried",IS.AIR.PSGR,1992,3608600.0
Euro area,EMU,"Air transport, passengers carried",IS.AIR.PSGR,1992,144703800.0
Spain,ESP,"Air transport, passengers carried",IS.AIR.PSGR,1992,23385800.0
Estonia,EST,"Air transport, passengers carried",IS.AIR.PSGR,1992,146300.0
Ethiopia,ETH,"Air transport, passengers carried",IS.AIR.PSGR,1992,756400.0
European Union,EUU,"Air transport, passengers carried",IS.AIR.PSGR,1992,164292000.0
Fragile and conflict affected situations,FCS,"Air transport, passengers carried",IS.AIR.PSGR,1992,21066700.0
Finland,FIN,"Air transport, passengers carried",IS.AIR.PSGR,1992,3898400.0
Fiji,FJI,"Air transport, passengers carried",IS.AIR.PSGR,1992,426000.0
France,FRA,"Air transport, passengers carried",IS.AIR.PSGR,1992,33963900.0
Gabon,GAB,"Air transport, passengers carried",IS.AIR.PSGR,1992,471400.0
United Kingdom,GBR,"Air transport, passengers carried",IS.AIR.PSGR,1992,47819400.0
Ghana,GHA,"Air transport, passengers carried",IS.AIR.PSGR,1992,206000.0
Guinea,GIN,"Air transport, passengers carried",IS.AIR.PSGR,1992,23300.0
Guinea-Bissau,GNB,"Air transport, passengers carried",IS.AIR.PSGR,1992,20500.0
Equatorial Guinea,GNQ,"Air transport, passengers carried",IS.AIR.PSGR,1992,14000.0
Greece,GRC,"Air transport, passengers carried",IS.AIR.PSGR,1992,5465500.0
Guatemala,GTM,"Air transport, passengers carried",IS.AIR.PSGR,1992,230000.0
Guyana,GUY,"Air transport, passengers carried",IS.AIR.PSGR,1992,115300.0
High income,HIC,"Air transport, passengers carried",IS.AIR.PSGR,1992,943082692.0
Honduras,HND,"Air transport, passengers carried",IS.AIR.PSGR,1992,437500.0
Heavily indebted poor countries (HIPC),HPC,"Air transport, passengers carried",IS.AIR.PSGR,1992,6719700.0
Croatia,HRV,"Air transport, passengers carried",IS.AIR.PSGR,1992,215100.0
Hungary,HUN,"Air transport, passengers carried",IS.AIR.PSGR,1992,1029100.0
IBRD only,IBD,"Air transport, passengers carried",IS.AIR.PSGR,1992,248184600.0
IDA & IBRD total,IBT,"Air transport, passengers carried",IS.AIR.PSGR,1992,271850700.0
IDA total,IDA,"Air transport, passengers carried",IS.AIR.PSGR,1992,23666100.0
IDA blend,IDB,"Air transport, passengers carried",IS.AIR.PSGR,1992,13888100.0
Indonesia,IDN,"Air transport, passengers carried",IS.AIR.PSGR,1992,11176800.0
IDA only,IDX,"Air transport, passengers carried",IS.AIR.PSGR,1992,9778000.0
India,IND,"Air transport, passengers carried",IS.AIR.PSGR,1992,11127100.0
Ireland,IRL,"Air transport, passengers carried",IS.AIR.PSGR,1992,5006000.0
"Iran, Islamic Rep.",IRN,"Air transport, passengers carried",IS.AIR.PSGR,1992,4895600.0
Iraq,IRQ,"Air transport, passengers carried",IS.AIR.PSGR,1992,53000.0
Iceland,ISL,"Air transport, passengers carried",IS.AIR.PSGR,1992,767100.0
Israel,ISR,"Air transport, passengers carried",IS.AIR.PSGR,1992,2391200.0
Italy,ITA,"Air transport, passengers carried",IS.AIR.PSGR,1992,21766700.0
Jamaica,JAM,"Air transport, passengers carried",IS.AIR.PSGR,1992,983200.0
Jordan,JOR,"Air transport, passengers carried",IS.AIR.PSGR,1992,1109300.0
Japan,JPN,"Air transport, passengers carried",IS.AIR.PSGR,1992,81378400.0
Kazakhstan,KAZ,"Air transport, passengers carried",IS.AIR.PSGR,1992,5273400.0
Kenya,KEN,"Air transport, passengers carried",IS.AIR.PSGR,1992,721400.0
Kiribati,KIR,"Air transport, passengers carried",IS.AIR.PSGR,1992,25400.0
"Korea, Rep.",KOR,"Air transport, passengers carried",IS.AIR.PSGR,1992,19766900.0
Kuwait,KWT,"Air transport, passengers carried",IS.AIR.PSGR,1992,1408600.0
Latin America & Caribbean (excluding high income),LAC,"Air transport, passengers carried",IS.AIR.PSGR,1992,51918200.0
Lao PDR,LAO,"Air transport, passengers carried",IS.AIR.PSGR,1992,118500.0
Lebanon,LBN,"Air transport, passengers carried",IS.AIR.PSGR,1992,599600.0
Liberia,LBR,"Air transport, passengers carried",IS.AIR.PSGR,1992,32000.0
Libya,LBY,"Air transport, passengers carried",IS.AIR.PSGR,1992,1350100.0
Latin America & Caribbean,LCN,"Air transport, passengers carried",IS.AIR.PSGR,1992,64903900.0
Least developed countries: UN classification,LDC,"Air transport, passengers carried",IS.AIR.PSGR,1992,7298800.0
Low income,LIC,"Air transport, passengers carried",IS.AIR.PSGR,1992,4436300.0
Sri Lanka,LKA,"Air transport, passengers carried",IS.AIR.PSGR,1992,1045600.0
Lower middle income,LMC,"Air transport, passengers carried",IS.AIR.PSGR,1992,46641500.0
Low & middle income,LMY,"Air transport, passengers carried",IS.AIR.PSGR,1992,195204600.0
Lesotho,LSO,"Air transport, passengers carried",IS.AIR.PSGR,1992,26100.0
Late-demographic dividend,LTE,"Air transport, passengers carried",IS.AIR.PSGR,1992,169668800.0
Lithuania,LTU,"Air transport, passengers carried",IS.AIR.PSGR,1992,557200.0
Luxembourg,LUX,"Air transport, passengers carried",IS.AIR.PSGR,1992,460600.0
Latvia,LVA,"Air transport, passengers carried",IS.AIR.PSGR,1992,65700.0
Morocco,MAR,"Air transport, passengers carried",IS.AIR.PSGR,1992,2169000.0
Monaco,MCO,"Air transport, passengers carried",IS.AIR.PSGR,1992,44000.0
Moldova,MDA,"Air transport, passengers carried",IS.AIR.PSGR,1992,571100.0
Madagascar,MDG,"Air transport, passengers carried",IS.AIR.PSGR,1992,343900.0
Maldives,MDV,"Air transport, passengers carried",IS.AIR.PSGR,1992,9400.0
Middle East & North Africa,MEA,"Air transport, passengers carried",IS.AIR.PSGR,1992,41137700.0
Mexico,MEX,"Air transport, passengers carried",IS.AIR.PSGR,1992,15532200.0
Marshall Islands,MHL,"Air transport, passengers carried",IS.AIR.PSGR,1992,96000.0
Middle income,MIC,"Air transport, passengers carried",IS.AIR.PSGR,1992,190768300.0
Mali,MLI,"Air transport, passengers carried",IS.AIR.PSGR,1992,66300.0
Malta,MLT,"Air transport, passengers carried",IS.AIR.PSGR,1992,692500.0
Myanmar,MMR,"Air transport, passengers carried",IS.AIR.PSGR,1992,318500.0
Middle East & North Africa (excluding high income),MNA,"Air transport, passengers carried",IS.AIR.PSGR,1992,19938500.0
Mongolia,MNG,"Air transport, passengers carried",IS.AIR.PSGR,1992,590600.0
Mozambique,MOZ,"Air transport, passengers carried",IS.AIR.PSGR,1992,224700.0
Mauritania,MRT,"Air transport, passengers carried",IS.AIR.PSGR,1992,212700.0
Mauritius,MUS,"Air transport, passengers carried",IS.AIR.PSGR,1992,578100.0
Malawi,MWI,"Air transport, passengers carried",IS.AIR.PSGR,1992,121400.0
Malaysia,MYS,"Air transport, passengers carried",IS.AIR.PSGR,1992,12756900.0
North America,NAC,"Air transport, passengers carried",IS.AIR.PSGR,1992,483783292.0
Namibia,NAM,"Air transport, passengers carried",IS.AIR.PSGR,1992,163200.0
Niger,NER,"Air transport, passengers carried",IS.AIR.PSGR,1992,66300.0
Nigeria,NGA,"Air transport, passengers carried",IS.AIR.PSGR,1992,646500.0
Nicaragua,NIC,"Air transport, passengers carried",IS.AIR.PSGR,1992,159200.0
Netherlands,NLD,"Air transport, passengers carried",IS.AIR.PSGR,1992,10087800.0
Norway,NOR,"Air transport, passengers carried",IS.AIR.PSGR,1992,9661200.0
Nepal,NPL,"Air transport, passengers carried",IS.AIR.PSGR,1992,648800.0
New Zealand,NZL,"Air transport, passengers carried",IS.AIR.PSGR,1992,5784400.0
OECD members,OED,"Air transport, passengers carried",IS.AIR.PSGR,1992,873450392.0
Oman,OMN,"Air transport, passengers carried",IS.AIR.PSGR,1992,1081100.0
Other small states,OSS,"Air transport, passengers carried",IS.AIR.PSGR,1992,4985000.0
Pakistan,PAK,"Air transport, passengers carried",IS.AIR.PSGR,1992,5680600.0
Panama,PAN,"Air transport, passengers carried",IS.AIR.PSGR,1992,282700.0
Peru,PER,"Air transport, passengers carried",IS.AIR.PSGR,1992,1217600.0
Philippines,PHL,"Air transport, passengers carried",IS.AIR.PSGR,1992,6136500.0
Papua New Guinea,PNG,"Air transport, passengers carried",IS.AIR.PSGR,1992,954000.0
Poland,POL,"Air transport, passengers carried",IS.AIR.PSGR,1992,1102100.0
Pre-demographic dividend,PRE,"Air transport, passengers carried",IS.AIR.PSGR,1992,5674400.0
"Korea, Dem. People's Rep.",PRK,"Air transport, passengers carried",IS.AIR.PSGR,1992,235100.0
Portugal,PRT,"Air transport, passengers carried",IS.AIR.PSGR,1992,4108800.0
Paraguay,PRY,"Air transport, passengers carried",IS.AIR.PSGR,1992,313600.0
Pacific island small states,PSS,"Air transport, passengers carried",IS.AIR.PSGR,1992,711300.0
Post-demographic dividend,PST,"Air transport, passengers carried",IS.AIR.PSGR,1992,851472092.0
Qatar,QAT,"Air transport, passengers carried",IS.AIR.PSGR,1992,981100.0
Romania,ROU,"Air transport, passengers carried",IS.AIR.PSGR,1992,918900.0
Russian Federation,RUS,"Air transport, passengers carried",IS.AIR.PSGR,1992,62173900.0
Rwanda,RWA,"Air transport, passengers carried",IS.AIR.PSGR,1992,9100.0
South Asia,SAS,"Air transport, passengers carried",IS.AIR.PSGR,1992,19784000.0
Saudi Arabia,SAU,"Air transport, passengers carried",IS.AIR.PSGR,1992,11154800.0
Sudan,SDN,"Air transport, passengers carried",IS.AIR.PSGR,1992,480000.0
Senegal,SEN,"Air transport, passengers carried",IS.AIR.PSGR,1992,138300.0
Singapore,SGP,"Air transport, passengers carried",IS.AIR.PSGR,1992,8477300.0
Solomon Islands,SLB,"Air transport, passengers carried",IS.AIR.PSGR,1992,69400.0
Sierra Leone,SLE,"Air transport, passengers carried",IS.AIR.PSGR,1992,16500.0
El Salvador,SLV,"Air transport, passengers carried",IS.AIR.PSGR,1992,682900.0
Sub-Saharan Africa (excluding high income),SSA,"Air transport, passengers carried",IS.AIR.PSGR,1992,13273000.0
Sub-Saharan Africa,SSF,"Air transport, passengers carried",IS.AIR.PSGR,1992,13512500.0
Small states,SST,"Air transport, passengers carried",IS.AIR.PSGR,1992,7683100.0
Sao Tome and Principe,STP,"Air transport, passengers carried",IS.AIR.PSGR,1992,22300.0
Suriname,SUR,"Air transport, passengers carried",IS.AIR.PSGR,1992,123000.0
Slovenia,SVN,"Air transport, passengers carried",IS.AIR.PSGR,1992,188400.0
Sweden,SWE,"Air transport, passengers carried",IS.AIR.PSGR,1992,9923500.0
Eswatini,SWZ,"Air transport, passengers carried",IS.AIR.PSGR,1992,57200.0
Seychelles,SYC,"Air transport, passengers carried",IS.AIR.PSGR,1992,239500.0
Syrian Arab Republic,SYR,"Air transport, passengers carried",IS.AIR.PSGR,1992,551900.0
Chad,TCD,"Air transport, passengers carried",IS.AIR.PSGR,1992,83400.0
East Asia & Pacific (IDA & IBRD countries),TEA,"Air transport, passengers carried",IS.AIR.PSGR,1992,68859100.0
Europe & Central Asia (IDA & IBRD countries),TEC,"Air transport, passengers carried",IS.AIR.PSGR,1992,86420700.0
Togo,TGO,"Air transport, passengers carried",IS.AIR.PSGR,1992,66300.0
Thailand,THA,"Air transport, passengers carried",IS.AIR.PSGR,1992,8546800.0
Latin America & the Caribbean (IDA & IBRD countries),TLA,"Air transport, passengers carried",IS.AIR.PSGR,1992,63335900.0
Middle East & North Africa (IDA & IBRD countries),TMN,"Air transport, passengers carried",IS.AIR.PSGR,1992,19938500.0
Tonga,TON,"Air transport, passengers carried",IS.AIR.PSGR,1992,35300.0
South Asia (IDA & IBRD),TSA,"Air transport, passengers carried",IS.AIR.PSGR,1992,19784000.0
Sub-Saharan Africa (IDA & IBRD countries),TSS,"Air transport, passengers carried",IS.AIR.PSGR,1992,13512500.0
Trinidad and Tobago,TTO,"Air transport, passengers carried",IS.AIR.PSGR,1992,1354000.0
Tunisia,TUN,"Air transport, passengers carried",IS.AIR.PSGR,1992,1249900.0
Turkiye,TUR,"Air transport, passengers carried",IS.AIR.PSGR,1992,4958600.0
Tanzania,TZA,"Air transport, passengers carried",IS.AIR.PSGR,1992,216400.0
Uganda,UGA,"Air transport, passengers carried",IS.AIR.PSGR,1992,31600.0
Ukraine,UKR,"Air transport, passengers carried",IS.AIR.PSGR,1992,4906200.0
Upper middle income,UMC,"Air transport, passengers carried",IS.AIR.PSGR,1992,144126800.0
Uruguay,URY,"Air transport, passengers carried",IS.AIR.PSGR,1992,430000.0
United States,USA,"Air transport, passengers carried",IS.AIR.PSGR,1992,466964992.0
Uzbekistan,UZB,"Air transport, passengers carried",IS.AIR.PSGR,1992,4032500.0
"Venezuela, RB",VEN,"Air transport, passengers carried",IS.AIR.PSGR,1992,7149400.0
Viet Nam,VNM,"Air transport, passengers carried",IS.AIR.PSGR,1992,204200.0
Vanuatu,VUT,"Air transport, passengers carried",IS.AIR.PSGR,1992,59200.0
World,WLD,"Air transport, passengers carried",IS.AIR.PSGR,1992,1145436692.0
"Yemen, Rep.",YEM,"Air transport, passengers carried",IS.AIR.PSGR,1992,800400.0
South Africa,ZAF,"Air transport, passengers carried",IS.AIR.PSGR,1992,4685000.0
Zambia,ZMB,"Air transport, passengers carried",IS.AIR.PSGR,1992,246000.0
Zimbabwe,ZWE,"Air transport, passengers carried",IS.AIR.PSGR,1992,677900.0
Africa Eastern and Southern,AFE,"Air transport, passengers carried",IS.AIR.PSGR,1999,14038500.0
Afghanistan,AFG,"Air transport, passengers carried",IS.AIR.PSGR,1999,140200.0
Africa Western and Central,AFW,"Air transport, passengers carried",IS.AIR.PSGR,1999,3083500.0
Angola,AGO,"Air transport, passengers carried",IS.AIR.PSGR,1999,293800.0
Albania,ALB,"Air transport, passengers carried",IS.AIR.PSGR,1999,91500.0
Arab World,ARB,"Air transport, passengers carried",IS.AIR.PSGR,1999,43269900.0
United Arab Emirates,ARE,"Air transport, passengers carried",IS.AIR.PSGR,1999,5840300.0
Argentina,ARG,"Air transport, passengers carried",IS.AIR.PSGR,1999,9191900.0
Armenia,ARM,"Air transport, passengers carried",IS.AIR.PSGR,1999,343100.0
Antigua and Barbuda,ATG,"Air transport, passengers carried",IS.AIR.PSGR,1999,1371300.0
Australia,AUS,"Air transport, passengers carried",IS.AIR.PSGR,1999,31579700.0
Austria,AUT,"Air transport, passengers carried",IS.AIR.PSGR,1999,6056600.0
Azerbaijan,AZE,"Air transport, passengers carried",IS.AIR.PSGR,1999,571700.0
Belgium,BEL,"Air transport, passengers carried",IS.AIR.PSGR,1999,9965200.0
Benin,BEN,"Air transport, passengers carried",IS.AIR.PSGR,1999,83900.0
Burkina Faso,BFA,"Air transport, passengers carried",IS.AIR.PSGR,1999,147200.0
Bangladesh,BGD,"Air transport, passengers carried",IS.AIR.PSGR,1999,1215400.0
Bulgaria,BGR,"Air transport, passengers carried",IS.AIR.PSGR,1999,734700.0
Bahrain,BHR,"Air transport, passengers carried",IS.AIR.PSGR,1999,1307000.0
"Bahamas, The",BHS,"Air transport, passengers carried",IS.AIR.PSGR,1999,1719400.0
Bosnia and Herzegovina,BIH,"Air transport, passengers carried",IS.AIR.PSGR,1999,60100.0
Belarus,BLR,"Air transport, passengers carried",IS.AIR.PSGR,1999,212300.0
Bolivia,BOL,"Air transport, passengers carried",IS.AIR.PSGR,1999,1872600.0
Brazil,BRA,"Air transport, passengers carried",IS.AIR.PSGR,1999,28205300.0
Brunei Darussalam,BRN,"Air transport, passengers carried",IS.AIR.PSGR,1999,808000.0
Bhutan,BTN,"Air transport, passengers carried",IS.AIR.PSGR,1999,30700.0
Botswana,BWA,"Air transport, passengers carried",IS.AIR.PSGR,1999,144100.0
Central African Republic,CAF,"Air transport, passengers carried",IS.AIR.PSGR,1999,83900.0
Canada,CAN,"Air transport, passengers carried",IS.AIR.PSGR,1999,24602000.0
Central Europe and the Baltics,CEB,"Air transport, passengers carried",IS.AIR.PSGR,1999,9991700.0
Switzerland,CHE,"Air transport, passengers carried",IS.AIR.PSGR,1999,16209000.0
Chile,CHL,"Air transport, passengers carried",IS.AIR.PSGR,1999,5187700.0
China,CHN,"Air transport, passengers carried",IS.AIR.PSGR,1999,55853100.0
Cote d'Ivoire,CIV,"Air transport, passengers carried",IS.AIR.PSGR,1999,259600.0
Cameroon,CMR,"Air transport, passengers carried",IS.AIR.PSGR,1999,292600.0
"Congo, Rep.",COG,"Air transport, passengers carried",IS.AIR.PSGR,1999,132200.0
Colombia,COL,"Air transport, passengers carried",IS.AIR.PSGR,1999,8619200.0
Cabo Verde,CPV,"Air transport, passengers carried",IS.AIR.PSGR,1999,252300.0
Costa Rica,CRI,"Air transport, passengers carried",IS.AIR.PSGR,1999,1055300.0
Cuba,CUB,"Air transport, passengers carried",IS.AIR.PSGR,1999,1259000.0
Cyprus,CYP,"Air transport, passengers carried",IS.AIR.PSGR,1999,1336700.0
Czechia,CZE,"Air transport, passengers carried",IS.AIR.PSGR,1999,1852600.0
Germany,DEU,"Air transport, passengers carried",IS.AIR.PSGR,1999,54652800.0
Denmark,DNK,"Air transport, passengers carried",IS.AIR.PSGR,1999,5767700.0
Dominican Republic,DOM,"Air transport, passengers carried",IS.AIR.PSGR,1999,10400.0
Algeria,DZA,"Air transport, passengers carried",IS.AIR.PSGR,1999,2936800.0
East Asia & Pacific (excluding high income),EAP,"Air transport, passengers carried",IS.AIR.PSGR,1999,105525000.0
Early-demographic dividend,EAR,"Air transport, passengers carried",IS.AIR.PSGR,1999,142004200.0
East Asia & Pacific,EAS,"Air transport, passengers carried",IS.AIR.PSGR,1999,312218196.0
Europe & Central Asia (excluding high income),ECA,"Air transport, passengers carried",IS.AIR.PSGR,1999,16636900.0
Europe & Central Asia,ECS,"Air transport, passengers carried",IS.AIR.PSGR,1999,398388896.0
Ecuador,ECU,"Air transport, passengers carried",IS.AIR.PSGR,1999,1386700.0
"Egypt, Arab Rep.",EGY,"Air transport, passengers carried",IS.AIR.PSGR,1999,4620100.0
Euro area,EMU,"Air transport, passengers carried",IS.AIR.PSGR,1999,239853500.0
Spain,ESP,"Air transport, passengers carried",IS.AIR.PSGR,1999,33559400.0
Estonia,EST,"Air transport, passengers carried",IS.AIR.PSGR,1999,302000.0
Ethiopia,ETH,"Air transport, passengers carried",IS.AIR.PSGR,1999,861400.0
European Union,EUU,"Air transport, passengers carried",IS.AIR.PSGR,1999,266190600.0
Fragile and conflict affected situations,FCS,"Air transport, passengers carried",IS.AIR.PSGR,1999,13668700.0
Finland,FIN,"Air transport, passengers carried",IS.AIR.PSGR,1999,6241600.0
Fiji,FJI,"Air transport, passengers carried",IS.AIR.PSGR,1999,549800.0
France,FRA,"Air transport, passengers carried",IS.AIR.PSGR,1999,49536300.0
Gabon,GAB,"Air transport, passengers carried",IS.AIR.PSGR,1999,423100.0
United Kingdom,GBR,"Air transport, passengers carried",IS.AIR.PSGR,1999,65738296.0
Georgia,GEO,"Air transport, passengers carried",IS.AIR.PSGR,1999,158600.0
Ghana,GHA,"Air transport, passengers carried",IS.AIR.PSGR,1999,304100.0
Guinea,GIN,"Air transport, passengers carried",IS.AIR.PSGR,1999,58500.0
Greece,GRC,"Air transport, passengers carried",IS.AIR.PSGR,1999,6590700.0
Guyana,GUY,"Air transport, passengers carried",IS.AIR.PSGR,1999,70400.0
High income,HIC,"Air transport, passengers carried",IS.AIR.PSGR,1999,1290064000.0
"Hong Kong SAR, China",HKG,"Air transport, passengers carried",IS.AIR.PSGR,1999,12592600.0
Heavily indebted poor countries (HIPC),HPC,"Air transport, passengers carried",IS.AIR.PSGR,1999,6849500.0
Croatia,HRV,"Air transport, passengers carried",IS.AIR.PSGR,1999,926000.0
Hungary,HUN,"Air transport, passengers carried",IS.AIR.PSGR,1999,1943500.0
IBRD only,IBD,"Air transport, passengers carried",IS.AIR.PSGR,1999,280460100.0
IDA & IBRD total,IBT,"Air transport, passengers carried",IS.AIR.PSGR,1999,303852900.0
IDA total,IDA,"Air transport, passengers carried",IS.AIR.PSGR,1999,23392800.0
IDA blend,IDB,"Air transport, passengers carried",IS.AIR.PSGR,1999,12304200.0
Indonesia,IDN,"Air transport, passengers carried",IS.AIR.PSGR,1999,8046800.0
IDA only,IDX,"Air transport, passengers carried",IS.AIR.PSGR,1999,11088600.0
India,IND,"Air transport, passengers carried",IS.AIR.PSGR,1999,16005400.0
Ireland,IRL,"Air transport, passengers carried",IS.AIR.PSGR,1999,11948800.0
"Iran, Islamic Rep.",IRN,"Air transport, passengers carried",IS.AIR.PSGR,1999,8277300.0
Iceland,ISL,"Air transport, passengers carried",IS.AIR.PSGR,1999,1350200.0
Israel,ISR,"Air transport, passengers carried",IS.AIR.PSGR,1999,4033200.0
Italy,ITA,"Air transport, passengers carried",IS.AIR.PSGR,1999,28281000.0
Jamaica,JAM,"Air transport, passengers carried",IS.AIR.PSGR,1999,1669800.0
Jordan,JOR,"Air transport, passengers carried",IS.AIR.PSGR,1999,1252200.0
Japan,JPN,"Air transport, passengers carried",IS.AIR.PSGR,1999,105994496.0
Kazakhstan,KAZ,"Air transport, passengers carried",IS.AIR.PSGR,1999,467200.0
Kenya,KEN,"Air transport, passengers carried",IS.AIR.PSGR,1999,1357800.0
Kyrgyz Republic,KGZ,"Air transport, passengers carried",IS.AIR.PSGR,1999,312100.0
"Korea, Rep.",KOR,"Air transport, passengers carried",IS.AIR.PSGR,1999,30870200.0
Kuwait,KWT,"Air transport, passengers carried",IS.AIR.PSGR,1999,2130000.0
Latin America & Caribbean (excluding high income),LAC,"Air transport, passengers carried",IS.AIR.PSGR,1999,77953300.0
Lao PDR,LAO,"Air transport, passengers carried",IS.AIR.PSGR,1999,197200.0
Lebanon,LBN,"Air transport, passengers carried",IS.AIR.PSGR,1999,719400.0
Libya,LBY,"Air transport, passengers carried",IS.AIR.PSGR,1999,585500.0
Latin America & Caribbean,LCN,"Air transport, passengers carried",IS.AIR.PSGR,1999,93629700.0
Least developed countries: UN classification,LDC,"Air transport, passengers carried",IS.AIR.PSGR,1999,7515100.0
Low income,LIC,"Air transport, passengers carried",IS.AIR.PSGR,1999,4601000.0
Sri Lanka,LKA,"Air transport, passengers carried",IS.AIR.PSGR,1999,1421500.0
Lower middle income,LMC,"Air transport, passengers carried",IS.AIR.PSGR,1999,55606000.0
Low & middle income,LMY,"Air transport, passengers carried",IS.AIR.PSGR,1999,267502300.0
Lesotho,LSO,"Air transport, passengers carried",IS.AIR.PSGR,1999,1300.0
Late-demographic dividend,LTE,"Air transport, passengers carried",IS.AIR.PSGR,1999,199593400.0
Lithuania,LTU,"Air transport, passengers carried",IS.AIR.PSGR,1999,249600.0
Luxembourg,LUX,"Air transport, passengers carried",IS.AIR.PSGR,1999,842700.0
Latvia,LVA,"Air transport, passengers carried",IS.AIR.PSGR,1999,196200.0
Morocco,MAR,"Air transport, passengers carried",IS.AIR.PSGR,1999,3392100.0
Monaco,MCO,"Air transport, passengers carried",IS.AIR.PSGR,1999,75200.0
Moldova,MDA,"Air transport, passengers carried",IS.AIR.PSGR,1999,43000.0
Madagascar,MDG,"Air transport, passengers carried",IS.AIR.PSGR,1999,639800.0
Maldives,MDV,"Air transport, passengers carried",IS.AIR.PSGR,1999,261100.0
Middle East & North Africa,MEA,"Air transport, passengers carried",IS.AIR.PSGR,1999,56424000.0
Mexico,MEX,"Air transport, passengers carried",IS.AIR.PSGR,1999,20561100.0
Marshall Islands,MHL,"Air transport, passengers carried",IS.AIR.PSGR,1999,33100.0
Middle income,MIC,"Air transport, passengers carried",IS.AIR.PSGR,1999,262901300.0
North Macedonia,MKD,"Air transport, passengers carried",IS.AIR.PSGR,1999,506100.0
Mali,MLI,"Air transport, passengers carried",IS.AIR.PSGR,1999,83900.0
Malta,MLT,"Air transport, passengers carried",IS.AIR.PSGR,1999,1421300.0
Myanmar,MMR,"Air transport, passengers carried",IS.AIR.PSGR,1999,536800.0
Middle East & North Africa (excluding high income),MNA,"Air transport, passengers carried",IS.AIR.PSGR,1999,25105400.0
Mongolia,MNG,"Air transport, passengers carried",IS.AIR.PSGR,1999,224700.0
Mozambique,MOZ,"Air transport, passengers carried",IS.AIR.PSGR,1999,234800.0
Mauritania,MRT,"Air transport, passengers carried",IS.AIR.PSGR,1999,187400.0
Mauritius,MUS,"Air transport, passengers carried",IS.AIR.PSGR,1999,823200.0
Malawi,MWI,"Air transport, passengers carried",IS.AIR.PSGR,1999,112300.0
Malaysia,MYS,"Air transport, passengers carried",IS.AIR.PSGR,1999,14984600.0
North America,NAC,"Air transport, passengers carried",IS.AIR.PSGR,1999,658966608.0
Namibia,NAM,"Air transport, passengers carried",IS.AIR.PSGR,1999,214100.0
Niger,NER,"Air transport, passengers carried",IS.AIR.PSGR,1999,83900.0
Nigeria,NGA,"Air transport, passengers carried",IS.AIR.PSGR,1999,419700.0
Nicaragua,NIC,"Air transport, passengers carried",IS.AIR.PSGR,1999,58700.0
Netherlands,NLD,"Air transport, passengers carried",IS.AIR.PSGR,1999,19741200.0
Norway,NOR,"Air transport, passengers carried",IS.AIR.PSGR,1999,15009600.0
Nepal,NPL,"Air transport, passengers carried",IS.AIR.PSGR,1999,582600.0
New Zealand,NZL,"Air transport, passengers carried",IS.AIR.PSGR,1999,9565600.0
OECD members,OED,"Air transport, passengers carried",IS.AIR.PSGR,1999,1245629100.0
Oman,OMN,"Air transport, passengers carried",IS.AIR.PSGR,1999,1933100.0
Other small states,OSS,"Air transport, passengers carried",IS.AIR.PSGR,1999,8356200.0
Pakistan,PAK,"Air transport, passengers carried",IS.AIR.PSGR,1999,5850000.0
Panama,PAN,"Air transport, passengers carried",IS.AIR.PSGR,1999,932500.0
Peru,PER,"Air transport, passengers carried",IS.AIR.PSGR,1999,1900000.0
Philippines,PHL,"Air transport, passengers carried",IS.AIR.PSGR,1999,5024000.0
Papua New Guinea,PNG,"Air transport, passengers carried",IS.AIR.PSGR,1999,1058200.0
Poland,POL,"Air transport, passengers carried",IS.AIR.PSGR,1999,2140700.0
Pre-demographic dividend,PRE,"Air transport, passengers carried",IS.AIR.PSGR,1999,5720100.0
"Korea, Dem. People's Rep.",PRK,"Air transport, passengers carried",IS.AIR.PSGR,1999,76700.0
Portugal,PRT,"Air transport, passengers carried",IS.AIR.PSGR,1999,7339300.0
Paraguay,PRY,"Air transport, passengers carried",IS.AIR.PSGR,1999,231700.0
Pacific island small states,PSS,"Air transport, passengers carried",IS.AIR.PSGR,1999,972400.0
Post-demographic dividend,PST,"Air transport, passengers carried",IS.AIR.PSGR,1999,1214796800.0
Qatar,QAT,"Air transport, passengers carried",IS.AIR.PSGR,1999,2325200.0
Romania,ROU,"Air transport, passengers carried",IS.AIR.PSGR,1999,980300.0
Russian Federation,RUS,"Air transport, passengers carried",IS.AIR.PSGR,1999,18600400.0
South Asia,SAS,"Air transport, passengers carried",IS.AIR.PSGR,1999,25506900.0
Saudi Arabia,SAU,"Air transport, passengers carried",IS.AIR.PSGR,1999,12328500.0
Sudan,SDN,"Air transport, passengers carried",IS.AIR.PSGR,1999,390300.0
Senegal,SEN,"Air transport, passengers carried",IS.AIR.PSGR,1999,103400.0
Singapore,SGP,"Air transport, passengers carried",IS.AIR.PSGR,1999,15282600.0
Solomon Islands,SLB,"Air transport, passengers carried",IS.AIR.PSGR,1999,97700.0
El Salvador,SLV,"Air transport, passengers carried",IS.AIR.PSGR,1999,1624100.0
Sub-Saharan Africa (excluding high income),SSA,"Air transport, passengers carried",IS.AIR.PSGR,1999,16774800.0
Sub-Saharan Africa,SSF,"Air transport, passengers carried",IS.AIR.PSGR,1999,17122000.0
Small states,SST,"Air transport, passengers carried",IS.AIR.PSGR,1999,12797200.0
Sao Tome and Principe,STP,"Air transport, passengers carried",IS.AIR.PSGR,1999,33500.0
Suriname,SUR,"Air transport, passengers carried",IS.AIR.PSGR,1999,307500.0
Slovak Republic,SVK,"Air transport, passengers carried",IS.AIR.PSGR,1999,110600.0
Slovenia,SVN,"Air transport, passengers carried",IS.AIR.PSGR,1999,555500.0
Sweden,SWE,"Air transport, passengers carried",IS.AIR.PSGR,1999,12917600.0
Eswatini,SWZ,"Air transport, passengers carried",IS.AIR.PSGR,1999,83000.0
Seychelles,SYC,"Air transport, passengers carried",IS.AIR.PSGR,1999,347200.0
Syrian Arab Republic,SYR,"Air transport, passengers carried",IS.AIR.PSGR,1999,668400.0
Chad,TCD,"Air transport, passengers carried",IS.AIR.PSGR,1999,83900.0
East Asia & Pacific (IDA & IBRD countries),TEA,"Air transport, passengers carried",IS.AIR.PSGR,1999,105448300.0
Europe & Central Asia (IDA & IBRD countries),TEC,"Air transport, passengers carried",IS.AIR.PSGR,1999,40019000.0
Togo,TGO,"Air transport, passengers carried",IS.AIR.PSGR,1999,83900.0
Thailand,THA,"Air transport, passengers carried",IS.AIR.PSGR,1999,15950500.0
Tajikistan,TJK,"Air transport, passengers carried",IS.AIR.PSGR,1999,155800.0
Turkmenistan,TKM,"Air transport, passengers carried",IS.AIR.PSGR,1999,1050400.0
Latin America & the Caribbean (IDA & IBRD countries),TLA,"Air transport, passengers carried",IS.AIR.PSGR,1999,90651300.0
Middle East & North Africa (IDA & IBRD countries),TMN,"Air transport, passengers carried",IS.AIR.PSGR,1999,25105400.0
Tonga,TON,"Air transport, passengers carried",IS.AIR.PSGR,1999,50300.0
South Asia (IDA & IBRD),TSA,"Air transport, passengers carried",IS.AIR.PSGR,1999,25506900.0
Sub-Saharan Africa (IDA & IBRD countries),TSS,"Air transport, passengers carried",IS.AIR.PSGR,1999,17122000.0
Trinidad and Tobago,TTO,"Air transport, passengers carried",IS.AIR.PSGR,1999,1111700.0
Tunisia,TUN,"Air transport, passengers carried",IS.AIR.PSGR,1999,1922600.0
Turkiye,TUR,"Air transport, passengers carried",IS.AIR.PSGR,1999,10097300.0
Tanzania,TZA,"Air transport, passengers carried",IS.AIR.PSGR,1999,190000.0
Uganda,UGA,"Air transport, passengers carried",IS.AIR.PSGR,1999,179400.0
Ukraine,UKR,"Air transport, passengers carried",IS.AIR.PSGR,1999,910100.0
Upper middle income,UMC,"Air transport, passengers carried",IS.AIR.PSGR,1999,207295300.0
Uruguay,URY,"Air transport, passengers carried",IS.AIR.PSGR,1999,593400.0
United States,USA,"Air transport, passengers carried",IS.AIR.PSGR,1999,634364608.0
Uzbekistan,UZB,"Air transport, passengers carried",IS.AIR.PSGR,1999,1657600.0
"Venezuela, RB",VEN,"Air transport, passengers carried",IS.AIR.PSGR,1999,4690000.0
Viet Nam,VNM,"Air transport, passengers carried",IS.AIR.PSGR,1999,2600000.0
Vanuatu,VUT,"Air transport, passengers carried",IS.AIR.PSGR,1999,86000.0
World,WLD,"Air transport, passengers carried",IS.AIR.PSGR,1999,1562256300.0
Samoa,WSM,"Air transport, passengers carried",IS.AIR.PSGR,1999,155500.0
"Yemen, Rep.",YEM,"Air transport, passengers carried",IS.AIR.PSGR,1999,731000.0
South Africa,ZAF,"Air transport, passengers carried",IS.AIR.PSGR,1999,7403800.0
Zambia,ZMB,"Air transport, passengers carried",IS.AIR.PSGR,1999,77700.0
Zimbabwe,ZWE,"Air transport, passengers carried",IS.AIR.PSGR,1999,651000.0
Africa Eastern and Southern,AFE,"Air transport, passengers carried",IS.AIR.PSGR,2019,54851421.28520374
Afghanistan,AFG,"Air transport, passengers carried",IS.AIR.PSGR,2019,1066747.35619248
Africa Western and Central,AFW,"Air transport, passengers carried",IS.AIR.PSGR,2019,11384912.635031302
Angola,AGO,"Air transport, passengers carried",IS.AIR.PSGR,2019,1436959.0
Albania,ALB,"Air transport, passengers carried",IS.AIR.PSGR,2019,307741.0
Arab World,ARB,"Air transport, passengers carried",IS.AIR.PSGR,2019,246284712.90189278
United Arab Emirates,ARE,"Air transport, passengers carried",IS.AIR.PSGR,2019,93995208.09
Argentina,ARG,"Air transport, passengers carried",IS.AIR.PSGR,2019,19461377.0
Armenia,ARM,"Air transport, passengers carried",IS.AIR.PSGR,2019,193668.0
Antigua and Barbuda,ATG,"Air transport, passengers carried",IS.AIR.PSGR,2019,526333.995080553
Australia,AUS,"Air transport, passengers carried",IS.AIR.PSGR,2019,76850596.719
Austria,AUT,"Air transport, passengers carried",IS.AIR.PSGR,2019,46476602.0
Azerbaijan,AZE,"Air transport, passengers carried",IS.AIR.PSGR,2019,2585280.0
Belgium,BEL,"Air transport, passengers carried",IS.AIR.PSGR,2019,14279187.0
Burkina Faso,BFA,"Air transport, passengers carried",IS.AIR.PSGR,2019,185841.0
Bangladesh,BGD,"Air transport, passengers carried",IS.AIR.PSGR,2019,6260241.0
Bulgaria,BGR,"Air transport, passengers carried",IS.AIR.PSGR,2019,832828.0
Bahrain,BHR,"Air transport, passengers carried",IS.AIR.PSGR,2019,6440562.0
"Bahamas, The",BHS,"Air transport, passengers carried",IS.AIR.PSGR,2019,1856546.0
Bosnia and Herzegovina,BIH,"Air transport, passengers carried",IS.AIR.PSGR,2019,5375.0
Belarus,BLR,"Air transport, passengers carried",IS.AIR.PSGR,2019,3208254.0
Belize,BLZ,"Air transport, passengers carried",IS.AIR.PSGR,2019,1278187.556
Bolivia,BOL,"Air transport, passengers carried",IS.AIR.PSGR,2019,4066959.0
Brazil,BRA,"Air transport, passengers carried",IS.AIR.PSGR,2019,102917546.0
Brunei Darussalam,BRN,"Air transport, passengers carried",IS.AIR.PSGR,2019,1421313.0
Bhutan,BTN,"Air transport, passengers carried",IS.AIR.PSGR,2019,276092.0
Botswana,BWA,"Air transport, passengers carried",IS.AIR.PSGR,2019,254439.0
Canada,CAN,"Air transport, passengers carried",IS.AIR.PSGR,2019,93352000.0
Central Europe and the Baltics,CEB,"Air transport, passengers carried",IS.AIR.PSGR,2019,69934611.3
Switzerland,CHE,"Air transport, passengers carried",IS.AIR.PSGR,2019,30339654.0
Chile,CHL,"Air transport, passengers carried",IS.AIR.PSGR,2019,21197759.0
China,CHN,"Air transport, passengers carried",IS.AIR.PSGR,2019,659629070.0
Cote d'Ivoire,CIV,"Air transport, passengers carried",IS.AIR.PSGR,2019,748540.0
Cameroon,CMR,"Air transport, passengers carried",IS.AIR.PSGR,2019,83882.0
"Congo, Dem. Rep.",COD,"Air transport, passengers carried",IS.AIR.PSGR,2019,550457.892628576
"Congo, Rep.",COG,"Air transport, passengers carried",IS.AIR.PSGR,2019,541787.136860717
Colombia,COL,"Air transport, passengers carried",IS.AIR.PSGR,2019,37031843.0
Cabo Verde,CPV,"Air transport, passengers carried",IS.AIR.PSGR,2019,675482.0
Costa Rica,CRI,"Air transport, passengers carried",IS.AIR.PSGR,2019,2033146.0
Caribbean small states,CSS,"Air transport, passengers carried",IS.AIR.PSGR,2019,3926365.551080553
Cuba,CUB,"Air transport, passengers carried",IS.AIR.PSGR,2019,457130.0
Cyprus,CYP,"Air transport, passengers carried",IS.AIR.PSGR,2019,395436.0
Czechia,CZE,"Air transport, passengers carried",IS.AIR.PSGR,2019,5446163.2
Germany,DEU,"Air transport, passengers carried",IS.AIR.PSGR,2019,109633750.727
Dominican Republic,DOM,"Air transport, passengers carried",IS.AIR.PSGR,2019,113752.0
Algeria,DZA,"Air transport, passengers carried",IS.AIR.PSGR,2019,6752002.0
East Asia & Pacific (excluding high income),EAP,"Air transport, passengers carried",IS.AIR.PSGR,2019,1003476407.1325972
Early-demographic dividend,EAR,"Air transport, passengers carried",IS.AIR.PSGR,2019,734632530.4109949
East Asia & Pacific,EAS,"Air transport, passengers carried",IS.AIR.PSGR,2019,1415410517.3105972
Europe & Central Asia (excluding high income),ECA,"Air transport, passengers carried",IS.AIR.PSGR,2019,144851367.268
Europe & Central Asia,ECS,"Air transport, passengers carried",IS.AIR.PSGR,2019,1181479874.428
Ecuador,ECU,"Air transport, passengers carried",IS.AIR.PSGR,2019,4827978.0
"Egypt, Arab Rep.",EGY,"Air transport, passengers carried",IS.AIR.PSGR,2019,13206889.61
Euro area,EMU,"Air transport, passengers carried",IS.AIR.PSGR,2019,639868656.158
Eritrea,ERI,"Air transport, passengers carried",IS.AIR.PSGR,2019,101357.3758656
Spain,ESP,"Air transport, passengers carried",IS.AIR.PSGR,2019,88237165.272
Estonia,EST,"Air transport, passengers carried",IS.AIR.PSGR,2019,857.0
Ethiopia,ETH,"Air transport, passengers carried",IS.AIR.PSGR,2019,12631216.0
European Union,EUU,"Air transport, passengers carried",IS.AIR.PSGR,2019,752764693.96
Fragile and conflict affected situations,FCS,"Air transport, passengers carried",IS.AIR.PSGR,2019,48048008.99753029
Finland,FIN,"Air transport, passengers carried",IS.AIR.PSGR,2019,14610547.0
Fiji,FJI,"Air transport, passengers carried",IS.AIR.PSGR,2019,1700293.0
France,FRA,"Air transport, passengers carried",IS.AIR.PSGR,2019,71289277.0
United Kingdom,GBR,"Air transport, passengers carried",IS.AIR.PSGR,2019,142392528.0
Georgia,GEO,"Air transport, passengers carried",IS.AIR.PSGR,2019,509913.0
Ghana,GHA,"Air transport, passengers carried",IS.AIR.PSGR,2019,597343.0
"Gambia, The",GMB,"Air transport, passengers carried",IS.AIR.PSGR,2019,109542.145080475
Equatorial Guinea,GNQ,"Air transport, passengers carried",IS.AIR.PSGR,2019,425475.0
Greece,GRC,"Air transport, passengers carried",IS.AIR.PSGR,2019,16124738.33
Guatemala,GTM,"Air transport, passengers carried",IS.AIR.PSGR,2019,107350.0
Guyana,GUY,"Air transport, passengers carried",IS.AIR.PSGR,2019,28697.0
High income,HIC,"Air transport, passengers carried",IS.AIR.PSGR,2019,2715403309.2230806
"Hong Kong SAR, China",HKG,"Air transport, passengers carried",IS.AIR.PSGR,2019,46469864.0
Honduras,HND,"Air transport, passengers carried",IS.AIR.PSGR,2019,321243.0
Heavily indebted poor countries (HIPC),HPC,"Air transport, passengers carried",IS.AIR.PSGR,2019,27353506.867337413
Croatia,HRV,"Air transport, passengers carried",IS.AIR.PSGR,2019,2108591.0
Hungary,HUN,"Air transport, passengers carried",IS.AIR.PSGR,2019,39803373.0
IBRD only,IBD,"Air transport, passengers carried",IS.AIR.PSGR,2019,1828194540.6500802
IDA & IBRD total,IBT,"Air transport, passengers carried",IS.AIR.PSGR,2019,1904674595.8002758
IDA total,IDA,"Air transport, passengers carried",IS.AIR.PSGR,2019,76480055.15019548
IDA blend,IDB,"Air transport, passengers carried",IS.AIR.PSGR,2019,30424229.35095083
Indonesia,IDN,"Air transport, passengers carried",IS.AIR.PSGR,2019,91323153.0
IDA only,IDX,"Air transport, passengers carried",IS.AIR.PSGR,2019,46055825.799244665
India,IND,"Air transport, passengers carried",IS.AIR.PSGR,2019,167499116.0
Ireland,IRL,"Air transport, passengers carried",IS.AIR.PSGR,2019,170161848.0
"Iran, Islamic Rep.",IRN,"Air transport, passengers carried",IS.AIR.PSGR,2019,21641449.393
Iraq,IRQ,"Air transport, passengers carried",IS.AIR.PSGR,2019,5434292.0
Iceland,ISL,"Air transport, passengers carried",IS.AIR.PSGR,2019,4656017.0
Israel,ISR,"Air transport, passengers carried",IS.AIR.PSGR,2019,7068458.0
Italy,ITA,"Air transport, passengers carried",IS.AIR.PSGR,2019,27760301.0
Jordan,JOR,"Air transport, passengers carried",IS.AIR.PSGR,2019,3478444.0
Japan,JPN,"Air transport, passengers carried",IS.AIR.PSGR,2019,130233352.0
Kazakhstan,KAZ,"Air transport, passengers carried",IS.AIR.PSGR,2019,7656866.0
Kenya,KEN,"Air transport, passengers carried",IS.AIR.PSGR,2019,6417534.056
Kyrgyz Republic,KGZ,"Air transport, passengers carried",IS.AIR.PSGR,2019,867935.0
Cambodia,KHM,"Air transport, passengers carried",IS.AIR.PSGR,2019,1429503.73046387
Kiribati,KIR,"Air transport, passengers carried",IS.AIR.PSGR,2019,65846.852
"Korea, Rep.",KOR,"Air transport, passengers carried",IS.AIR.PSGR,2019,92434079.0
Kuwait,KWT,"Air transport, passengers carried",IS.AIR.PSGR,2019,7385299.0
Latin America & Caribbean (excluding high income),LAC,"Air transport, passengers carried",IS.AIR.PSGR,2019,264853828.556
Lao PDR,LAO,"Air transport, passengers carried",IS.AIR.PSGR,2019,979307.0
Lebanon,LBN,"Air transport, passengers carried",IS.AIR.PSGR,2019,3164358.0
Libya,LBY,"Air transport, passengers carried",IS.AIR.PSGR,2019,1367458.0
Latin America & Caribbean,LCN,"Air transport, passengers carried",IS.AIR.PSGR,2019,305061356.5510806
Least developed countries: UN classification,LDC,"Air transport, passengers carried",IS.AIR.PSGR,2019,36727918.80994056
Low income,LIC,"Air transport, passengers carried",IS.AIR.PSGR,2019,18690732.68588695
Sri Lanka,LKA,"Air transport, passengers carried",IS.AIR.PSGR,2019,5582446.0
Lower middle income,LMC,"Air transport, passengers carried",IS.AIR.PSGR,2019,361220872.8431845
Low & middle income,LMY,"Air transport, passengers carried",IS.AIR.PSGR,2019,1738769952.8051953
Late-demographic dividend,LTE,"Air transport, passengers carried",IS.AIR.PSGR,2019,1516126027.0900002
Lithuania,LTU,"Air transport, passengers carried",IS.AIR.PSGR,2019,40944.0
Luxembourg,LUX,"Air transport, passengers carried",IS.AIR.PSGR,2019,2114417.0
Latvia,LVA,"Air transport, passengers carried",IS.AIR.PSGR,2019,4976410.0
"Macao SAR, China",MAC,"Air transport, passengers carried",IS.AIR.PSGR,2019,3659911.0
Morocco,MAR,"Air transport, passengers carried",IS.AIR.PSGR,2019,9380951.0
Monaco,MCO,"Air transport, passengers carried",IS.AIR.PSGR,2019,316.0
Moldova,MDA,"Air transport, passengers carried",IS.AIR.PSGR,2019,1408166.0
Madagascar,MDG,"Air transport, passengers carried",IS.AIR.PSGR,2019,544458.0
Maldives,MDV,"Air transport, passengers carried",IS.AIR.PSGR,2019,1221786.67512409
Middle East & North Africa,MEA,"Air transport, passengers carried",IS.AIR.PSGR,2019,276426540.53804666
Mexico,MEX,"Air transport, passengers carried",IS.AIR.PSGR,2019,69937838.0
Marshall Islands,MHL,"Air transport, passengers carried",IS.AIR.PSGR,2019,21500.0
Middle income,MIC,"Air transport, passengers carried",IS.AIR.PSGR,2019,1720079220.1193087
Malta,MLT,"Air transport, passengers carried",IS.AIR.PSGR,2019,2382607.8
Myanmar,MMR,"Air transport, passengers carried",IS.AIR.PSGR,2019,3701663.849
Middle East & North Africa (excluding high income),MNA,"Air transport, passengers carried",IS.AIR.PSGR,2019,68779625.64804661
Montenegro,MNE,"Air transport, passengers carried",IS.AIR.PSGR,2019,597380.0
Mongolia,MNG,"Air transport, passengers carried",IS.AIR.PSGR,2019,744413.0
Mozambique,MOZ,"Air transport, passengers carried",IS.AIR.PSGR,2019,587364.0
Mauritania,MRT,"Air transport, passengers carried",IS.AIR.PSGR,2019,386621.0
Mauritius,MUS,"Air transport, passengers carried",IS.AIR.PSGR,2019,1726868.0
Malawi,MWI,"Air transport, passengers carried",IS.AIR.PSGR,2019,7117.0
Malaysia,MYS,"Air transport, passengers carried",IS.AIR.PSGR,2019,63623130.0
North America,NAC,"Air transport, passengers carried",IS.AIR.PSGR,2019,1020089000.0
Namibia,NAM,"Air transport, passengers carried",IS.AIR.PSGR,2019,212578.0
Nigeria,NGA,"Air transport, passengers carried",IS.AIR.PSGR,2019,6539048.35309011
Netherlands,NLD,"Air transport, passengers carried",IS.AIR.PSGR,2019,46358457.951
Nepal,NPL,"Air transport, passengers carried",IS.AIR.PSGR,2019,1659671.0
Nauru,NRU,"Air transport, passengers carried",IS.AIR.PSGR,2019,50668.0
New Zealand,NZL,"Air transport, passengers carried",IS.AIR.PSGR,2019,17763604.459
OECD members,OED,"Air transport, passengers carried",IS.AIR.PSGR,2019,2504574292.338
Oman,OMN,"Air transport, passengers carried",IS.AIR.PSGR,2019,11239996.0
Other small states,OSS,"Air transport, passengers carried",IS.AIR.PSGR,2019,20303166.47512409
Pakistan,PAK,"Air transport, passengers carried",IS.AIR.PSGR,2019,7420378.249
Panama,PAN,"Air transport, passengers carried",IS.AIR.PSGR,2019,12497758.0
Peru,PER,"Air transport, passengers carried",IS.AIR.PSGR,2019,18820572.0
Philippines,PHL,"Air transport, passengers carried",IS.AIR.PSGR,2019,47776892.0
Papua New Guinea,PNG,"Air transport, passengers carried",IS.AIR.PSGR,2019,2029701.0
Poland,POL,"Air transport, passengers carried",IS.AIR.PSGR,2019,10225516.0
Pre-demographic dividend,PRE,"Air transport, passengers carried",IS.AIR.PSGR,2019,28357862.062200513
"Korea, Dem. People's Rep.",PRK,"Air transport, passengers carried",IS.AIR.PSGR,2019,109095.0
Portugal,PRT,"Air transport, passengers carried",IS.AIR.PSGR,2019,22047878.978
Paraguay,PRY,"Air transport, passengers carried",IS.AIR.PSGR,2019,632389.0
Pacific island small states,PSS,"Air transport, passengers carried",IS.AIR.PSGR,2019,2609710.553133403
Post-demographic dividend,PST,"Air transport, passengers carried",IS.AIR.PSGR,2019,2176459264.4650803
Qatar,QAT,"Air transport, passengers carried",IS.AIR.PSGR,2019,32953297.0
Romania,ROU,"Air transport, passengers carried",IS.AIR.PSGR,2019,5630289.0
Russian Federation,RUS,"Air transport, passengers carried",IS.AIR.PSGR,2019,108857906.0
Rwanda,RWA,"Air transport, passengers carried",IS.AIR.PSGR,2019,1561562.21422701
South Asia,SAS,"Air transport, passengers carried",IS.AIR.PSGR,2019,190986478.28031656
Saudi Arabia,SAU,"Air transport, passengers carried",IS.AIR.PSGR,2019,46181487.0
Sudan,SDN,"Air transport, passengers carried",IS.AIR.PSGR,2019,530001.0
Senegal,SEN,"Air transport, passengers carried",IS.AIR.PSGR,2019,457722.0
Singapore,SGP,"Air transport, passengers carried",IS.AIR.PSGR,2019,43050722.0
Solomon Islands,SLB,"Air transport, passengers carried",IS.AIR.PSGR,2019,229670.648
El Salvador,SLV,"Air transport, passengers carried",IS.AIR.PSGR,2019,2609917.0
Somalia,SOM,"Air transport, passengers carried",IS.AIR.PSGR,2019,34065.5568461863
Serbia,SRB,"Air transport, passengers carried",IS.AIR.PSGR,2019,2469081.0
Sub-Saharan Africa (excluding high income),SSA,"Air transport, passengers carried",IS.AIR.PSGR,2019,65822245.92023504
Sub-Saharan Africa,SSF,"Air transport, passengers carried",IS.AIR.PSGR,2019,66236333.920235045
Small states,SST,"Air transport, passengers carried",IS.AIR.PSGR,2019,26839242.579338048
Sao Tome and Principe,STP,"Air transport, passengers carried",IS.AIR.PSGR,2019,41933.0
Suriname,SUR,"Air transport, passengers carried",IS.AIR.PSGR,2019,236601.0
Slovenia,SVN,"Air transport, passengers carried",IS.AIR.PSGR,2019,869640.1
Sweden,SWE,"Air transport, passengers carried",IS.AIR.PSGR,2019,50957868.602
Eswatini,SWZ,"Air transport, passengers carried",IS.AIR.PSGR,2019,52744.0
Seychelles,SYC,"Air transport, passengers carried",IS.AIR.PSGR,2019,414088.0
Syrian Arab Republic,SYR,"Air transport, passengers carried",IS.AIR.PSGR,2019,18456.6450466215
East Asia & Pacific (IDA & IBRD countries),TEA,"Air transport, passengers carried",IS.AIR.PSGR,2019,1003417980.1325972
Europe & Central Asia (IDA & IBRD countries),TEC,"Air transport, passengers carried",IS.AIR.PSGR,2019,272506497.268
Togo,TGO,"Air transport, passengers carried",IS.AIR.PSGR,2019,633629.0
Thailand,THA,"Air transport, passengers carried",IS.AIR.PSGR,2019,76344410.0
Tajikistan,TJK,"Air transport, passengers carried",IS.AIR.PSGR,2019,539094.616
Turkmenistan,TKM,"Air transport, passengers carried",IS.AIR.PSGR,2019,2081424.32
Latin America & the Caribbean (IDA & IBRD countries),TLA,"Air transport, passengers carried",IS.AIR.PSGR,2019,302747680.5510806
Middle East & North Africa (IDA & IBRD countries),TMN,"Air transport, passengers carried",IS.AIR.PSGR,2019,68779625.64804661
South Asia (IDA & IBRD),TSA,"Air transport, passengers carried",IS.AIR.PSGR,2019,190986478.28031656
Sub-Saharan Africa (IDA & IBRD countries),TSS,"Air transport, passengers carried",IS.AIR.PSGR,2019,66236333.92023504
Trinidad and Tobago,TTO,"Air transport, passengers carried",IS.AIR.PSGR,2019,2583595.0
Tunisia,TUN,"Air transport, passengers carried",IS.AIR.PSGR,2019,4335325.0
Turkiye,TUR,"Air transport, passengers carried",IS.AIR.PSGR,2019,111131475.0
Tanzania,TZA,"Air transport, passengers carried",IS.AIR.PSGR,2019,1498093.0
Uganda,UGA,"Air transport, passengers carried",IS.AIR.PSGR,2019,19822.5
Ukraine,UKR,"Air transport, passengers carried",IS.AIR.PSGR,2019,7604522.332
Upper middle income,UMC,"Air transport, passengers carried",IS.AIR.PSGR,2019,1358858347.276124
United States,USA,"Air transport, passengers carried",IS.AIR.PSGR,2019,926737000.0
Uzbekistan,UZB,"Air transport, passengers carried",IS.AIR.PSGR,2019,3685192.0
"Venezuela, RB",VEN,"Air transport, passengers carried",IS.AIR.PSGR,2019,1516839.0
Viet Nam,VNM,"Air transport, passengers carried",IS.AIR.PSGR,2019,53227026.0
Vanuatu,VUT,"Air transport, passengers carried",IS.AIR.PSGR,2019,466865.053133403
World,WLD,"Air transport, passengers carried",IS.AIR.PSGR,2019,4455690101.028277
Samoa,WSM,"Air transport, passengers carried",IS.AIR.PSGR,2019,74867.0
South Africa,ZAF,"Air transport, passengers carried",IS.AIR.PSGR,2019,26211258.0
Zambia,ZMB,"Air transport, passengers carried",IS.AIR.PSGR,2019,17505.6896363636
Africa Eastern and Southern,AFE,"Air transport, passengers carried",IS.AIR.PSGR,2000,14963609.0
Afghanistan,AFG,"Air transport, passengers carried",IS.AIR.PSGR,2000,149705.0
Africa Western and Central,AFW,"Air transport, passengers carried",IS.AIR.PSGR,2000,2949248.0
Angola,AGO,"Air transport, passengers carried",IS.AIR.PSGR,2000,235448.0
Albania,ALB,"Air transport, passengers carried",IS.AIR.PSGR,2000,136622.0
Arab World,ARB,"Air transport, passengers carried",IS.AIR.PSGR,2000,45723758.0
United Arab Emirates,ARE,"Air transport, passengers carried",IS.AIR.PSGR,2000,6893085.0
Argentina,ARG,"Air transport, passengers carried",IS.AIR.PSGR,2000,8915627.0
Armenia,ARM,"Air transport, passengers carried",IS.AIR.PSGR,2000,298232.0
Antigua and Barbuda,ATG,"Air transport, passengers carried",IS.AIR.PSGR,2000,1426114.0
Australia,AUS,"Air transport, passengers carried",IS.AIR.PSGR,2000,32577569.0
Austria,AUT,"Air transport, passengers carried",IS.AIR.PSGR,2000,6641875.0
Azerbaijan,AZE,"Air transport, passengers carried",IS.AIR.PSGR,2000,545800.0
Belgium,BEL,"Air transport, passengers carried",IS.AIR.PSGR,2000,10738119.0
Benin,BEN,"Air transport, passengers carried",IS.AIR.PSGR,2000,77273.0
Burkina Faso,BFA,"Air transport, passengers carried",IS.AIR.PSGR,2000,143529.0
Bangladesh,BGD,"Air transport, passengers carried",IS.AIR.PSGR,2000,1331369.0
Bulgaria,BGR,"Air transport, passengers carried",IS.AIR.PSGR,2000,535246.0
Bahrain,BHR,"Air transport, passengers carried",IS.AIR.PSGR,2000,1382461.0
"Bahamas, The",BHS,"Air transport, passengers carried",IS.AIR.PSGR,2000,1860623.0
Bosnia and Herzegovina,BIH,"Air transport, passengers carried",IS.AIR.PSGR,2000,69142.0
Belarus,BLR,"Air transport, passengers carried",IS.AIR.PSGR,2000,210899.0
Bolivia,BOL,"Air transport, passengers carried",IS.AIR.PSGR,2000,1756608.0
Brazil,BRA,"Air transport, passengers carried",IS.AIR.PSGR,2000,31287784.0
Brunei Darussalam,BRN,"Air transport, passengers carried",IS.AIR.PSGR,2000,863547.0
Bhutan,BTN,"Air transport, passengers carried",IS.AIR.PSGR,2000,34425.0
Botswana,BWA,"Air transport, passengers carried",IS.AIR.PSGR,2000,163909.0
Central African Republic,CAF,"Air transport, passengers carried",IS.AIR.PSGR,2000,77273.0
Canada,CAN,"Air transport, passengers carried",IS.AIR.PSGR,2000,41767974.0
Central Europe and the Baltics,CEB,"Air transport, passengers carried",IS.AIR.PSGR,2000,11117833.0
Switzerland,CHE,"Air transport, passengers carried",IS.AIR.PSGR,2000,17268093.0
Chile,CHL,"Air transport, passengers carried",IS.AIR.PSGR,2000,5174876.0
China,CHN,"Air transport, passengers carried",IS.AIR.PSGR,2000,61891807.0
Cote d'Ivoire,CIV,"Air transport, passengers carried",IS.AIR.PSGR,2000,107979.0
Cameroon,CMR,"Air transport, passengers carried",IS.AIR.PSGR,2000,273000.0
"Congo, Rep.",COG,"Air transport, passengers carried",IS.AIR.PSGR,2000,127541.0
Colombia,COL,"Air transport, passengers carried",IS.AIR.PSGR,2000,8568734.0
Cabo Verde,CPV,"Air transport, passengers carried",IS.AIR.PSGR,2000,263547.0
Costa Rica,CRI,"Air transport, passengers carried",IS.AIR.PSGR,2000,877833.0
Cuba,CUB,"Air transport, passengers carried",IS.AIR.PSGR,2000,1007193.0
Cyprus,CYP,"Air transport, passengers carried",IS.AIR.PSGR,2000,1396076.0
Czechia,CZE,"Air transport, passengers carried",IS.AIR.PSGR,2000,2229216.0
Germany,DEU,"Air transport, passengers carried",IS.AIR.PSGR,2000,57962865.0
Denmark,DNK,"Air transport, passengers carried",IS.AIR.PSGR,2000,5922623.0
Algeria,DZA,"Air transport, passengers carried",IS.AIR.PSGR,2000,2997480.0
East Asia & Pacific (excluding high income),EAP,"Air transport, passengers carried",IS.AIR.PSGR,2000,117475001.0
Early-demographic dividend,EAR,"Air transport, passengers carried",IS.AIR.PSGR,2000,149713878.0
East Asia & Pacific,EAS,"Air transport, passengers carried",IS.AIR.PSGR,2000,337766614.0
Europe & Central Asia (excluding high income),ECA,"Air transport, passengers carried",IS.AIR.PSGR,2000,19131881.0
Europe & Central Asia,ECS,"Air transport, passengers carried",IS.AIR.PSGR,2000,428305223.0
Ecuador,ECU,"Air transport, passengers carried",IS.AIR.PSGR,2000,1318518.0
"Egypt, Arab Rep.",EGY,"Air transport, passengers carried",IS.AIR.PSGR,2000,4521702.0
Euro area,EMU,"Air transport, passengers carried",IS.AIR.PSGR,2000,260651401.0
Spain,ESP,"Air transport, passengers carried",IS.AIR.PSGR,2000,39711776.0
Estonia,EST,"Air transport, passengers carried",IS.AIR.PSGR,2000,277595.0
Ethiopia,ETH,"Air transport, passengers carried",IS.AIR.PSGR,2000,944595.0
European Union,EUU,"Air transport, passengers carried",IS.AIR.PSGR,2000,288449342.0
Fragile and conflict affected situations,FCS,"Air transport, passengers carried",IS.AIR.PSGR,2000,13644350.0
Finland,FIN,"Air transport, passengers carried",IS.AIR.PSGR,2000,6828143.0
Fiji,FJI,"Air transport, passengers carried",IS.AIR.PSGR,2000,586043.0
France,FRA,"Air transport, passengers carried",IS.AIR.PSGR,2000,52581312.0
Gabon,GAB,"Air transport, passengers carried",IS.AIR.PSGR,2000,446688.0
United Kingdom,GBR,"Air transport, passengers carried",IS.AIR.PSGR,2000,70436030.0
Georgia,GEO,"Air transport, passengers carried",IS.AIR.PSGR,2000,117521.0
Ghana,GHA,"Air transport, passengers carried",IS.AIR.PSGR,2000,314335.0
Greece,GRC,"Air transport, passengers carried",IS.AIR.PSGR,2000,7937434.0
Guyana,GUY,"Air transport, passengers carried",IS.AIR.PSGR,2000,73256.0
High income,HIC,"Air transport, passengers carried",IS.AIR.PSGR,2000,1382056652.0
"Hong Kong SAR, China",HKG,"Air transport, passengers carried",IS.AIR.PSGR,2000,14377973.0
Heavily indebted poor countries (HIPC),HPC,"Air transport, passengers carried",IS.AIR.PSGR,2000,6492929.0
Croatia,HRV,"Air transport, passengers carried",IS.AIR.PSGR,2000,1072000.0
Hungary,HUN,"Air transport, passengers carried",IS.AIR.PSGR,2000,2197521.0
IBRD only,IBD,"Air transport, passengers carried",IS.AIR.PSGR,2000,300232596.0
IDA & IBRD total,IBT,"Air transport, passengers carried",IS.AIR.PSGR,2000,323854019.0
IDA total,IDA,"Air transport, passengers carried",IS.AIR.PSGR,2000,23621423.0
IDA blend,IDB,"Air transport, passengers carried",IS.AIR.PSGR,2000,12148066.0
Indonesia,IDN,"Air transport, passengers carried",IS.AIR.PSGR,2000,9916365.0
IDA only,IDX,"Air transport, passengers carried",IS.AIR.PSGR,2000,11473357.0
India,IND,"Air transport, passengers carried",IS.AIR.PSGR,2000,17299483.0
Ireland,IRL,"Air transport, passengers carried",IS.AIR.PSGR,2000,13983022.0
"Iran, Islamic Rep.",IRN,"Air transport, passengers carried",IS.AIR.PSGR,2000,8722145.0
Iceland,ISL,"Air transport, passengers carried",IS.AIR.PSGR,2000,1431818.0
Israel,ISR,"Air transport, passengers carried",IS.AIR.PSGR,2000,4442967.0
Italy,ITA,"Air transport, passengers carried",IS.AIR.PSGR,2000,30418137.0
Jamaica,JAM,"Air transport, passengers carried",IS.AIR.PSGR,2000,1922123.0
Jordan,JOR,"Air transport, passengers carried",IS.AIR.PSGR,2000,1281997.0
Japan,JPN,"Air transport, passengers carried",IS.AIR.PSGR,2000,109123312.0
Kazakhstan,KAZ,"Air transport, passengers carried",IS.AIR.PSGR,2000,461283.0
Kenya,KEN,"Air transport, passengers carried",IS.AIR.PSGR,2000,1554949.0
Kyrgyz Republic,KGZ,"Air transport, passengers carried",IS.AIR.PSGR,2000,240954.0
"Korea, Rep.",KOR,"Air transport, passengers carried",IS.AIR.PSGR,2000,34331368.0
Kuwait,KWT,"Air transport, passengers carried",IS.AIR.PSGR,2000,2112523.0
Latin America & Caribbean (excluding high income),LAC,"Air transport, passengers carried",IS.AIR.PSGR,2000,80663834.0
Lao PDR,LAO,"Air transport, passengers carried",IS.AIR.PSGR,2000,210847.0
Lebanon,LBN,"Air transport, passengers carried",IS.AIR.PSGR,2000,805803.0
Libya,LBY,"Air transport, passengers carried",IS.AIR.PSGR,2000,600734.0
Latin America & Caribbean,LCN,"Air transport, passengers carried",IS.AIR.PSGR,2000,96507566.0
Least developed countries: UN classification,LDC,"Air transport, passengers carried",IS.AIR.PSGR,2000,7554646.0
Low income,LIC,"Air transport, passengers carried",IS.AIR.PSGR,2000,4776260.0
Sri Lanka,LKA,"Air transport, passengers carried",IS.AIR.PSGR,2000,1755567.0
Lower middle income,LMC,"Air transport, passengers carried",IS.AIR.PSGR,2000,58000401.0
Low & middle income,LMY,"Air transport, passengers carried",IS.AIR.PSGR,2000,287713060.0
Late-demographic dividend,LTE,"Air transport, passengers carried",IS.AIR.PSGR,2000,216639000.0
Lithuania,LTU,"Air transport, passengers carried",IS.AIR.PSGR,2000,283836.0
Luxembourg,LUX,"Air transport, passengers carried",IS.AIR.PSGR,2000,870831.0
Latvia,LVA,"Air transport, passengers carried",IS.AIR.PSGR,2000,278396.0
"Macao SAR, China",MAC,"Air transport, passengers carried",IS.AIR.PSGR,2000,1532189.0
Morocco,MAR,"Air transport, passengers carried",IS.AIR.PSGR,2000,3671317.0
Monaco,MCO,"Air transport, passengers carried",IS.AIR.PSGR,2000,82764.0
Moldova,MDA,"Air transport, passengers carried",IS.AIR.PSGR,2000,117532.0
Madagascar,MDG,"Air transport, passengers carried",IS.AIR.PSGR,2000,629409.0
Maldives,MDV,"Air transport, passengers carried",IS.AIR.PSGR,2000,315108.0
Middle East & North Africa,MEA,"Air transport, passengers carried",IS.AIR.PSGR,2000,59654534.0
Mexico,MEX,"Air transport, passengers carried",IS.AIR.PSGR,2000,20894205.0
Marshall Islands,MHL,"Air transport, passengers carried",IS.AIR.PSGR,2000,16109.0
Middle income,MIC,"Air transport, passengers carried",IS.AIR.PSGR,2000,282936800.0
North Macedonia,MKD,"Air transport, passengers carried",IS.AIR.PSGR,2000,599012.0
Mali,MLI,"Air transport, passengers carried",IS.AIR.PSGR,2000,77273.0
Malta,MLT,"Air transport, passengers carried",IS.AIR.PSGR,2000,1364904.0
Myanmar,MMR,"Air transport, passengers carried",IS.AIR.PSGR,2000,437600.0
Middle East & North Africa (excluding high income),MNA,"Air transport, passengers carried",IS.AIR.PSGR,2000,26100792.0
Mongolia,MNG,"Air transport, passengers carried",IS.AIR.PSGR,2000,253917.0
Mozambique,MOZ,"Air transport, passengers carried",IS.AIR.PSGR,2000,259568.0
Mauritania,MRT,"Air transport, passengers carried",IS.AIR.PSGR,2000,185061.0
Mauritius,MUS,"Air transport, passengers carried",IS.AIR.PSGR,2000,949085.0
Malawi,MWI,"Air transport, passengers carried",IS.AIR.PSGR,2000,115831.0
Malaysia,MYS,"Air transport, passengers carried",IS.AIR.PSGR,2000,16560793.0
North America,NAC,"Air transport, passengers carried",IS.AIR.PSGR,2000,707095388.0
Namibia,NAM,"Air transport, passengers carried",IS.AIR.PSGR,2000,247147.0
Niger,NER,"Air transport, passengers carried",IS.AIR.PSGR,2000,77273.0
Nigeria,NGA,"Air transport, passengers carried",IS.AIR.PSGR,2000,507396.0
Nicaragua,NIC,"Air transport, passengers carried",IS.AIR.PSGR,2000,61031.0
Netherlands,NLD,"Air transport, passengers carried",IS.AIR.PSGR,2000,20898713.0
Norway,NOR,"Air transport, passengers carried",IS.AIR.PSGR,2000,15182305.0
Nepal,NPL,"Air transport, passengers carried",IS.AIR.PSGR,2000,643332.0
New Zealand,NZL,"Air transport, passengers carried",IS.AIR.PSGR,2000,10781314.0
OECD members,OED,"Air transport, passengers carried",IS.AIR.PSGR,2000,1333236717.0
Oman,OMN,"Air transport, passengers carried",IS.AIR.PSGR,2000,2118338.0
Other small states,OSS,"Air transport, passengers carried",IS.AIR.PSGR,2000,8797246.0
Pakistan,PAK,"Air transport, passengers carried",IS.AIR.PSGR,2000,5293541.0
Panama,PAN,"Air transport, passengers carried",IS.AIR.PSGR,2000,1117411.0
Peru,PER,"Air transport, passengers carried",IS.AIR.PSGR,2000,1595268.0
Philippines,PHL,"Air transport, passengers carried",IS.AIR.PSGR,2000,5756288.0
Papua New Guinea,PNG,"Air transport, passengers carried",IS.AIR.PSGR,2000,1099772.0
Poland,POL,"Air transport, passengers carried",IS.AIR.PSGR,2000,2340919.0
Pre-demographic dividend,PRE,"Air transport, passengers carried",IS.AIR.PSGR,2000,5605843.0
"Korea, Dem. People's Rep.",PRK,"Air transport, passengers carried",IS.AIR.PSGR,2000,82953.0
Portugal,PRT,"Air transport, passengers carried",IS.AIR.PSGR,2000,6721365.0
Paraguay,PRY,"Air transport, passengers carried",IS.AIR.PSGR,2000,265898.0
Pacific island small states,PSS,"Air transport, passengers carried",IS.AIR.PSGR,2000,994674.0
Post-demographic dividend,PST,"Air transport, passengers carried",IS.AIR.PSGR,2000,1301972064.0
Qatar,QAT,"Air transport, passengers carried",IS.AIR.PSGR,2000,2672972.0
Romania,ROU,"Air transport, passengers carried",IS.AIR.PSGR,2000,1218102.0
Russian Federation,RUS,"Air transport, passengers carried",IS.AIR.PSGR,2000,17687894.0
South Asia,SAS,"Air transport, passengers carried",IS.AIR.PSGR,2000,26822530.0
Saudi Arabia,SAU,"Air transport, passengers carried",IS.AIR.PSGR,2000,12566492.0
Sudan,SDN,"Air transport, passengers carried",IS.AIR.PSGR,2000,414179.0
Senegal,SEN,"Air transport, passengers carried",IS.AIR.PSGR,2000,97525.0
Singapore,SGP,"Air transport, passengers carried",IS.AIR.PSGR,2000,16704341.0
Solomon Islands,SLB,"Air transport, passengers carried",IS.AIR.PSGR,2000,75262.0
Sierra Leone,SLE,"Air transport, passengers carried",IS.AIR.PSGR,2000,19009.0
El Salvador,SLV,"Air transport, passengers carried",IS.AIR.PSGR,2000,1960363.0
Sub-Saharan Africa (excluding high income),SSA,"Air transport, passengers carried",IS.AIR.PSGR,2000,17519022.0
Sub-Saharan Africa,SSF,"Air transport, passengers carried",IS.AIR.PSGR,2000,17912857.0
Small states,SST,"Air transport, passengers carried",IS.AIR.PSGR,2000,13384562.0
Sao Tome and Principe,STP,"Air transport, passengers carried",IS.AIR.PSGR,2000,35054.0
Suriname,SUR,"Air transport, passengers carried",IS.AIR.PSGR,2000,232649.0
Slovak Republic,SVK,"Air transport, passengers carried",IS.AIR.PSGR,2000,57095.0
Slovenia,SVN,"Air transport, passengers carried",IS.AIR.PSGR,2000,627907.0
Sweden,SWE,"Air transport, passengers carried",IS.AIR.PSGR,2000,13354314.0
Eswatini,SWZ,"Air transport, passengers carried",IS.AIR.PSGR,2000,89791.0
Seychelles,SYC,"Air transport, passengers carried",IS.AIR.PSGR,2000,393835.0
Syrian Arab Republic,SYR,"Air transport, passengers carried",IS.AIR.PSGR,2000,750129.0
Chad,TCD,"Air transport, passengers carried",IS.AIR.PSGR,2000,77273.0
East Asia & Pacific (IDA & IBRD countries),TEA,"Air transport, passengers carried",IS.AIR.PSGR,2000,117392048.0
Europe & Central Asia (IDA & IBRD countries),TEC,"Air transport, passengers carried",IS.AIR.PSGR,2000,41986042.0
Togo,TGO,"Air transport, passengers carried",IS.AIR.PSGR,2000,77273.0
Thailand,THA,"Air transport, passengers carried",IS.AIR.PSGR,2000,17392091.0
Tajikistan,TJK,"Air transport, passengers carried",IS.AIR.PSGR,2000,168006.0
Turkmenistan,TKM,"Air transport, passengers carried",IS.AIR.PSGR,2000,1283780.0
Latin America & the Caribbean (IDA & IBRD countries),TLA,"Air transport, passengers carried",IS.AIR.PSGR,2000,93639750.0
Middle East & North Africa (IDA & IBRD countries),TMN,"Air transport, passengers carried",IS.AIR.PSGR,2000,26100792.0
Tonga,TON,"Air transport, passengers carried",IS.AIR.PSGR,2000,51615.0
South Asia (IDA & IBRD),TSA,"Air transport, passengers carried",IS.AIR.PSGR,2000,26822530.0
Sub-Saharan Africa (IDA & IBRD countries),TSS,"Air transport, passengers carried",IS.AIR.PSGR,2000,17912857.0
Trinidad and Tobago,TTO,"Air transport, passengers carried",IS.AIR.PSGR,2000,1254425.0
Tunisia,TUN,"Air transport, passengers carried",IS.AIR.PSGR,2000,1907876.0
Turkiye,TUR,"Air transport, passengers carried",IS.AIR.PSGR,2000,12187891.0
Tanzania,TZA,"Air transport, passengers carried",IS.AIR.PSGR,2000,193069.0
Uganda,UGA,"Air transport, passengers carried",IS.AIR.PSGR,2000,39379.0
Ukraine,UKR,"Air transport, passengers carried",IS.AIR.PSGR,2000,950697.0
Upper middle income,UMC,"Air transport, passengers carried",IS.AIR.PSGR,2000,224936399.0
Uruguay,URY,"Air transport, passengers carried",IS.AIR.PSGR,2000,642027.0
United States,USA,"Air transport, passengers carried",IS.AIR.PSGR,2000,665327414.0
Uzbekistan,UZB,"Air transport, passengers carried",IS.AIR.PSGR,2000,1744510.0
"Venezuela, RB",VEN,"Air transport, passengers carried",IS.AIR.PSGR,2000,4295000.0
Viet Nam,VNM,"Air transport, passengers carried",IS.AIR.PSGR,2000,2877894.0
Vanuatu,VUT,"Air transport, passengers carried",IS.AIR.PSGR,2000,101503.0
World,WLD,"Air transport, passengers carried",IS.AIR.PSGR,2000,1674064712.0
Samoa,WSM,"Air transport, passengers carried",IS.AIR.PSGR,2000,164142.0
"Yemen, Rep.",YEM,"Air transport, passengers carried",IS.AIR.PSGR,2000,841609.0
South Africa,ZAF,"Air transport, passengers carried",IS.AIR.PSGR,2000,8000757.0
Zambia,ZMB,"Air transport, passengers carried",IS.AIR.PSGR,2000,89628.0
Zimbabwe,ZWE,"Air transport, passengers carried",IS.AIR.PSGR,2000,607976.0
Africa Eastern and Southern,AFE,"Air transport, passengers carried",IS.AIR.PSGR,2001,14546112.0
Africa Western and Central,AFW,"Air transport, passengers carried",IS.AIR.PSGR,2001,2627404.0
Angola,AGO,"Air transport, passengers carried",IS.AIR.PSGR,2001,193317.0
Albania,ALB,"Air transport, passengers carried",IS.AIR.PSGR,2001,146273.0
Arab World,ARB,"Air transport, passengers carried",IS.AIR.PSGR,2001,46769231.0
United Arab Emirates,ARE,"Air transport, passengers carried",IS.AIR.PSGR,2001,7675845.0
Argentina,ARG,"Air transport, passengers carried",IS.AIR.PSGR,2001,5808770.0
Armenia,ARM,"Air transport, passengers carried",IS.AIR.PSGR,2001,369164.0
Antigua and Barbuda,ATG,"Air transport, passengers carried",IS.AIR.PSGR,2001,1369069.0
Australia,AUS,"Air transport, passengers carried",IS.AIR.PSGR,2001,33477398.0
Austria,AUT,"Air transport, passengers carried",IS.AIR.PSGR,2001,6550376.0
Azerbaijan,AZE,"Air transport, passengers carried",IS.AIR.PSGR,2001,543800.0
Belgium,BEL,"Air transport, passengers carried",IS.AIR.PSGR,2001,8489007.0
Benin,BEN,"Air transport, passengers carried",IS.AIR.PSGR,2001,46364.0
Burkina Faso,BFA,"Air transport, passengers carried",IS.AIR.PSGR,2001,100286.0
Bangladesh,BGD,"Air transport, passengers carried",IS.AIR.PSGR,2001,1449980.0
Bulgaria,BGR,"Air transport, passengers carried",IS.AIR.PSGR,2001,233963.0
Bahrain,BHR,"Air transport, passengers carried",IS.AIR.PSGR,2001,1250076.0
"Bahamas, The",BHS,"Air transport, passengers carried",IS.AIR.PSGR,2001,1625689.0
Bosnia and Herzegovina,BIH,"Air transport, passengers carried",IS.AIR.PSGR,2001,64993.0
Belarus,BLR,"Air transport, passengers carried",IS.AIR.PSGR,2001,221714.0
Bolivia,BOL,"Air transport, passengers carried",IS.AIR.PSGR,2001,1557128.0
Brazil,BRA,"Air transport, passengers carried",IS.AIR.PSGR,2001,34285574.0
Brunei Darussalam,BRN,"Air transport, passengers carried",IS.AIR.PSGR,2001,1007542.0
Bhutan,BTN,"Air transport, passengers carried",IS.AIR.PSGR,2001,35114.0
Botswana,BWA,"Air transport, passengers carried",IS.AIR.PSGR,2001,169526.0
Central African Republic,CAF,"Air transport, passengers carried",IS.AIR.PSGR,2001,46364.0
Canada,CAN,"Air transport, passengers carried",IS.AIR.PSGR,2001,40451914.0
Central Europe and the Baltics,CEB,"Air transport, passengers carried",IS.AIR.PSGR,2001,11445703.0
Switzerland,CHE,"Air transport, passengers carried",IS.AIR.PSGR,2001,16914823.0
Chile,CHL,"Air transport, passengers carried",IS.AIR.PSGR,2001,5315623.0
China,CHN,"Air transport, passengers carried",IS.AIR.PSGR,2001,72660653.0
Cote d'Ivoire,CIV,"Air transport, passengers carried",IS.AIR.PSGR,2001,46364.0
Cameroon,CMR,"Air transport, passengers carried",IS.AIR.PSGR,2001,324114.0
"Congo, Dem. Rep.",COD,"Air transport, passengers carried",IS.AIR.PSGR,2001,95200.0
"Congo, Rep.",COG,"Air transport, passengers carried",IS.AIR.PSGR,2001,95188.0
Colombia,COL,"Air transport, passengers carried",IS.AIR.PSGR,2001,9604390.0
Cabo Verde,CPV,"Air transport, passengers carried",IS.AIR.PSGR,2001,242799.0
Costa Rica,CRI,"Air transport, passengers carried",IS.AIR.PSGR,2001,737895.0
Cuba,CUB,"Air transport, passengers carried",IS.AIR.PSGR,2001,882309.0
Cyprus,CYP,"Air transport, passengers carried",IS.AIR.PSGR,2001,1503427.0
Czechia,CZE,"Air transport, passengers carried",IS.AIR.PSGR,2001,2565808.0
Germany,DEU,"Air transport, passengers carried",IS.AIR.PSGR,2001,56389365.0
Denmark,DNK,"Air transport, passengers carried",IS.AIR.PSGR,2001,6382092.0
Algeria,DZA,"Air transport, passengers carried",IS.AIR.PSGR,2001,3419249.0
East Asia & Pacific (excluding high income),EAP,"Air transport, passengers carried",IS.AIR.PSGR,2001,131899488.0
Early-demographic dividend,EAR,"Air transport, passengers carried",IS.AIR.PSGR,2001,160513615.0
East Asia & Pacific,EAS,"Air transport, passengers carried",IS.AIR.PSGR,2001,351529526.0
Europe & Central Asia (excluding high income),ECA,"Air transport, passengers carried",IS.AIR.PSGR,2001,18955710.0
Europe & Central Asia,ECS,"Air transport, passengers carried",IS.AIR.PSGR,2001,427544242.0
Ecuador,ECU,"Air transport, passengers carried",IS.AIR.PSGR,2001,1284922.0
"Egypt, Arab Rep.",EGY,"Air transport, passengers carried",IS.AIR.PSGR,2001,4389163.0
Euro area,EMU,"Air transport, passengers carried",IS.AIR.PSGR,2001,258252629.0
Spain,ESP,"Air transport, passengers carried",IS.AIR.PSGR,2001,41469789.0
Estonia,EST,"Air transport, passengers carried",IS.AIR.PSGR,2001,277768.0
Ethiopia,ETH,"Air transport, passengers carried",IS.AIR.PSGR,2001,1027528.0
European Union,EUU,"Air transport, passengers carried",IS.AIR.PSGR,2001,286388891.0
Fragile and conflict affected situations,FCS,"Air transport, passengers carried",IS.AIR.PSGR,2001,18495379.0
Finland,FIN,"Air transport, passengers carried",IS.AIR.PSGR,2001,6697556.0
Fiji,FJI,"Air transport, passengers carried",IS.AIR.PSGR,2001,612727.0
France,FRA,"Air transport, passengers carried",IS.AIR.PSGR,2001,50476541.0
Gabon,GAB,"Air transport, passengers carried",IS.AIR.PSGR,2001,373904.0
United Kingdom,GBR,"Air transport, passengers carried",IS.AIR.PSGR,2001,70331725.0
Georgia,GEO,"Air transport, passengers carried",IS.AIR.PSGR,2001,110800.0
Ghana,GHA,"Air transport, passengers carried",IS.AIR.PSGR,2001,301135.0
Greece,GRC,"Air transport, passengers carried",IS.AIR.PSGR,2001,8430333.0
Guyana,GUY,"Air transport, passengers carried",IS.AIR.PSGR,2001,47800.0
High income,HIC,"Air transport, passengers carried",IS.AIR.PSGR,2001,1336609000.0
"Hong Kong SAR, China",HKG,"Air transport, passengers carried",IS.AIR.PSGR,2001,14064286.0
Heavily indebted poor countries (HIPC),HPC,"Air transport, passengers carried",IS.AIR.PSGR,2001,5967306.0
Croatia,HRV,"Air transport, passengers carried",IS.AIR.PSGR,2001,1245000.0
Hungary,HUN,"Air transport, passengers carried",IS.AIR.PSGR,2001,2023385.0
IBRD only,IBD,"Air transport, passengers carried",IS.AIR.PSGR,2001,329761381.0
IDA & IBRD total,IBT,"Air transport, passengers carried",IS.AIR.PSGR,2001,353461238.0
IDA total,IDA,"Air transport, passengers carried",IS.AIR.PSGR,2001,23699857.0
IDA blend,IDB,"Air transport, passengers carried",IS.AIR.PSGR,2001,12976878.0
Indonesia,IDN,"Air transport, passengers carried",IS.AIR.PSGR,2001,12453812.0
IDA only,IDX,"Air transport, passengers carried",IS.AIR.PSGR,2001,10722979.0
India,IND,"Air transport, passengers carried",IS.AIR.PSGR,2001,16862737.0
Ireland,IRL,"Air transport, passengers carried",IS.AIR.PSGR,2001,15450847.0
"Iran, Islamic Rep.",IRN,"Air transport, passengers carried",IS.AIR.PSGR,2001,16485326.0
Iceland,ISL,"Air transport, passengers carried",IS.AIR.PSGR,2001,1357946.0
Israel,ISR,"Air transport, passengers carried",IS.AIR.PSGR,2001,3967140.0
Italy,ITA,"Air transport, passengers carried",IS.AIR.PSGR,2001,31031074.0
Jamaica,JAM,"Air transport, passengers carried",IS.AIR.PSGR,2001,1946123.0
Jordan,JOR,"Air transport, passengers carried",IS.AIR.PSGR,2001,1178058.0
Japan,JPN,"Air transport, passengers carried",IS.AIR.PSGR,2001,107823469.0
Kazakhstan,KAZ,"Air transport, passengers carried",IS.AIR.PSGR,2001,500981.0
Kenya,KEN,"Air transport, passengers carried",IS.AIR.PSGR,2001,1418183.0
Kyrgyz Republic,KGZ,"Air transport, passengers carried",IS.AIR.PSGR,2001,192060.0
"Korea, Rep.",KOR,"Air transport, passengers carried",IS.AIR.PSGR,2001,33710340.0
Kuwait,KWT,"Air transport, passengers carried",IS.AIR.PSGR,2001,2084574.0
Latin America & Caribbean (excluding high income),LAC,"Air transport, passengers carried",IS.AIR.PSGR,2001,80705199.0
Lao PDR,LAO,"Air transport, passengers carried",IS.AIR.PSGR,2001,210847.0
Lebanon,LBN,"Air transport, passengers carried",IS.AIR.PSGR,2001,815862.0
Libya,LBY,"Air transport, passengers carried",IS.AIR.PSGR,2001,582712.0
Latin America & Caribbean,LCN,"Air transport, passengers carried",IS.AIR.PSGR,2001,101576743.0
Least developed countries: UN classification,LDC,"Air transport, passengers carried",IS.AIR.PSGR,2001,7411821.0
Low income,LIC,"Air transport, passengers carried",IS.AIR.PSGR,2001,4640077.0
Sri Lanka,LKA,"Air transport, passengers carried",IS.AIR.PSGR,2001,1718331.0
Lower middle income,LMC,"Air transport, passengers carried",IS.AIR.PSGR,2001,58792890.0
Low & middle income,LMY,"Air transport, passengers carried",IS.AIR.PSGR,2001,309168780.0
Late-demographic dividend,LTE,"Air transport, passengers carried",IS.AIR.PSGR,2001,237815480.0
Lithuania,LTU,"Air transport, passengers carried",IS.AIR.PSGR,2001,304051.0
Luxembourg,LUX,"Air transport, passengers carried",IS.AIR.PSGR,2001,885852.0
Latvia,LVA,"Air transport, passengers carried",IS.AIR.PSGR,2001,255392.0
"Macao SAR, China",MAC,"Air transport, passengers carried",IS.AIR.PSGR,2001,1706332.0
Morocco,MAR,"Air transport, passengers carried",IS.AIR.PSGR,2001,3680688.0
Monaco,MCO,"Air transport, passengers carried",IS.AIR.PSGR,2001,77798.0
Moldova,MDA,"Air transport, passengers carried",IS.AIR.PSGR,2001,120125.0
Madagascar,MDG,"Air transport, passengers carried",IS.AIR.PSGR,2001,657953.0
Maldives,MDV,"Air transport, passengers carried",IS.AIR.PSGR,2001,56216.0
Middle East & North Africa,MEA,"Air transport, passengers carried",IS.AIR.PSGR,2001,67991058.0
Mexico,MEX,"Air transport, passengers carried",IS.AIR.PSGR,2001,20172824.0
Marshall Islands,MHL,"Air transport, passengers carried",IS.AIR.PSGR,2001,18805.0
Middle income,MIC,"Air transport, passengers carried",IS.AIR.PSGR,2001,304528703.0
North Macedonia,MKD,"Air transport, passengers carried",IS.AIR.PSGR,2001,315450.0
Mali,MLI,"Air transport, passengers carried",IS.AIR.PSGR,2001,46364.0
Malta,MLT,"Air transport, passengers carried",IS.AIR.PSGR,2001,1340031.0
Myanmar,MMR,"Air transport, passengers carried",IS.AIR.PSGR,2001,398216.0
Middle East & North Africa (excluding high income),MNA,"Air transport, passengers carried",IS.AIR.PSGR,2001,34079465.0
Montenegro,MNE,"Air transport, passengers carried",IS.AIR.PSGR,2001,121737.0
Mongolia,MNG,"Air transport, passengers carried",IS.AIR.PSGR,2001,255298.0
Mozambique,MOZ,"Air transport, passengers carried",IS.AIR.PSGR,2001,264216.0
Mauritania,MRT,"Air transport, passengers carried",IS.AIR.PSGR,2001,155687.0
Mauritius,MUS,"Air transport, passengers carried",IS.AIR.PSGR,2001,1002282.0
Malawi,MWI,"Air transport, passengers carried",IS.AIR.PSGR,2001,112560.0
Malaysia,MYS,"Air transport, passengers carried",IS.AIR.PSGR,2001,16107156.0
North America,NAC,"Air transport, passengers carried",IS.AIR.PSGR,2001,662639760.0
Namibia,NAM,"Air transport, passengers carried",IS.AIR.PSGR,2001,215237.0
Niger,NER,"Air transport, passengers carried",IS.AIR.PSGR,2001,46364.0
Nigeria,NGA,"Air transport, passengers carried",IS.AIR.PSGR,2001,519453.0
Netherlands,NLD,"Air transport, passengers carried",IS.AIR.PSGR,2001,20072980.0
Norway,NOR,"Air transport, passengers carried",IS.AIR.PSGR,2001,14556181.0
Nepal,NPL,"Air transport, passengers carried",IS.AIR.PSGR,2001,641142.0
New Zealand,NZL,"Air transport, passengers carried",IS.AIR.PSGR,2001,11467023.0
OECD members,OED,"Air transport, passengers carried",IS.AIR.PSGR,2001,1283609610.0
Oman,OMN,"Air transport, passengers carried",IS.AIR.PSGR,2001,1980076.0
Other small states,OSS,"Air transport, passengers carried",IS.AIR.PSGR,2001,8649959.0
Pakistan,PAK,"Air transport, passengers carried",IS.AIR.PSGR,2001,6011849.0
Panama,PAN,"Air transport, passengers carried",IS.AIR.PSGR,2001,1114727.0
Peru,PER,"Air transport, passengers carried",IS.AIR.PSGR,2001,2248991.0
Philippines,PHL,"Air transport, passengers carried",IS.AIR.PSGR,2001,6416383.0
Papua New Guinea,PNG,"Air transport, passengers carried",IS.AIR.PSGR,2001,1188089.0
Poland,POL,"Air transport, passengers carried",IS.AIR.PSGR,2001,2670283.0
Pre-demographic dividend,PRE,"Air transport, passengers carried",IS.AIR.PSGR,2001,5129614.0
"Korea, Dem. People's Rep.",PRK,"Air transport, passengers carried",IS.AIR.PSGR,2001,78805.0
Portugal,PRT,"Air transport, passengers carried",IS.AIR.PSGR,2001,6650492.0
Paraguay,PRY,"Air transport, passengers carried",IS.AIR.PSGR,2001,281040.0
Pacific island small states,PSS,"Air transport, passengers carried",IS.AIR.PSGR,2001,1040635.0
Post-demographic dividend,PST,"Air transport, passengers carried",IS.AIR.PSGR,2001,1251639848.0
Qatar,QAT,"Air transport, passengers carried",IS.AIR.PSGR,2001,2778116.0
Romania,ROU,"Air transport, passengers carried",IS.AIR.PSGR,2001,1137305.0
Russian Federation,RUS,"Air transport, passengers carried",IS.AIR.PSGR,2001,20301199.0
South Asia,SAS,"Air transport, passengers carried",IS.AIR.PSGR,2001,26775369.0
Saudi Arabia,SAU,"Air transport, passengers carried",IS.AIR.PSGR,2001,12835735.0
Sudan,SDN,"Air transport, passengers carried",IS.AIR.PSGR,2001,414983.0
Senegal,SEN,"Air transport, passengers carried",IS.AIR.PSGR,2001,176413.0
Singapore,SGP,"Air transport, passengers carried",IS.AIR.PSGR,2001,16373648.0
Solomon Islands,SLB,"Air transport, passengers carried",IS.AIR.PSGR,2001,81376.0
Sierra Leone,SLE,"Air transport, passengers carried",IS.AIR.PSGR,2001,13877.0
El Salvador,SLV,"Air transport, passengers carried",IS.AIR.PSGR,2001,1692334.0
Serbia,SRB,"Air transport, passengers carried",IS.AIR.PSGR,2001,994880.0
Sub-Saharan Africa (excluding high income),SSA,"Air transport, passengers carried",IS.AIR.PSGR,2001,16753549.0
Sub-Saharan Africa,SSF,"Air transport, passengers carried",IS.AIR.PSGR,2001,17173516.0
Small states,SST,"Air transport, passengers carried",IS.AIR.PSGR,2001,12936051.0
Sao Tome and Principe,STP,"Air transport, passengers carried",IS.AIR.PSGR,2001,35054.0
Suriname,SUR,"Air transport, passengers carried",IS.AIR.PSGR,2001,202899.0
Slovak Republic,SVK,"Air transport, passengers carried",IS.AIR.PSGR,2001,43113.0
Slovenia,SVN,"Air transport, passengers carried",IS.AIR.PSGR,2001,689635.0
Sweden,SWE,"Air transport, passengers carried",IS.AIR.PSGR,2001,13123426.0
Seychelles,SYC,"Air transport, passengers carried",IS.AIR.PSGR,2001,419967.0
Syrian Arab Republic,SYR,"Air transport, passengers carried",IS.AIR.PSGR,2001,760923.0
Chad,TCD,"Air transport, passengers carried",IS.AIR.PSGR,2001,46364.0
East Asia & Pacific (IDA & IBRD countries),TEA,"Air transport, passengers carried",IS.AIR.PSGR,2001,131820683.0
Europe & Central Asia (IDA & IBRD countries),TEC,"Air transport, passengers carried",IS.AIR.PSGR,2001,44543460.0
Togo,TGO,"Air transport, passengers carried",IS.AIR.PSGR,2001,46364.0
Thailand,THA,"Air transport, passengers carried",IS.AIR.PSGR,2001,17662418.0
Turkmenistan,TKM,"Air transport, passengers carried",IS.AIR.PSGR,2001,1407423.0
Latin America & the Caribbean (IDA & IBRD countries),TLA,"Air transport, passengers carried",IS.AIR.PSGR,2001,99068745.0
Middle East & North Africa (IDA & IBRD countries),TMN,"Air transport, passengers carried",IS.AIR.PSGR,2001,34079465.0
Tonga,TON,"Air transport, passengers carried",IS.AIR.PSGR,2001,56777.0
South Asia (IDA & IBRD),TSA,"Air transport, passengers carried",IS.AIR.PSGR,2001,26775369.0
Sub-Saharan Africa (IDA & IBRD countries),TSS,"Air transport, passengers carried",IS.AIR.PSGR,2001,17173516.0
Trinidad and Tobago,TTO,"Air transport, passengers carried",IS.AIR.PSGR,2001,1387639.0
Tunisia,TUN,"Air transport, passengers carried",IS.AIR.PSGR,2001,1926118.0
Turkiye,TUR,"Air transport, passengers carried",IS.AIR.PSGR,2001,10603908.0
Tanzania,TZA,"Air transport, passengers carried",IS.AIR.PSGR,2001,174559.0
Uganda,UGA,"Air transport, passengers carried",IS.AIR.PSGR,2001,40560.0
Ukraine,UKR,"Air transport, passengers carried",IS.AIR.PSGR,2001,986022.0
Upper middle income,UMC,"Air transport, passengers carried",IS.AIR.PSGR,2001,245735813.0
Uruguay,URY,"Air transport, passengers carried",IS.AIR.PSGR,2001,558563.0
United States,USA,"Air transport, passengers carried",IS.AIR.PSGR,2001,622187846.0
Uzbekistan,UZB,"Air transport, passengers carried",IS.AIR.PSGR,2001,2256380.0
"Venezuela, RB",VEN,"Air transport, passengers carried",IS.AIR.PSGR,2001,9452434.0
Viet Nam,VNM,"Air transport, passengers carried",IS.AIR.PSGR,2001,3427176.0
Vanuatu,VUT,"Air transport, passengers carried",IS.AIR.PSGR,2001,97471.0
World,WLD,"Air transport, passengers carried",IS.AIR.PSGR,2001,1655230214.0
Samoa,WSM,"Air transport, passengers carried",IS.AIR.PSGR,2001,173479.0
"Yemen, Rep.",YEM,"Air transport, passengers carried",IS.AIR.PSGR,2001,841366.0
South Africa,ZAF,"Air transport, passengers carried",IS.AIR.PSGR,2001,7948374.0
Zambia,ZMB,"Air transport, passengers carried",IS.AIR.PSGR,2001,48517.0
Zimbabwe,ZWE,"Air transport, passengers carried",IS.AIR.PSGR,2001,308096.0
Aruba,ABW,"Air transport, passengers carried",IS.AIR.PSGR,2017,223502.0
Africa Eastern and Southern,AFE,"Air transport, passengers carried",IS.AIR.PSGR,2017,45423814.08
Afghanistan,AFG,"Air transport, passengers carried",IS.AIR.PSGR,2017,1647425.0
Africa Western and Central,AFW,"Air transport, passengers carried",IS.AIR.PSGR,2017,8837017.0
Angola,AGO,"Air transport, passengers carried",IS.AIR.PSGR,2017,1375523.0
Albania,ALB,"Air transport, passengers carried",IS.AIR.PSGR,2017,204090.0
Arab World,ARB,"Air transport, passengers carried",IS.AIR.PSGR,2017,223496214.05
United Arab Emirates,ARE,"Air transport, passengers carried",IS.AIR.PSGR,2017,95306195.0
Argentina,ARG,"Air transport, passengers carried",IS.AIR.PSGR,2017,16749271.0
Antigua and Barbuda,ATG,"Air transport, passengers carried",IS.AIR.PSGR,2017,590517.0
Australia,AUS,"Air transport, passengers carried",IS.AIR.PSGR,2017,74257326.0
Austria,AUT,"Air transport, passengers carried",IS.AIR.PSGR,2017,16171640.0
Azerbaijan,AZE,"Air transport, passengers carried",IS.AIR.PSGR,2017,2331308.0
Belgium,BEL,"Air transport, passengers carried",IS.AIR.PSGR,2017,13676844.0
Burkina Faso,BFA,"Air transport, passengers carried",IS.AIR.PSGR,2017,145049.0
Bangladesh,BGD,"Air transport, passengers carried",IS.AIR.PSGR,2017,4660739.03831114
Bulgaria,BGR,"Air transport, passengers carried",IS.AIR.PSGR,2017,1133069.0
Bahrain,BHR,"Air transport, passengers carried",IS.AIR.PSGR,2017,5190484.0
"Bahamas, The",BHS,"Air transport, passengers carried",IS.AIR.PSGR,2017,921470.0
Belarus,BLR,"Air transport, passengers carried",IS.AIR.PSGR,2017,2493100.0
Belize,BLZ,"Air transport, passengers carried",IS.AIR.PSGR,2017,1285642.0
Bolivia,BOL,"Air transport, passengers carried",IS.AIR.PSGR,2017,4053427.35
Brazil,BRA,"Air transport, passengers carried",IS.AIR.PSGR,2017,96395709.0
Brunei Darussalam,BRN,"Air transport, passengers carried",IS.AIR.PSGR,2017,1172201.0
Bhutan,BTN,"Air transport, passengers carried",IS.AIR.PSGR,2017,254643.0
Botswana,BWA,"Air transport, passengers carried",IS.AIR.PSGR,2017,223673.0
Canada,CAN,"Air transport, passengers carried",IS.AIR.PSGR,2017,91404001.0
Central Europe and the Baltics,CEB,"Air transport, passengers carried",IS.AIR.PSGR,2017,52125994.0
Switzerland,CHE,"Air transport, passengers carried",IS.AIR.PSGR,2017,26732570.0
Chile,CHL,"Air transport, passengers carried",IS.AIR.PSGR,2017,17664974.0
China,CHN,"Air transport, passengers carried",IS.AIR.PSGR,2017,551234509.0
Cote d'Ivoire,CIV,"Air transport, passengers carried",IS.AIR.PSGR,2017,808471.0
Cameroon,CMR,"Air transport, passengers carried",IS.AIR.PSGR,2017,236000.0
"Congo, Dem. Rep.",COD,"Air transport, passengers carried",IS.AIR.PSGR,2017,959738.0
"Congo, Rep.",COG,"Air transport, passengers carried",IS.AIR.PSGR,2017,333899.0
Colombia,COL,"Air transport, passengers carried",IS.AIR.PSGR,2017,32504898.0
Cabo Verde,CPV,"Air transport, passengers carried",IS.AIR.PSGR,2017,336718.0
Costa Rica,CRI,"Air transport, passengers carried",IS.AIR.PSGR,2017,1822880.0
Cuba,CUB,"Air transport, passengers carried",IS.AIR.PSGR,2017,942785.0
Cyprus,CYP,"Air transport, passengers carried",IS.AIR.PSGR,2017,711554.0
Czechia,CZE,"Air transport, passengers carried",IS.AIR.PSGR,2017,5450671.0
Germany,DEU,"Air transport, passengers carried",IS.AIR.PSGR,2017,114160685.0
Algeria,DZA,"Air transport, passengers carried",IS.AIR.PSGR,2017,6230157.0
East Asia & Pacific (excluding high income),EAP,"Air transport, passengers carried",IS.AIR.PSGR,2017,881698293.0
Early-demographic dividend,EAR,"Air transport, passengers carried",IS.AIR.PSGR,2017,679891167.7203113
East Asia & Pacific,EAS,"Air transport, passengers carried",IS.AIR.PSGR,2017,1266613885.0
Europe & Central Asia (excluding high income),ECA,"Air transport, passengers carried",IS.AIR.PSGR,2017,137449544.0
Europe & Central Asia,ECS,"Air transport, passengers carried",IS.AIR.PSGR,2017,1067441656.0
Ecuador,ECU,"Air transport, passengers carried",IS.AIR.PSGR,2017,5121235.0
"Egypt, Arab Rep.",EGY,"Air transport, passengers carried",IS.AIR.PSGR,2017,11748510.0
Euro area,EMU,"Air transport, passengers carried",IS.AIR.PSGR,2017,560783691.0
Eritrea,ERI,"Air transport, passengers carried",IS.AIR.PSGR,2017,102729.0
Spain,ESP,"Air transport, passengers carried",IS.AIR.PSGR,2017,71598374.0
Estonia,EST,"Air transport, passengers carried",IS.AIR.PSGR,2017,13103.0
Ethiopia,ETH,"Air transport, passengers carried",IS.AIR.PSGR,2017,9566378.0
European Union,EUU,"Air transport, passengers carried",IS.AIR.PSGR,2017,657059035.0
Fragile and conflict affected situations,FCS,"Air transport, passengers carried",IS.AIR.PSGR,2017,41551466.05
Finland,FIN,"Air transport, passengers carried",IS.AIR.PSGR,2017,12209646.0
Fiji,FJI,"Air transport, passengers carried",IS.AIR.PSGR,2017,1557876.0
France,FRA,"Air transport, passengers carried",IS.AIR.PSGR,2017,68316473.0
United Kingdom,GBR,"Air transport, passengers carried",IS.AIR.PSGR,2017,151159067.0
Georgia,GEO,"Air transport, passengers carried",IS.AIR.PSGR,2017,341751.0
Ghana,GHA,"Air transport, passengers carried",IS.AIR.PSGR,2017,681691.0
"Gambia, The",GMB,"Air transport, passengers carried",IS.AIR.PSGR,2017,53735.0
Equatorial Guinea,GNQ,"Air transport, passengers carried",IS.AIR.PSGR,2017,496322.0
Greece,GRC,"Air transport, passengers carried",IS.AIR.PSGR,2017,13852857.0
Guatemala,GTM,"Air transport, passengers carried",IS.AIR.PSGR,2017,155524.0
High income,HIC,"Air transport, passengers carried",IS.AIR.PSGR,2017,2481591870.0
"Hong Kong SAR, China",HKG,"Air transport, passengers carried",IS.AIR.PSGR,2017,45580297.0
Honduras,HND,"Air transport, passengers carried",IS.AIR.PSGR,2017,248964.0
Heavily indebted poor countries (HIPC),HPC,"Air transport, passengers carried",IS.AIR.PSGR,2017,23844385.43
Croatia,HRV,"Air transport, passengers carried",IS.AIR.PSGR,2017,2057804.0
Hungary,HUN,"Air transport, passengers carried",IS.AIR.PSGR,2017,26066294.0
IBRD only,IBD,"Air transport, passengers carried",IS.AIR.PSGR,2017,1613282378.14
IDA & IBRD total,IBT,"Air transport, passengers carried",IS.AIR.PSGR,2017,1680834867.7703114
IDA total,IDA,"Air transport, passengers carried",IS.AIR.PSGR,2017,67552489.63031113
IDA blend,IDB,"Air transport, passengers carried",IS.AIR.PSGR,2017,25639415.0
Indonesia,IDN,"Air transport, passengers carried",IS.AIR.PSGR,2017,108393123.0
IDA only,IDX,"Air transport, passengers carried",IS.AIR.PSGR,2017,41913074.63031114
India,IND,"Air transport, passengers carried",IS.AIR.PSGR,2017,139752424.0
Ireland,IRL,"Air transport, passengers carried",IS.AIR.PSGR,2017,153944513.0
"Iran, Islamic Rep.",IRN,"Air transport, passengers carried",IS.AIR.PSGR,2017,26858178.78
Iraq,IRQ,"Air transport, passengers carried",IS.AIR.PSGR,2017,1591490.01
Iceland,ISL,"Air transport, passengers carried",IS.AIR.PSGR,2017,7242611.0
Israel,ISR,"Air transport, passengers carried",IS.AIR.PSGR,2017,6993888.0
Italy,ITA,"Air transport, passengers carried",IS.AIR.PSGR,2017,26288001.0
Jamaica,JAM,"Air transport, passengers carried",IS.AIR.PSGR,2017,151326.0
Jordan,JOR,"Air transport, passengers carried",IS.AIR.PSGR,2017,3381677.0
Japan,JPN,"Air transport, passengers carried",IS.AIR.PSGR,2017,123898000.0
Kazakhstan,KAZ,"Air transport, passengers carried",IS.AIR.PSGR,2017,6903190.0
Kenya,KEN,"Air transport, passengers carried",IS.AIR.PSGR,2017,5109576.0
Kyrgyz Republic,KGZ,"Air transport, passengers carried",IS.AIR.PSGR,2017,1122951.0
Cambodia,KHM,"Air transport, passengers carried",IS.AIR.PSGR,2017,1305297.0
Kiribati,KIR,"Air transport, passengers carried",IS.AIR.PSGR,2017,66567.0
"Korea, Rep.",KOR,"Air transport, passengers carried",IS.AIR.PSGR,2017,82818983.0
Kuwait,KWT,"Air transport, passengers carried",IS.AIR.PSGR,2017,5731748.0
Latin America & Caribbean (excluding high income),LAC,"Air transport, passengers carried",IS.AIR.PSGR,2017,237473414.35
Lao PDR,LAO,"Air transport, passengers carried",IS.AIR.PSGR,2017,1196041.0
Lebanon,LBN,"Air transport, passengers carried",IS.AIR.PSGR,2017,2879528.0
Libya,LBY,"Air transport, passengers carried",IS.AIR.PSGR,2017,1186424.0
Latin America & Caribbean,LCN,"Air transport, passengers carried",IS.AIR.PSGR,2017,275641368.35
Least developed countries: UN classification,LDC,"Air transport, passengers carried",IS.AIR.PSGR,2017,32239144.63031114
Low income,LIC,"Air transport, passengers carried",IS.AIR.PSGR,2017,15919522.079999998
Sri Lanka,LKA,"Air transport, passengers carried",IS.AIR.PSGR,2017,5403577.0
Lower middle income,LMC,"Air transport, passengers carried",IS.AIR.PSGR,2017,305142028.9003111
Low & middle income,LMY,"Air transport, passengers carried",IS.AIR.PSGR,2017,1539814983.7703114
Late-demographic dividend,LTE,"Air transport, passengers carried",IS.AIR.PSGR,2017,1323673354.0
Lithuania,LTU,"Air transport, passengers carried",IS.AIR.PSGR,2017,1069268.0
Luxembourg,LUX,"Air transport, passengers carried",IS.AIR.PSGR,2017,1901012.0
Latvia,LVA,"Air transport, passengers carried",IS.AIR.PSGR,2017,3441024.0
"Macao SAR, China",MAC,"Air transport, passengers carried",IS.AIR.PSGR,2017,2776815.0
Morocco,MAR,"Air transport, passengers carried",IS.AIR.PSGR,2017,8667392.0
Monaco,MCO,"Air transport, passengers carried",IS.AIR.PSGR,2017,316.0
Moldova,MDA,"Air transport, passengers carried",IS.AIR.PSGR,2017,1092606.0
Madagascar,MDG,"Air transport, passengers carried",IS.AIR.PSGR,2017,486425.0
Maldives,MDV,"Air transport, passengers carried",IS.AIR.PSGR,2017,1485752.0
Middle East & North Africa,MEA,"Air transport, passengers carried",IS.AIR.PSGR,2017,257942310.79
Mexico,MEX,"Air transport, passengers carried",IS.AIR.PSGR,2017,58537832.0
Marshall Islands,MHL,"Air transport, passengers carried",IS.AIR.PSGR,2017,22435.0
Middle income,MIC,"Air transport, passengers carried",IS.AIR.PSGR,2017,1523895461.6903112
Malta,MLT,"Air transport, passengers carried",IS.AIR.PSGR,2017,1575125.0
Myanmar,MMR,"Air transport, passengers carried",IS.AIR.PSGR,2017,3149037.0
Middle East & North Africa (excluding high income),MNA,"Air transport, passengers carried",IS.AIR.PSGR,2017,66657459.79
Montenegro,MNE,"Air transport, passengers carried",IS.AIR.PSGR,2017,507637.0
Mongolia,MNG,"Air transport, passengers carried",IS.AIR.PSGR,2017,602775.0
Mozambique,MOZ,"Air transport, passengers carried",IS.AIR.PSGR,2017,569211.0
Mauritania,MRT,"Air transport, passengers carried",IS.AIR.PSGR,2017,418817.0
Mauritius,MUS,"Air transport, passengers carried",IS.AIR.PSGR,2017,1674395.0
Malawi,MWI,"Air transport, passengers carried",IS.AIR.PSGR,2017,10545.0
Malaysia,MYS,"Air transport, passengers carried",IS.AIR.PSGR,2017,58711937.0
North America,NAC,"Air transport, passengers carried",IS.AIR.PSGR,2017,940807001.0
Namibia,NAM,"Air transport, passengers carried",IS.AIR.PSGR,2017,623076.0
Niger,NER,"Air transport, passengers carried",IS.AIR.PSGR,2017,14713.0
Nigeria,NGA,"Air transport, passengers carried",IS.AIR.PSGR,2017,4789878.0
Netherlands,NLD,"Air transport, passengers carried",IS.AIR.PSGR,2017,42763443.0
Nepal,NPL,"Air transport, passengers carried",IS.AIR.PSGR,2017,2443630.512
Nauru,NRU,"Air transport, passengers carried",IS.AIR.PSGR,2017,45457.0
New Zealand,NZL,"Air transport, passengers carried",IS.AIR.PSGR,2017,16271523.0
OECD members,OED,"Air transport, passengers carried",IS.AIR.PSGR,2017,2295787113.0
Oman,OMN,"Air transport, passengers carried",IS.AIR.PSGR,2017,9035230.0
Other small states,OSS,"Air transport, passengers carried",IS.AIR.PSGR,2017,20797741.0
Pakistan,PAK,"Air transport, passengers carried",IS.AIR.PSGR,2017,7260769.0
Panama,PAN,"Air transport, passengers carried",IS.AIR.PSGR,2017,11975372.0
Peru,PER,"Air transport, passengers carried",IS.AIR.PSGR,2017,16094150.0
Philippines,PHL,"Air transport, passengers carried",IS.AIR.PSGR,2017,39341995.0
Papua New Guinea,PNG,"Air transport, passengers carried",IS.AIR.PSGR,2017,1864653.0
Poland,POL,"Air transport, passengers carried",IS.AIR.PSGR,2017,7376512.0
Pre-demographic dividend,PRE,"Air transport, passengers carried",IS.AIR.PSGR,2017,21624757.05
"Korea, Dem. People's Rep.",PRK,"Air transport, passengers carried",IS.AIR.PSGR,2017,103560.0
Portugal,PRT,"Air transport, passengers carried",IS.AIR.PSGR,2017,15937325.0
Paraguay,PRY,"Air transport, passengers carried",IS.AIR.PSGR,2017,454276.0
Pacific island small states,PSS,"Air transport, passengers carried",IS.AIR.PSGR,2017,2543172.0
Post-demographic dividend,PST,"Air transport, passengers carried",IS.AIR.PSGR,2017,2000358525.0
Qatar,QAT,"Air transport, passengers carried",IS.AIR.PSGR,2017,29949181.0
Romania,ROU,"Air transport, passengers carried",IS.AIR.PSGR,2017,4423249.0
Russian Federation,RUS,"Air transport, passengers carried",IS.AIR.PSGR,2017,89373638.0
Rwanda,RWA,"Air transport, passengers carried",IS.AIR.PSGR,2017,1031957.04
South Asia,SAS,"Air transport, passengers carried",IS.AIR.PSGR,2017,162908959.55031115
Saudi Arabia,SAU,"Air transport, passengers carried",IS.AIR.PSGR,2017,37503000.0
Sudan,SDN,"Air transport, passengers carried",IS.AIR.PSGR,2017,557792.04
Senegal,SEN,"Air transport, passengers carried",IS.AIR.PSGR,2017,21038.0
Singapore,SGP,"Air transport, passengers carried",IS.AIR.PSGR,2017,38094990.0
Solomon Islands,SLB,"Air transport, passengers carried",IS.AIR.PSGR,2017,427806.0
El Salvador,SLV,"Air transport, passengers carried",IS.AIR.PSGR,2017,2670560.0
Somalia,SOM,"Air transport, passengers carried",IS.AIR.PSGR,2017,4486.0
Serbia,SRB,"Air transport, passengers carried",IS.AIR.PSGR,2017,2442731.0
Sub-Saharan Africa (excluding high income),SSA,"Air transport, passengers carried",IS.AIR.PSGR,2017,53627313.08
Sub-Saharan Africa,SSF,"Air transport, passengers carried",IS.AIR.PSGR,2017,54260831.08
Small states,SST,"Air transport, passengers carried",IS.AIR.PSGR,2017,26423477.0
Suriname,SUR,"Air transport, passengers carried",IS.AIR.PSGR,2017,284935.0
Slovak Republic,SVK,"Air transport, passengers carried",IS.AIR.PSGR,2017,7925.0
Slovenia,SVN,"Air transport, passengers carried",IS.AIR.PSGR,2017,1087075.0
Sweden,SWE,"Air transport, passengers carried",IS.AIR.PSGR,2017,51825549.0
Seychelles,SYC,"Air transport, passengers carried",IS.AIR.PSGR,2017,633518.0
Syrian Arab Republic,SYR,"Air transport, passengers carried",IS.AIR.PSGR,2017,17564.0
East Asia & Pacific (IDA & IBRD countries),TEA,"Air transport, passengers carried",IS.AIR.PSGR,2017,881640190.0
Europe & Central Asia (IDA & IBRD countries),TEC,"Air transport, passengers carried",IS.AIR.PSGR,2017,241813816.0
Togo,TGO,"Air transport, passengers carried",IS.AIR.PSGR,2017,500686.0
Thailand,THA,"Air transport, passengers carried",IS.AIR.PSGR,2017,70704889.0
Tajikistan,TJK,"Air transport, passengers carried",IS.AIR.PSGR,2017,580374.0
Turkmenistan,TKM,"Air transport, passengers carried",IS.AIR.PSGR,2017,2136219.0
Latin America & the Caribbean (IDA & IBRD countries),TLA,"Air transport, passengers carried",IS.AIR.PSGR,2017,273553611.35
Middle East & North Africa (IDA & IBRD countries),TMN,"Air transport, passengers carried",IS.AIR.PSGR,2017,66657459.79
South Asia (IDA & IBRD),TSA,"Air transport, passengers carried",IS.AIR.PSGR,2017,162908959.55031115
Sub-Saharan Africa (IDA & IBRD countries),TSS,"Air transport, passengers carried",IS.AIR.PSGR,2017,54260831.08
Trinidad and Tobago,TTO,"Air transport, passengers carried",IS.AIR.PSGR,2017,2582961.0
Tunisia,TUN,"Air transport, passengers carried",IS.AIR.PSGR,2017,3963968.0
Turkiye,TUR,"Air transport, passengers carried",IS.AIR.PSGR,2017,107917326.0
Tanzania,TZA,"Air transport, passengers carried",IS.AIR.PSGR,2017,1221678.0
Uganda,UGA,"Air transport, passengers carried",IS.AIR.PSGR,2017,14958.0
Ukraine,UKR,"Air transport, passengers carried",IS.AIR.PSGR,2017,6794396.0
Upper middle income,UMC,"Air transport, passengers carried",IS.AIR.PSGR,2017,1218753432.79
United States,USA,"Air transport, passengers carried",IS.AIR.PSGR,2017,849403000.0
Uzbekistan,UZB,"Air transport, passengers carried",IS.AIR.PSGR,2017,2581865.0
"Venezuela, RB",VEN,"Air transport, passengers carried",IS.AIR.PSGR,2017,4209158.0
Viet Nam,VNM,"Air transport, passengers carried",IS.AIR.PSGR,2017,42592762.0
Vanuatu,VUT,"Air transport, passengers carried",IS.AIR.PSGR,2017,341110.0
World,WLD,"Air transport, passengers carried",IS.AIR.PSGR,2017,4025616011.770311
Samoa,WSM,"Air transport, passengers carried",IS.AIR.PSGR,2017,81921.0
"Yemen, Rep.",YEM,"Air transport, passengers carried",IS.AIR.PSGR,2017,132571.0
South Africa,ZAF,"Air transport, passengers carried",IS.AIR.PSGR,2017,20821044.0
Zambia,ZMB,"Air transport, passengers carried",IS.AIR.PSGR,2017,154573.0
Zimbabwe,ZWE,"Air transport, passengers carried",IS.AIR.PSGR,2017,282539.0
Africa Eastern and Southern,AFE,"Air transport, passengers carried",IS.AIR.PSGR,2021,24057585.264
Afghanistan,AFG,"Air transport, passengers carried",IS.AIR.PSGR,2021,293212.994
Africa Western and Central,AFW,"Air transport, passengers carried",IS.AIR.PSGR,2021,7425487.428
Angola,AGO,"Air transport, passengers carried",IS.AIR.PSGR,2021,311488.0
Albania,ALB,"Air transport, passengers carried",IS.AIR.PSGR,2021,193259.0
Arab World,ARB,"Air transport, passengers carried",IS.AIR.PSGR,2021,100893015.318
United Arab Emirates,ARE,"Air transport, passengers carried",IS.AIR.PSGR,2021,28422616.0
Argentina,ARG,"Air transport, passengers carried",IS.AIR.PSGR,2021,6708097.0
Armenia,ARM,"Air transport, passengers carried",IS.AIR.PSGR,2021,179200.0
Antigua and Barbuda,ATG,"Air transport, passengers carried",IS.AIR.PSGR,2021,40633.0
Australia,AUS,"Air transport, passengers carried",IS.AIR.PSGR,2021,24572955.0
Austria,AUT,"Air transport, passengers carried",IS.AIR.PSGR,2021,18901048.0
Azerbaijan,AZE,"Air transport, passengers carried",IS.AIR.PSGR,2021,1102455.0
Belgium,BEL,"Air transport, passengers carried",IS.AIR.PSGR,2021,5404284.479
Burkina Faso,BFA,"Air transport, passengers carried",IS.AIR.PSGR,2021,112940.0
Bangladesh,BGD,"Air transport, passengers carried",IS.AIR.PSGR,2021,3750753.0
Bulgaria,BGR,"Air transport, passengers carried",IS.AIR.PSGR,2021,41126.0
Bahrain,BHR,"Air transport, passengers carried",IS.AIR.PSGR,2021,1840268.0
"Bahamas, The",BHS,"Air transport, passengers carried",IS.AIR.PSGR,2021,1065149.134
Belarus,BLR,"Air transport, passengers carried",IS.AIR.PSGR,2021,1040730.0
Belize,BLZ,"Air transport, passengers carried",IS.AIR.PSGR,2021,670361.821
Bolivia,BOL,"Air transport, passengers carried",IS.AIR.PSGR,2021,4311879.56
Brazil,BRA,"Air transport, passengers carried",IS.AIR.PSGR,2021,61896523.0
Brunei Darussalam,BRN,"Air transport, passengers carried",IS.AIR.PSGR,2021,27881.0
Bhutan,BTN,"Air transport, passengers carried",IS.AIR.PSGR,2021,22380.0
Botswana,BWA,"Air transport, passengers carried",IS.AIR.PSGR,2021,172017.0
Canada,CAN,"Air transport, passengers carried",IS.AIR.PSGR,2021,24951000.0
Central Europe and the Baltics,CEB,"Air transport, passengers carried",IS.AIR.PSGR,2021,30389422.0
Switzerland,CHE,"Air transport, passengers carried",IS.AIR.PSGR,2021,10988881.272
Chile,CHL,"Air transport, passengers carried",IS.AIR.PSGR,2021,10302876.0
China,CHN,"Air transport, passengers carried",IS.AIR.PSGR,2021,440301216.0
Cote d'Ivoire,CIV,"Air transport, passengers carried",IS.AIR.PSGR,2021,569309.0
Cameroon,CMR,"Air transport, passengers carried",IS.AIR.PSGR,2021,177992.0
"Congo, Dem. Rep.",COD,"Air transport, passengers carried",IS.AIR.PSGR,2021,392102.214
"Congo, Rep.",COG,"Air transport, passengers carried",IS.AIR.PSGR,2021,157784.0
Colombia,COL,"Air transport, passengers carried",IS.AIR.PSGR,2021,26167360.0
Cabo Verde,CPV,"Air transport, passengers carried",IS.AIR.PSGR,2021,76354.068
Costa Rica,CRI,"Air transport, passengers carried",IS.AIR.PSGR,2021,669298.0
Caribbean small states,CSS,"Air transport, passengers carried",IS.AIR.PSGR,2021,1803836.955
Cuba,CUB,"Air transport, passengers carried",IS.AIR.PSGR,2021,22359.0
Cyprus,CYP,"Air transport, passengers carried",IS.AIR.PSGR,2021,103016.0
Czechia,CZE,"Air transport, passengers carried",IS.AIR.PSGR,2021,1418032.0
Germany,DEU,"Air transport, passengers carried",IS.AIR.PSGR,2021,33073180.0
Dominican Republic,DOM,"Air transport, passengers carried",IS.AIR.PSGR,2021,69447.0
Algeria,DZA,"Air transport, passengers carried",IS.AIR.PSGR,2021,1949936.0
East Asia & Pacific (excluding high income),EAP,"Air transport, passengers carried",IS.AIR.PSGR,2021,516080253.789
Early-demographic dividend,EAR,"Air transport, passengers carried",IS.AIR.PSGR,2021,373606823.42800003
East Asia & Pacific,EAS,"Air transport, passengers carried",IS.AIR.PSGR,2021,632631258.5080001
Europe & Central Asia (excluding high income),ECA,"Air transport, passengers carried",IS.AIR.PSGR,2021,88476243.262
Europe & Central Asia,ECS,"Air transport, passengers carried",IS.AIR.PSGR,2021,524360548.47700006
Ecuador,ECU,"Air transport, passengers carried",IS.AIR.PSGR,2021,1534854.0
"Egypt, Arab Rep.",EGY,"Air transport, passengers carried",IS.AIR.PSGR,2021,5563387.0
Euro area,EMU,"Air transport, passengers carried",IS.AIR.PSGR,2021,252461520.31
Spain,ESP,"Air transport, passengers carried",IS.AIR.PSGR,2021,43440479.727
Ethiopia,ETH,"Air transport, passengers carried",IS.AIR.PSGR,2021,7065954.0
European Union,EUU,"Air transport, passengers carried",IS.AIR.PSGR,2021,300510412.943
Fragile and conflict affected situations,FCS,"Air transport, passengers carried",IS.AIR.PSGR,2021,25439426.873999998
Finland,FIN,"Air transport, passengers carried",IS.AIR.PSGR,2021,2805555.0
Fiji,FJI,"Air transport, passengers carried",IS.AIR.PSGR,2021,133708.0
France,FRA,"Air transport, passengers carried",IS.AIR.PSGR,2021,32000528.0
United Kingdom,GBR,"Air transport, passengers carried",IS.AIR.PSGR,2021,26631932.0
Georgia,GEO,"Air transport, passengers carried",IS.AIR.PSGR,2021,84591.0
Ghana,GHA,"Air transport, passengers carried",IS.AIR.PSGR,2021,559393.0
Equatorial Guinea,GNQ,"Air transport, passengers carried",IS.AIR.PSGR,2021,31268.0
Greece,GRC,"Air transport, passengers carried",IS.AIR.PSGR,2021,8726345.0
Guatemala,GTM,"Air transport, passengers carried",IS.AIR.PSGR,2021,1766.181
Guyana,GUY,"Air transport, passengers carried",IS.AIR.PSGR,2021,7512.0
High income,HIC,"Air transport, passengers carried",IS.AIR.PSGR,2021,1345746332.0679998
"Hong Kong SAR, China",HKG,"Air transport, passengers carried",IS.AIR.PSGR,2021,777197.0
Honduras,HND,"Air transport, passengers carried",IS.AIR.PSGR,2021,271314.0
Heavily indebted poor countries (HIPC),HPC,"Air transport, passengers carried",IS.AIR.PSGR,2021,19149959.028
Croatia,HRV,"Air transport, passengers carried",IS.AIR.PSGR,2021,767762.0
Haiti,HTI,"Air transport, passengers carried",IS.AIR.PSGR,2021,23119.0
Hungary,HUN,"Air transport, passengers carried",IS.AIR.PSGR,2021,20127200.0
IBRD only,IBD,"Air transport, passengers carried",IS.AIR.PSGR,2021,1016733964.182
IDA & IBRD total,IBT,"Air transport, passengers carried",IS.AIR.PSGR,2021,1057614059.294
IDA total,IDA,"Air transport, passengers carried",IS.AIR.PSGR,2021,40880095.112
IDA blend,IDB,"Air transport, passengers carried",IS.AIR.PSGR,2021,16231181.411
Indonesia,IDN,"Air transport, passengers carried",IS.AIR.PSGR,2021,33549828.0
IDA only,IDX,"Air transport, passengers carried",IS.AIR.PSGR,2021,24648913.700999998
India,IND,"Air transport, passengers carried",IS.AIR.PSGR,2021,83964797.0
Ireland,IRL,"Air transport, passengers carried",IS.AIR.PSGR,2021,74065210.0
"Iran, Islamic Rep.",IRN,"Air transport, passengers carried",IS.AIR.PSGR,2021,13695897.024
Iraq,IRQ,"Air transport, passengers carried",IS.AIR.PSGR,2021,1620013.0
Iceland,ISL,"Air transport, passengers carried",IS.AIR.PSGR,2021,1499034.0
Israel,ISR,"Air transport, passengers carried",IS.AIR.PSGR,2021,2437207.0
Italy,ITA,"Air transport, passengers carried",IS.AIR.PSGR,2021,2449339.0
Jordan,JOR,"Air transport, passengers carried",IS.AIR.PSGR,2021,1695302.0
Japan,JPN,"Air transport, passengers carried",IS.AIR.PSGR,2021,45410146.0
Kazakhstan,KAZ,"Air transport, passengers carried",IS.AIR.PSGR,2021,8765001.0
Kenya,KEN,"Air transport, passengers carried",IS.AIR.PSGR,2021,2459106.0
Kyrgyz Republic,KGZ,"Air transport, passengers carried",IS.AIR.PSGR,2021,171347.337
Cambodia,KHM,"Air transport, passengers carried",IS.AIR.PSGR,2021,50217.459
Kiribati,KIR,"Air transport, passengers carried",IS.AIR.PSGR,2021,46390.423
"Korea, Rep.",KOR,"Air transport, passengers carried",IS.AIR.PSGR,2021,34020088.0
Kuwait,KWT,"Air transport, passengers carried",IS.AIR.PSGR,2021,2182888.0
Latin America & Caribbean (excluding high income),LAC,"Air transport, passengers carried",IS.AIR.PSGR,2021,167162390.56199998
Lao PDR,LAO,"Air transport, passengers carried",IS.AIR.PSGR,2021,157293.0
Lebanon,LBN,"Air transport, passengers carried",IS.AIR.PSGR,2021,1603134.0
Libya,LBY,"Air transport, passengers carried",IS.AIR.PSGR,2021,968476.425
Latin America & Caribbean,LCN,"Air transport, passengers carried",IS.AIR.PSGR,2021,187704362.69599998
Least developed countries: UN classification,LDC,"Air transport, passengers carried",IS.AIR.PSGR,2021,21246706.426000003
Low income,LIC,"Air transport, passengers carried",IS.AIR.PSGR,2021,11917901.426999997
Sri Lanka,LKA,"Air transport, passengers carried",IS.AIR.PSGR,2021,871685.0
Lower middle income,LMC,"Air transport, passengers carried",IS.AIR.PSGR,2021,153351386.75100002
Low & middle income,LMY,"Air transport, passengers carried",IS.AIR.PSGR,2021,933963162.055
Late-demographic dividend,LTE,"Air transport, passengers carried",IS.AIR.PSGR,2021,823261040.4800001
Lithuania,LTU,"Air transport, passengers carried",IS.AIR.PSGR,2021,11289.0
Luxembourg,LUX,"Air transport, passengers carried",IS.AIR.PSGR,2021,1081478.0
Latvia,LVA,"Air transport, passengers carried",IS.AIR.PSGR,2021,1598685.0
"Macao SAR, China",MAC,"Air transport, passengers carried",IS.AIR.PSGR,2021,698047.0
Morocco,MAR,"Air transport, passengers carried",IS.AIR.PSGR,2021,4740714.0
Moldova,MDA,"Air transport, passengers carried",IS.AIR.PSGR,2021,528581.0
Madagascar,MDG,"Air transport, passengers carried",IS.AIR.PSGR,2021,109461.4
Maldives,MDV,"Air transport, passengers carried",IS.AIR.PSGR,2021,277881.434
Middle East & North Africa,MEA,"Air transport, passengers carried",IS.AIR.PSGR,2021,116029651.34200001
Mexico,MEX,"Air transport, passengers carried",IS.AIR.PSGR,2021,54217876.0
Marshall Islands,MHL,"Air transport, passengers carried",IS.AIR.PSGR,2021,30115.0
Middle income,MIC,"Air transport, passengers carried",IS.AIR.PSGR,2021,922045260.6279999
Malta,MLT,"Air transport, passengers carried",IS.AIR.PSGR,2021,597724.0
Myanmar,MMR,"Air transport, passengers carried",IS.AIR.PSGR,2021,1132655.764
Middle East & North Africa (excluding high income),MNA,"Air transport, passengers carried",IS.AIR.PSGR,2021,34236890.342
Montenegro,MNE,"Air transport, passengers carried",IS.AIR.PSGR,2021,1589.285
Mongolia,MNG,"Air transport, passengers carried",IS.AIR.PSGR,2021,61614.0
Mozambique,MOZ,"Air transport, passengers carried",IS.AIR.PSGR,2021,411739.0
Mauritania,MRT,"Air transport, passengers carried",IS.AIR.PSGR,2021,207225.0
Mauritius,MUS,"Air transport, passengers carried",IS.AIR.PSGR,2021,153242.0
Malawi,MWI,"Air transport, passengers carried",IS.AIR.PSGR,2021,1290.356
Malaysia,MYS,"Air transport, passengers carried",IS.AIR.PSGR,2021,4965360.963
North America,NAC,"Air transport, passengers carried",IS.AIR.PSGR,2021,691104000.0
Namibia,NAM,"Air transport, passengers carried",IS.AIR.PSGR,2021,2245.772
Niger,NER,"Air transport, passengers carried",IS.AIR.PSGR,2021,15019.2
Nigeria,NGA,"Air transport, passengers carried",IS.AIR.PSGR,2021,4486313.422
Netherlands,NLD,"Air transport, passengers carried",IS.AIR.PSGR,2021,19349165.526
Nepal,NPL,"Air transport, passengers carried",IS.AIR.PSGR,2021,2550505.0
Nauru,NRU,"Air transport, passengers carried",IS.AIR.PSGR,2021,3344.0
New Zealand,NZL,"Air transport, passengers carried",IS.AIR.PSGR,2021,8729634.719
OECD members,OED,"Air transport, passengers carried",IS.AIR.PSGR,2021,1302098734.934
Oman,OMN,"Air transport, passengers carried",IS.AIR.PSGR,2021,2075390.0
Other small states,OSS,"Air transport, passengers carried",IS.AIR.PSGR,2021,4778291.7870000005
Pakistan,PAK,"Air transport, passengers carried",IS.AIR.PSGR,2021,4930661.98
Panama,PAN,"Air transport, passengers carried",IS.AIR.PSGR,2021,8208378.0
Peru,PER,"Air transport, passengers carried",IS.AIR.PSGR,2021,9053965.0
Philippines,PHL,"Air transport, passengers carried",IS.AIR.PSGR,2021,6886922.0
Papua New Guinea,PNG,"Air transport, passengers carried",IS.AIR.PSGR,2021,1039010.0
Poland,POL,"Air transport, passengers carried",IS.AIR.PSGR,2021,3676185.0
Pre-demographic dividend,PRE,"Air transport, passengers carried",IS.AIR.PSGR,2021,15075193.281000001
"Korea, Dem. People's Rep.",PRK,"Air transport, passengers carried",IS.AIR.PSGR,2021,523.761
Portugal,PRT,"Air transport, passengers carried",IS.AIR.PSGR,2021,8056494.578
Paraguay,PRY,"Air transport, passengers carried",IS.AIR.PSGR,2021,111964.0
Pacific island small states,PSS,"Air transport, passengers carried",IS.AIR.PSGR,2021,449526.842
Post-demographic dividend,PST,"Air transport, passengers carried",IS.AIR.PSGR,2021,1067970234.934
Qatar,QAT,"Air transport, passengers carried",IS.AIR.PSGR,2021,14832936.0
Romania,ROU,"Air transport, passengers carried",IS.AIR.PSGR,2021,2719206.0
Russian Federation,RUS,"Air transport, passengers carried",IS.AIR.PSGR,2021,96851769.0
Rwanda,RWA,"Air transport, passengers carried",IS.AIR.PSGR,2021,715763.609
South Asia,SAS,"Air transport, passengers carried",IS.AIR.PSGR,2021,96661876.408
Saudi Arabia,SAU,"Air transport, passengers carried",IS.AIR.PSGR,2021,29403732.0
Sudan,SDN,"Air transport, passengers carried",IS.AIR.PSGR,2021,1386967.0
Senegal,SEN,"Air transport, passengers carried",IS.AIR.PSGR,2021,359705.738
Singapore,SGP,"Air transport, passengers carried",IS.AIR.PSGR,2021,2311712.0
Solomon Islands,SLB,"Air transport, passengers carried",IS.AIR.PSGR,2021,100593.419
El Salvador,SLV,"Air transport, passengers carried",IS.AIR.PSGR,2021,1412026.0
Serbia,SRB,"Air transport, passengers carried",IS.AIR.PSGR,2021,1276465.0
Sub-Saharan Africa (excluding high income),SSA,"Air transport, passengers carried",IS.AIR.PSGR,2021,31345507.692
Sub-Saharan Africa,SSF,"Air transport, passengers carried",IS.AIR.PSGR,2021,31483072.692
Small states,SST,"Air transport, passengers carried",IS.AIR.PSGR,2021,7031655.584000001
Sao Tome and Principe,STP,"Air transport, passengers carried",IS.AIR.PSGR,2021,28019.0
Suriname,SUR,"Air transport, passengers carried",IS.AIR.PSGR,2021,20181.0
Slovak Republic,SVK,"Air transport, passengers carried",IS.AIR.PSGR,2021,8900.0
Slovenia,SVN,"Air transport, passengers carried",IS.AIR.PSGR,2021,21037.0
Sweden,SWE,"Air transport, passengers carried",IS.AIR.PSGR,2021,20067143.633
Eswatini,SWZ,"Air transport, passengers carried",IS.AIR.PSGR,2021,13338.0
Seychelles,SYC,"Air transport, passengers carried",IS.AIR.PSGR,2021,137565.0
Syrian Arab Republic,SYR,"Air transport, passengers carried",IS.AIR.PSGR,2021,672219.0
East Asia & Pacific (IDA & IBRD countries),TEA,"Air transport, passengers carried",IS.AIR.PSGR,2021,516083074.028
Europe & Central Asia (IDA & IBRD countries),TEC,"Air transport, passengers carried",IS.AIR.PSGR,2021,192532291.26200002
Togo,TGO,"Air transport, passengers carried",IS.AIR.PSGR,2021,672184.0
Thailand,THA,"Air transport, passengers carried",IS.AIR.PSGR,2021,12734583.0
Tajikistan,TJK,"Air transport, passengers carried",IS.AIR.PSGR,2021,125163.504
Turkmenistan,TKM,"Air transport, passengers carried",IS.AIR.PSGR,2021,648370.136
Latin America & the Caribbean (IDA & IBRD countries),TLA,"Air transport, passengers carried",IS.AIR.PSGR,2021,186616854.56199998
Middle East & North Africa (IDA & IBRD countries),TMN,"Air transport, passengers carried",IS.AIR.PSGR,2021,34236890.342
South Asia (IDA & IBRD),TSA,"Air transport, passengers carried",IS.AIR.PSGR,2021,96661876.408
Sub-Saharan Africa (IDA & IBRD countries),TSS,"Air transport, passengers carried",IS.AIR.PSGR,2021,31483072.692
Trinidad and Tobago,TTO,"Air transport, passengers carried",IS.AIR.PSGR,2021,652148.0
Tunisia,TUN,"Air transport, passengers carried",IS.AIR.PSGR,2021,1675777.0
Turkiye,TUR,"Air transport, passengers carried",IS.AIR.PSGR,2021,69065868.0
Tanzania,TZA,"Air transport, passengers carried",IS.AIR.PSGR,2021,1146973.0
Uganda,UGA,"Air transport, passengers carried",IS.AIR.PSGR,2021,16490.0
Ukraine,UKR,"Air transport, passengers carried",IS.AIR.PSGR,2021,3282709.0
Upper middle income,UMC,"Air transport, passengers carried",IS.AIR.PSGR,2021,768693873.877
United States,USA,"Air transport, passengers carried",IS.AIR.PSGR,2021,666153000.0
Uzbekistan,UZB,"Air transport, passengers carried",IS.AIR.PSGR,2021,2010914.0
"Venezuela, RB",VEN,"Air transport, passengers carried",IS.AIR.PSGR,2021,265276.0
Viet Nam,VNM,"Air transport, passengers carried",IS.AIR.PSGR,2021,14754847.0
Vanuatu,VUT,"Air transport, passengers carried",IS.AIR.PSGR,2021,128164.0
World,WLD,"Air transport, passengers carried",IS.AIR.PSGR,2021,2279974770.1229997
Samoa,WSM,"Air transport, passengers carried",IS.AIR.PSGR,2021,7212.0
"Yemen, Rep.",YEM,"Air transport, passengers carried",IS.AIR.PSGR,2021,52034.893
South Africa,ZAF,"Air transport, passengers carried",IS.AIR.PSGR,2021,9321575.836
Zambia,ZMB,"Air transport, passengers carried",IS.AIR.PSGR,2021,136609.957
Zimbabwe,ZWE,"Air transport, passengers carried",IS.AIR.PSGR,2021,75638.12
Africa Eastern and Southern,AFE,"Air transport, passengers carried",IS.AIR.PSGR,2016,41553429.0
Afghanistan,AFG,"Air transport, passengers carried",IS.AIR.PSGR,2016,1917924.0
Africa Western and Central,AFW,"Air transport, passengers carried",IS.AIR.PSGR,2016,8129874.0
Angola,AGO,"Air transport, passengers carried",IS.AIR.PSGR,2016,1482546.0
Albania,ALB,"Air transport, passengers carried",IS.AIR.PSGR,2016,26634.0
Arab World,ARB,"Air transport, passengers carried",IS.AIR.PSGR,2016,214318723.0
United Arab Emirates,ARE,"Air transport, passengers carried",IS.AIR.PSGR,2016,91763598.0
Argentina,ARG,"Air transport, passengers carried",IS.AIR.PSGR,2016,15076354.0
Antigua and Barbuda,ATG,"Air transport, passengers carried",IS.AIR.PSGR,2016,1042929.0
Australia,AUS,"Air transport, passengers carried",IS.AIR.PSGR,2016,72446421.0
Austria,AUT,"Air transport, passengers carried",IS.AIR.PSGR,2016,14724774.0
Azerbaijan,AZE,"Air transport, passengers carried",IS.AIR.PSGR,2016,1961639.0
Belgium,BEL,"Air transport, passengers carried",IS.AIR.PSGR,2016,12545322.0
Benin,BEN,"Air transport, passengers carried",IS.AIR.PSGR,2016,899.0
Burkina Faso,BFA,"Air transport, passengers carried",IS.AIR.PSGR,2016,144950.0
Bangladesh,BGD,"Air transport, passengers carried",IS.AIR.PSGR,2016,3815869.0
Bulgaria,BGR,"Air transport, passengers carried",IS.AIR.PSGR,2016,1092333.0
Bahrain,BHR,"Air transport, passengers carried",IS.AIR.PSGR,2016,5220218.0
"Bahamas, The",BHS,"Air transport, passengers carried",IS.AIR.PSGR,2016,937476.0
Belarus,BLR,"Air transport, passengers carried",IS.AIR.PSGR,2016,2057194.0
Belize,BLZ,"Air transport, passengers carried",IS.AIR.PSGR,2016,990499.0
Bolivia,BOL,"Air transport, passengers carried",IS.AIR.PSGR,2016,3678739.0
Brazil,BRA,"Air transport, passengers carried",IS.AIR.PSGR,2016,94142377.0
Brunei Darussalam,BRN,"Air transport, passengers carried",IS.AIR.PSGR,2016,1168609.0
Bhutan,BTN,"Air transport, passengers carried",IS.AIR.PSGR,2016,224101.0
Botswana,BWA,"Air transport, passengers carried",IS.AIR.PSGR,2016,254396.0
Canada,CAN,"Air transport, passengers carried",IS.AIR.PSGR,2016,85406425.0
Central Europe and the Baltics,CEB,"Air transport, passengers carried",IS.AIR.PSGR,2016,42884394.0
Switzerland,CHE,"Air transport, passengers carried",IS.AIR.PSGR,2016,25859918.0
Chile,CHL,"Air transport, passengers carried",IS.AIR.PSGR,2016,16362437.0
China,CHN,"Air transport, passengers carried",IS.AIR.PSGR,2016,487960477.0
Cote d'Ivoire,CIV,"Air transport, passengers carried",IS.AIR.PSGR,2016,667062.0
Cameroon,CMR,"Air transport, passengers carried",IS.AIR.PSGR,2016,343592.0
"Congo, Dem. Rep.",COD,"Air transport, passengers carried",IS.AIR.PSGR,2016,416033.0
"Congo, Rep.",COG,"Air transport, passengers carried",IS.AIR.PSGR,2016,577780.0
Colombia,COL,"Air transport, passengers carried",IS.AIR.PSGR,2016,32262658.0
Cabo Verde,CPV,"Air transport, passengers carried",IS.AIR.PSGR,2016,565810.0
Costa Rica,CRI,"Air transport, passengers carried",IS.AIR.PSGR,2016,1572605.0
Cuba,CUB,"Air transport, passengers carried",IS.AIR.PSGR,2016,1333078.0
Cyprus,CYP,"Air transport, passengers carried",IS.AIR.PSGR,2016,224653.0
Czechia,CZE,"Air transport, passengers carried",IS.AIR.PSGR,2016,4048658.0
Germany,DEU,"Air transport, passengers carried",IS.AIR.PSGR,2016,116713587.0
Dominican Republic,DOM,"Air transport, passengers carried",IS.AIR.PSGR,2016,11903.0
Algeria,DZA,"Air transport, passengers carried",IS.AIR.PSGR,2016,6093416.0
East Asia & Pacific (excluding high income),EAP,"Air transport, passengers carried",IS.AIR.PSGR,2016,790494215.0
Early-demographic dividend,EAR,"Air transport, passengers carried",IS.AIR.PSGR,2016,621441555.0
East Asia & Pacific,EAS,"Air transport, passengers carried",IS.AIR.PSGR,2016,1155866926.0
Europe & Central Asia (excluding high income),ECA,"Air transport, passengers carried",IS.AIR.PSGR,2016,125119242.0
Europe & Central Asia,ECS,"Air transport, passengers carried",IS.AIR.PSGR,2016,997402946.0
Ecuador,ECU,"Air transport, passengers carried",IS.AIR.PSGR,2016,5099726.0
"Egypt, Arab Rep.",EGY,"Air transport, passengers carried",IS.AIR.PSGR,2016,11844962.0
Euro area,EMU,"Air transport, passengers carried",IS.AIR.PSGR,2016,529564099.0
Eritrea,ERI,"Air transport, passengers carried",IS.AIR.PSGR,2016,66927.0
Spain,ESP,"Air transport, passengers carried",IS.AIR.PSGR,2016,66674868.0
Estonia,EST,"Air transport, passengers carried",IS.AIR.PSGR,2016,372274.0
Ethiopia,ETH,"Air transport, passengers carried",IS.AIR.PSGR,2016,8242114.0
European Union,EUU,"Air transport, passengers carried",IS.AIR.PSGR,2016,620961607.0
Fragile and conflict affected situations,FCS,"Air transport, passengers carried",IS.AIR.PSGR,2016,39962744.0
Finland,FIN,"Air transport, passengers carried",IS.AIR.PSGR,2016,13754228.0
Fiji,FJI,"Air transport, passengers carried",IS.AIR.PSGR,2016,1402765.0
France,FRA,"Air transport, passengers carried",IS.AIR.PSGR,2016,65362743.0
Gabon,GAB,"Air transport, passengers carried",IS.AIR.PSGR,2016,77320.0
United Kingdom,GBR,"Air transport, passengers carried",IS.AIR.PSGR,2016,143781714.0
Georgia,GEO,"Air transport, passengers carried",IS.AIR.PSGR,2016,220448.0
Ghana,GHA,"Air transport, passengers carried",IS.AIR.PSGR,2016,359516.0
"Gambia, The",GMB,"Air transport, passengers carried",IS.AIR.PSGR,2016,44330.0
Equatorial Guinea,GNQ,"Air transport, passengers carried",IS.AIR.PSGR,2016,458222.0
Greece,GRC,"Air transport, passengers carried",IS.AIR.PSGR,2016,12689082.0
Guatemala,GTM,"Air transport, passengers carried",IS.AIR.PSGR,2016,111830.0
High income,HIC,"Air transport, passengers carried",IS.AIR.PSGR,2016,2365329050.0
"Hong Kong SAR, China",HKG,"Air transport, passengers carried",IS.AIR.PSGR,2016,43683583.0
Honduras,HND,"Air transport, passengers carried",IS.AIR.PSGR,2016,275587.0
Heavily indebted poor countries (HIPC),HPC,"Air transport, passengers carried",IS.AIR.PSGR,2016,20915140.0
Croatia,HRV,"Air transport, passengers carried",IS.AIR.PSGR,2016,1875433.0
Hungary,HUN,"Air transport, passengers carried",IS.AIR.PSGR,2016,21399963.0
IBRD only,IBD,"Air transport, passengers carried",IS.AIR.PSGR,2016,1454795041.0
IDA & IBRD total,IBT,"Air transport, passengers carried",IS.AIR.PSGR,2016,1517531639.0
IDA total,IDA,"Air transport, passengers carried",IS.AIR.PSGR,2016,62736598.0
IDA blend,IDB,"Air transport, passengers carried",IS.AIR.PSGR,2016,26940599.0
Indonesia,IDN,"Air transport, passengers carried",IS.AIR.PSGR,2016,99274010.0
IDA only,IDX,"Air transport, passengers carried",IS.AIR.PSGR,2016,35795999.0
India,IND,"Air transport, passengers carried",IS.AIR.PSGR,2016,119577835.0
Ireland,IRL,"Air transport, passengers carried",IS.AIR.PSGR,2016,134065078.0
"Iran, Islamic Rep.",IRN,"Air transport, passengers carried",IS.AIR.PSGR,2016,17084581.0
Iraq,IRQ,"Air transport, passengers carried",IS.AIR.PSGR,2016,2019816.0
Iceland,ISL,"Air transport, passengers carried",IS.AIR.PSGR,2016,5710834.0
Israel,ISR,"Air transport, passengers carried",IS.AIR.PSGR,2016,6866472.0
Italy,ITA,"Air transport, passengers carried",IS.AIR.PSGR,2016,29120041.0
Jamaica,JAM,"Air transport, passengers carried",IS.AIR.PSGR,2016,136744.0
Jordan,JOR,"Air transport, passengers carried",IS.AIR.PSGR,2016,3181283.0
Japan,JPN,"Air transport, passengers carried",IS.AIR.PSGR,2016,117708000.0
Kazakhstan,KAZ,"Air transport, passengers carried",IS.AIR.PSGR,2016,5007869.0
Kenya,KEN,"Air transport, passengers carried",IS.AIR.PSGR,2016,4848016.0
Kyrgyz Republic,KGZ,"Air transport, passengers carried",IS.AIR.PSGR,2016,1015750.0
Cambodia,KHM,"Air transport, passengers carried",IS.AIR.PSGR,2016,1047394.0
"Korea, Rep.",KOR,"Air transport, passengers carried",IS.AIR.PSGR,2016,76859538.0
Kuwait,KWT,"Air transport, passengers carried",IS.AIR.PSGR,2016,4069935.0
Latin America & Caribbean (excluding high income),LAC,"Air transport, passengers carried",IS.AIR.PSGR,2016,226438094.0
Lao PDR,LAO,"Air transport, passengers carried",IS.AIR.PSGR,2016,1220201.0
Lebanon,LBN,"Air transport, passengers carried",IS.AIR.PSGR,2016,2647258.0
Libya,LBY,"Air transport, passengers carried",IS.AIR.PSGR,2016,1283181.0
Latin America & Caribbean,LCN,"Air transport, passengers carried",IS.AIR.PSGR,2016,266690030.0
Least developed countries: UN classification,LDC,"Air transport, passengers carried",IS.AIR.PSGR,2016,26570744.0
Low income,LIC,"Air transport, passengers carried",IS.AIR.PSGR,2016,13753911.0
Sri Lanka,LKA,"Air transport, passengers carried",IS.AIR.PSGR,2016,5284585.0
Lower middle income,LMC,"Air transport, passengers carried",IS.AIR.PSGR,2016,276588101.0
Low & middle income,LMY,"Air transport, passengers carried",IS.AIR.PSGR,2016,1389419825.0
Late-demographic dividend,LTE,"Air transport, passengers carried",IS.AIR.PSGR,2016,1190947049.0
Lithuania,LTU,"Air transport, passengers carried",IS.AIR.PSGR,2016,1046012.0
Luxembourg,LUX,"Air transport, passengers carried",IS.AIR.PSGR,2016,1845726.0
Latvia,LVA,"Air transport, passengers carried",IS.AIR.PSGR,2016,2843133.0
"Macao SAR, China",MAC,"Air transport, passengers carried",IS.AIR.PSGR,2016,2788571.0
Morocco,MAR,"Air transport, passengers carried",IS.AIR.PSGR,2016,7738637.0
Monaco,MCO,"Air transport, passengers carried",IS.AIR.PSGR,2016,12137.0
Moldova,MDA,"Air transport, passengers carried",IS.AIR.PSGR,2016,936254.0
Madagascar,MDG,"Air transport, passengers carried",IS.AIR.PSGR,2016,441861.0
Maldives,MDV,"Air transport, passengers carried",IS.AIR.PSGR,2016,1409704.0
Middle East & North Africa,MEA,"Air transport, passengers carried",IS.AIR.PSGR,2016,239193056.0
Mexico,MEX,"Air transport, passengers carried",IS.AIR.PSGR,2016,53313307.0
Middle income,MIC,"Air transport, passengers carried",IS.AIR.PSGR,2016,1375665914.0
Malta,MLT,"Air transport, passengers carried",IS.AIR.PSGR,2016,1500824.0
Myanmar,MMR,"Air transport, passengers carried",IS.AIR.PSGR,2016,2741388.0
Middle East & North Africa (excluding high income),MNA,"Air transport, passengers carried",IS.AIR.PSGR,2016,55760221.0
Montenegro,MNE,"Air transport, passengers carried",IS.AIR.PSGR,2016,544597.0
Mongolia,MNG,"Air transport, passengers carried",IS.AIR.PSGR,2016,537853.0
Mozambique,MOZ,"Air transport, passengers carried",IS.AIR.PSGR,2016,632965.0
Mauritania,MRT,"Air transport, passengers carried",IS.AIR.PSGR,2016,280215.0
Mauritius,MUS,"Air transport, passengers carried",IS.AIR.PSGR,2016,1593666.0
Malawi,MWI,"Air transport, passengers carried",IS.AIR.PSGR,2016,6744.0
Malaysia,MYS,"Air transport, passengers carried",IS.AIR.PSGR,2016,53817353.0
North America,NAC,"Air transport, passengers carried",IS.AIR.PSGR,2016,909445425.0
Namibia,NAM,"Air transport, passengers carried",IS.AIR.PSGR,2016,558713.0
Niger,NER,"Air transport, passengers carried",IS.AIR.PSGR,2016,15044.0
Nigeria,NGA,"Air transport, passengers carried",IS.AIR.PSGR,2016,4110075.0
Netherlands,NLD,"Air transport, passengers carried",IS.AIR.PSGR,2016,40078714.0
Nepal,NPL,"Air transport, passengers carried",IS.AIR.PSGR,2016,634292.0
Nauru,NRU,"Air transport, passengers carried",IS.AIR.PSGR,2016,47252.0
New Zealand,NZL,"Air transport, passengers carried",IS.AIR.PSGR,2016,15300409.0
OECD members,OED,"Air transport, passengers carried",IS.AIR.PSGR,2016,2190437625.0
Oman,OMN,"Air transport, passengers carried",IS.AIR.PSGR,2016,7709851.0
Other small states,OSS,"Air transport, passengers carried",IS.AIR.PSGR,2016,19103204.0
Pakistan,PAK,"Air transport, passengers carried",IS.AIR.PSGR,2016,9628354.0
Panama,PAN,"Air transport, passengers carried",IS.AIR.PSGR,2016,13285098.0
Peru,PER,"Air transport, passengers carried",IS.AIR.PSGR,2016,15081755.0
Philippines,PHL,"Air transport, passengers carried",IS.AIR.PSGR,2016,40206684.0
Papua New Guinea,PNG,"Air transport, passengers carried",IS.AIR.PSGR,2016,1711274.0
Poland,POL,"Air transport, passengers carried",IS.AIR.PSGR,2016,5497163.0
Pre-demographic dividend,PRE,"Air transport, passengers carried",IS.AIR.PSGR,2016,20633300.0
"Korea, Dem. People's Rep.",PRK,"Air transport, passengers carried",IS.AIR.PSGR,2016,94919.0
Portugal,PRT,"Air transport, passengers carried",IS.AIR.PSGR,2016,13105120.0
Paraguay,PRY,"Air transport, passengers carried",IS.AIR.PSGR,2016,467713.0
Pacific island small states,PSS,"Air transport, passengers carried",IS.AIR.PSGR,2016,2238966.0
Post-demographic dividend,PST,"Air transport, passengers carried",IS.AIR.PSGR,2016,1927693057.0
Qatar,QAT,"Air transport, passengers carried",IS.AIR.PSGR,2016,31209097.0
Romania,ROU,"Air transport, passengers carried",IS.AIR.PSGR,2016,3686938.0
Russian Federation,RUS,"Air transport, passengers carried",IS.AIR.PSGR,2016,77458318.0
Rwanda,RWA,"Air transport, passengers carried",IS.AIR.PSGR,2016,644559.0
South Asia,SAS,"Air transport, passengers carried",IS.AIR.PSGR,2016,142492664.0
Saudi Arabia,SAU,"Air transport, passengers carried",IS.AIR.PSGR,2016,35092840.0
Sudan,SDN,"Air transport, passengers carried",IS.AIR.PSGR,2016,292843.0
Senegal,SEN,"Air transport, passengers carried",IS.AIR.PSGR,2016,9874.0
Singapore,SGP,"Air transport, passengers carried",IS.AIR.PSGR,2016,35370328.0
Solomon Islands,SLB,"Air transport, passengers carried",IS.AIR.PSGR,2016,373467.0
El Salvador,SLV,"Air transport, passengers carried",IS.AIR.PSGR,2016,2603129.0
Somalia,SOM,"Air transport, passengers carried",IS.AIR.PSGR,2016,4486.0
Serbia,SRB,"Air transport, passengers carried",IS.AIR.PSGR,2016,2486009.0
Sub-Saharan Africa (excluding high income),SSA,"Air transport, passengers carried",IS.AIR.PSGR,2016,49115389.0
Sub-Saharan Africa,SSF,"Air transport, passengers carried",IS.AIR.PSGR,2016,49683303.0
Suriname,SUR,"Air transport, passengers carried",IS.AIR.PSGR,2016,280090.0
Slovak Republic,SVK,"Air transport, passengers carried",IS.AIR.PSGR,2016,12928.0
Slovenia,SVN,"Air transport, passengers carried",IS.AIR.PSGR,2016,1009559.0
Sweden,SWE,"Air transport, passengers carried",IS.AIR.PSGR,2016,55672453.0
Seychelles,SYC,"Air transport, passengers carried",IS.AIR.PSGR,2016,567914.0
Syrian Arab Republic,SYR,"Air transport, passengers carried",IS.AIR.PSGR,2016,18117.0
East Asia & Pacific (IDA & IBRD countries),TEA,"Air transport, passengers carried",IS.AIR.PSGR,2016,790446548.0
Europe & Central Asia (IDA & IBRD countries),TEC,"Air transport, passengers carried",IS.AIR.PSGR,2016,214729427.0
Togo,TGO,"Air transport, passengers carried",IS.AIR.PSGR,2016,475185.0
Thailand,THA,"Air transport, passengers carried",IS.AIR.PSGR,2016,62341676.0
Tajikistan,TJK,"Air transport, passengers carried",IS.AIR.PSGR,2016,1037897.0
Turkmenistan,TKM,"Air transport, passengers carried",IS.AIR.PSGR,2016,1318350.0
Latin America & the Caribbean (IDA & IBRD countries),TLA,"Air transport, passengers carried",IS.AIR.PSGR,2016,264419476.0
Middle East & North Africa (IDA & IBRD countries),TMN,"Air transport, passengers carried",IS.AIR.PSGR,2016,55760221.0
South Asia (IDA & IBRD),TSA,"Air transport, passengers carried",IS.AIR.PSGR,2016,142492664.0
Sub-Saharan Africa (IDA & IBRD countries),TSS,"Air transport, passengers carried",IS.AIR.PSGR,2016,49683303.0
Trinidad and Tobago,TTO,"Air transport, passengers carried",IS.AIR.PSGR,2016,2598521.0
Tunisia,TUN,"Air transport, passengers carried",IS.AIR.PSGR,2016,3606247.0
Turkiye,TUR,"Air transport, passengers carried",IS.AIR.PSGR,2016,100366461.0
Tanzania,TZA,"Air transport, passengers carried",IS.AIR.PSGR,2016,1179664.0
Uganda,UGA,"Air transport, passengers carried",IS.AIR.PSGR,2016,52187.0
Ukraine,UKR,"Air transport, passengers carried",IS.AIR.PSGR,2016,5756509.0
Upper middle income,UMC,"Air transport, passengers carried",IS.AIR.PSGR,2016,1099077813.0
United States,USA,"Air transport, passengers carried",IS.AIR.PSGR,2016,824039000.0
Uzbekistan,UZB,"Air transport, passengers carried",IS.AIR.PSGR,2016,2383631.0
"Venezuela, RB",VEN,"Air transport, passengers carried",IS.AIR.PSGR,2016,6025475.0
Viet Nam,VNM,"Air transport, passengers carried",IS.AIR.PSGR,2016,37349272.0
Vanuatu,VUT,"Air transport, passengers carried",IS.AIR.PSGR,2016,299315.0
World,WLD,"Air transport, passengers carried",IS.AIR.PSGR,2016,3760774350.0
Samoa,WSM,"Air transport, passengers carried",IS.AIR.PSGR,2016,116167.0
"Yemen, Rep.",YEM,"Air transport, passengers carried",IS.AIR.PSGR,2016,242723.0
South Africa,ZAF,"Air transport, passengers carried",IS.AIR.PSGR,2016,19744932.0
Zambia,ZMB,"Air transport, passengers carried",IS.AIR.PSGR,2016,144060.0
Zimbabwe,ZWE,"Air transport, passengers carried",IS.AIR.PSGR,2016,378803.0
Africa Eastern and Southern,AFE,"Air transport, passengers carried",IS.AIR.PSGR,2015,39154692.0
Afghanistan,AFG,"Air transport, passengers carried",IS.AIR.PSGR,2015,1929907.0
Africa Western and Central,AFW,"Air transport, passengers carried",IS.AIR.PSGR,2015,8696300.0
Angola,AGO,"Air transport, passengers carried",IS.AIR.PSGR,2015,1244491.0
Arab World,ARB,"Air transport, passengers carried",IS.AIR.PSGR,2015,195957046.0
United Arab Emirates,ARE,"Air transport, passengers carried",IS.AIR.PSGR,2015,84343562.0
Argentina,ARG,"Air transport, passengers carried",IS.AIR.PSGR,2015,14245183.0
Antigua and Barbuda,ATG,"Air transport, passengers carried",IS.AIR.PSGR,2015,1039810.0
Australia,AUS,"Air transport, passengers carried",IS.AIR.PSGR,2015,69779346.0
Austria,AUT,"Air transport, passengers carried",IS.AIR.PSGR,2015,14718641.0
Azerbaijan,AZE,"Air transport, passengers carried",IS.AIR.PSGR,2015,1803112.0
Belgium,BEL,"Air transport, passengers carried",IS.AIR.PSGR,2015,11473055.0
Benin,BEN,"Air transport, passengers carried",IS.AIR.PSGR,2015,112392.0
Burkina Faso,BFA,"Air transport, passengers carried",IS.AIR.PSGR,2015,122590.0
Bangladesh,BGD,"Air transport, passengers carried",IS.AIR.PSGR,2015,3997815.0
Bulgaria,BGR,"Air transport, passengers carried",IS.AIR.PSGR,2015,1063498.0
Bahrain,BHR,"Air transport, passengers carried",IS.AIR.PSGR,2015,5313756.0
"Bahamas, The",BHS,"Air transport, passengers carried",IS.AIR.PSGR,2015,900028.0
Bosnia and Herzegovina,BIH,"Air transport, passengers carried",IS.AIR.PSGR,2015,7071.0
Belarus,BLR,"Air transport, passengers carried",IS.AIR.PSGR,2015,1489035.0
Belize,BLZ,"Air transport, passengers carried",IS.AIR.PSGR,2015,935604.0
Bolivia,BOL,"Air transport, passengers carried",IS.AIR.PSGR,2015,4115271.0
Brazil,BRA,"Air transport, passengers carried",IS.AIR.PSGR,2015,102039359.0
Brunei Darussalam,BRN,"Air transport, passengers carried",IS.AIR.PSGR,2015,1150003.0
Bhutan,BTN,"Air transport, passengers carried",IS.AIR.PSGR,2015,162864.0
Botswana,BWA,"Air transport, passengers carried",IS.AIR.PSGR,2015,226549.0
Canada,CAN,"Air transport, passengers carried",IS.AIR.PSGR,2015,80228302.0
Central Europe and the Baltics,CEB,"Air transport, passengers carried",IS.AIR.PSGR,2015,39811670.0
Switzerland,CHE,"Air transport, passengers carried",IS.AIR.PSGR,2015,27011762.0
Chile,CHL,"Air transport, passengers carried",IS.AIR.PSGR,2015,15006762.0
China,CHN,"Air transport, passengers carried",IS.AIR.PSGR,2015,436183969.0
Cote d'Ivoire,CIV,"Air transport, passengers carried",IS.AIR.PSGR,2015,642893.0
Cameroon,CMR,"Air transport, passengers carried",IS.AIR.PSGR,2015,267208.0
"Congo, Dem. Rep.",COD,"Air transport, passengers carried",IS.AIR.PSGR,2015,476353.0
"Congo, Rep.",COG,"Air transport, passengers carried",IS.AIR.PSGR,2015,657927.0
Colombia,COL,"Air transport, passengers carried",IS.AIR.PSGR,2015,30909723.0
Cabo Verde,CPV,"Air transport, passengers carried",IS.AIR.PSGR,2015,548908.0
Costa Rica,CRI,"Air transport, passengers carried",IS.AIR.PSGR,2015,1525922.0
Cuba,CUB,"Air transport, passengers carried",IS.AIR.PSGR,2015,1294458.0
Cyprus,CYP,"Air transport, passengers carried",IS.AIR.PSGR,2015,23405.0
Czechia,CZE,"Air transport, passengers carried",IS.AIR.PSGR,2015,3378028.0
Germany,DEU,"Air transport, passengers carried",IS.AIR.PSGR,2015,117222850.0
Dominican Republic,DOM,"Air transport, passengers carried",IS.AIR.PSGR,2015,14463.0
Algeria,DZA,"Air transport, passengers carried",IS.AIR.PSGR,2015,5400896.0
East Asia & Pacific (excluding high income),EAP,"Air transport, passengers carried",IS.AIR.PSGR,2015,708798867.0
Early-demographic dividend,EAR,"Air transport, passengers carried",IS.AIR.PSGR,2015,566264222.0
East Asia & Pacific,EAS,"Air transport, passengers carried",IS.AIR.PSGR,2015,1052102292.0
Europe & Central Asia (excluding high income),ECA,"Air transport, passengers carried",IS.AIR.PSGR,2015,119184129.0
Europe & Central Asia,ECS,"Air transport, passengers carried",IS.AIR.PSGR,2015,945271489.0
Ecuador,ECU,"Air transport, passengers carried",IS.AIR.PSGR,2015,5677816.0
"Egypt, Arab Rep.",EGY,"Air transport, passengers carried",IS.AIR.PSGR,2015,11109554.0
Euro area,EMU,"Air transport, passengers carried",IS.AIR.PSGR,2015,496898700.0
Eritrea,ERI,"Air transport, passengers carried",IS.AIR.PSGR,2015,53074.0
Spain,ESP,"Air transport, passengers carried",IS.AIR.PSGR,2015,60564041.0
Estonia,EST,"Air transport, passengers carried",IS.AIR.PSGR,2015,512389.0
Ethiopia,ETH,"Air transport, passengers carried",IS.AIR.PSGR,2015,7074779.0
European Union,EUU,"Air transport, passengers carried",IS.AIR.PSGR,2015,588104162.0
Fragile and conflict affected situations,FCS,"Air transport, passengers carried",IS.AIR.PSGR,2015,39233518.0
Finland,FIN,"Air transport, passengers carried",IS.AIR.PSGR,2015,13035848.0
Fiji,FJI,"Air transport, passengers carried",IS.AIR.PSGR,2015,1336976.0
France,FRA,"Air transport, passengers carried",IS.AIR.PSGR,2015,65039503.0
Gabon,GAB,"Air transport, passengers carried",IS.AIR.PSGR,2015,137331.0
United Kingdom,GBR,"Air transport, passengers carried",IS.AIR.PSGR,2015,131512994.0
Georgia,GEO,"Air transport, passengers carried",IS.AIR.PSGR,2015,232263.0
Ghana,GHA,"Air transport, passengers carried",IS.AIR.PSGR,2015,390457.0
"Gambia, The",GMB,"Air transport, passengers carried",IS.AIR.PSGR,2015,3036.0
Equatorial Guinea,GNQ,"Air transport, passengers carried",IS.AIR.PSGR,2015,400758.0
Greece,GRC,"Air transport, passengers carried",IS.AIR.PSGR,2015,11237054.0
Guatemala,GTM,"Air transport, passengers carried",IS.AIR.PSGR,2015,93129.0
High income,HIC,"Air transport, passengers carried",IS.AIR.PSGR,2015,2246481588.0
"Hong Kong SAR, China",HKG,"Air transport, passengers carried",IS.AIR.PSGR,2015,41867157.0
Honduras,HND,"Air transport, passengers carried",IS.AIR.PSGR,2015,276689.0
Heavily indebted poor countries (HIPC),HPC,"Air transport, passengers carried",IS.AIR.PSGR,2015,20661772.0
Croatia,HRV,"Air transport, passengers carried",IS.AIR.PSGR,2015,1782666.0
Hungary,HUN,"Air transport, passengers carried",IS.AIR.PSGR,2015,20043787.0
IBRD only,IBD,"Air transport, passengers carried",IS.AIR.PSGR,2015,1336381806.0
IDA & IBRD total,IBT,"Air transport, passengers carried",IS.AIR.PSGR,2015,1396421827.0
IDA total,IDA,"Air transport, passengers carried",IS.AIR.PSGR,2015,60040021.0
IDA blend,IDB,"Air transport, passengers carried",IS.AIR.PSGR,2015,25933086.0
Indonesia,IDN,"Air transport, passengers carried",IS.AIR.PSGR,2015,90095131.0
IDA only,IDX,"Air transport, passengers carried",IS.AIR.PSGR,2015,34106935.0
India,IND,"Air transport, passengers carried",IS.AIR.PSGR,2015,98927860.0
Ireland,IRL,"Air transport, passengers carried",IS.AIR.PSGR,2015,115928738.0
"Iran, Islamic Rep.",IRN,"Air transport, passengers carried",IS.AIR.PSGR,2015,13873256.0
Iraq,IRQ,"Air transport, passengers carried",IS.AIR.PSGR,2015,2142554.0
Iceland,ISL,"Air transport, passengers carried",IS.AIR.PSGR,2015,4134980.0
Israel,ISR,"Air transport, passengers carried",IS.AIR.PSGR,2015,6331198.0
Italy,ITA,"Air transport, passengers carried",IS.AIR.PSGR,2015,28603919.0
Jamaica,JAM,"Air transport, passengers carried",IS.AIR.PSGR,2015,92836.0
Jordan,JOR,"Air transport, passengers carried",IS.AIR.PSGR,2015,3065145.0
Japan,JPN,"Air transport, passengers carried",IS.AIR.PSGR,2015,114128000.0
Kazakhstan,KAZ,"Air transport, passengers carried",IS.AIR.PSGR,2015,5081632.0
Kenya,KEN,"Air transport, passengers carried",IS.AIR.PSGR,2015,4569473.0
Kyrgyz Republic,KGZ,"Air transport, passengers carried",IS.AIR.PSGR,2015,967629.0
Cambodia,KHM,"Air transport, passengers carried",IS.AIR.PSGR,2015,1103880.0
"Korea, Rep.",KOR,"Air transport, passengers carried",IS.AIR.PSGR,2015,66093149.0
Kuwait,KWT,"Air transport, passengers carried",IS.AIR.PSGR,2015,3752995.0
Latin America & Caribbean (excluding high income),LAC,"Air transport, passengers carried",IS.AIR.PSGR,2015,225374213.0
Lao PDR,LAO,"Air transport, passengers carried",IS.AIR.PSGR,2015,1181188.0
Lebanon,LBN,"Air transport, passengers carried",IS.AIR.PSGR,2015,2591297.0
Libya,LBY,"Air transport, passengers carried",IS.AIR.PSGR,2015,1430460.0
Latin America & Caribbean,LCN,"Air transport, passengers carried",IS.AIR.PSGR,2015,264217989.0
Least developed countries: UN classification,LDC,"Air transport, passengers carried",IS.AIR.PSGR,2015,25261970.0
Low income,LIC,"Air transport, passengers carried",IS.AIR.PSGR,2015,12867667.0
Sri Lanka,LKA,"Air transport, passengers carried",IS.AIR.PSGR,2015,4911730.0
Lower middle income,LMC,"Air transport, passengers carried",IS.AIR.PSGR,2015,242235295.0
Low & middle income,LMY,"Air transport, passengers carried",IS.AIR.PSGR,2015,1271547493.0
Late-demographic dividend,LTE,"Air transport, passengers carried",IS.AIR.PSGR,2015,1088963002.0
Lithuania,LTU,"Air transport, passengers carried",IS.AIR.PSGR,2015,1363946.0
Luxembourg,LUX,"Air transport, passengers carried",IS.AIR.PSGR,2015,1830972.0
Latvia,LVA,"Air transport, passengers carried",IS.AIR.PSGR,2015,2527368.0
"Macao SAR, China",MAC,"Air transport, passengers carried",IS.AIR.PSGR,2015,2276436.0
Morocco,MAR,"Air transport, passengers carried",IS.AIR.PSGR,2015,7043971.0
Monaco,MCO,"Air transport, passengers carried",IS.AIR.PSGR,2015,60382.0
Moldova,MDA,"Air transport, passengers carried",IS.AIR.PSGR,2015,1005936.0
Madagascar,MDG,"Air transport, passengers carried",IS.AIR.PSGR,2015,458572.0
Maldives,MDV,"Air transport, passengers carried",IS.AIR.PSGR,2015,1313533.0
Middle East & North Africa,MEA,"Air transport, passengers carried",IS.AIR.PSGR,2015,217000211.0
Mexico,MEX,"Air transport, passengers carried",IS.AIR.PSGR,2015,46966763.0
Middle income,MIC,"Air transport, passengers carried",IS.AIR.PSGR,2015,1258679826.0
Malta,MLT,"Air transport, passengers carried",IS.AIR.PSGR,2015,1583046.0
Myanmar,MMR,"Air transport, passengers carried",IS.AIR.PSGR,2015,2095503.0
Middle East & North Africa (excluding high income),MNA,"Air transport, passengers carried",IS.AIR.PSGR,2015,50614910.0
Montenegro,MNE,"Air transport, passengers carried",IS.AIR.PSGR,2015,526980.0
Mongolia,MNG,"Air transport, passengers carried",IS.AIR.PSGR,2015,529311.0
Mozambique,MOZ,"Air transport, passengers carried",IS.AIR.PSGR,2015,676028.0
Mauritania,MRT,"Air transport, passengers carried",IS.AIR.PSGR,2015,248158.0
Mauritius,MUS,"Air transport, passengers carried",IS.AIR.PSGR,2015,1466527.0
Malawi,MWI,"Air transport, passengers carried",IS.AIR.PSGR,2015,6011.0
Malaysia,MYS,"Air transport, passengers carried",IS.AIR.PSGR,2015,50345820.0
North America,NAC,"Air transport, passengers carried",IS.AIR.PSGR,2015,878450302.0
Namibia,NAM,"Air transport, passengers carried",IS.AIR.PSGR,2015,553322.0
Niger,NER,"Air transport, passengers carried",IS.AIR.PSGR,2015,15243.0
Nigeria,NGA,"Air transport, passengers carried",IS.AIR.PSGR,2015,4613169.0
Netherlands,NLD,"Air transport, passengers carried",IS.AIR.PSGR,2015,35687843.0
Nepal,NPL,"Air transport, passengers carried",IS.AIR.PSGR,2015,510342.0
Nauru,NRU,"Air transport, passengers carried",IS.AIR.PSGR,2015,38859.0
New Zealand,NZL,"Air transport, passengers carried",IS.AIR.PSGR,2015,14385078.0
OECD members,OED,"Air transport, passengers carried",IS.AIR.PSGR,2015,2082857593.0
Oman,OMN,"Air transport, passengers carried",IS.AIR.PSGR,2015,6365784.0
Other small states,OSS,"Air transport, passengers carried",IS.AIR.PSGR,2015,17233887.0
Pakistan,PAK,"Air transport, passengers carried",IS.AIR.PSGR,2015,8467827.0
Panama,PAN,"Air transport, passengers carried",IS.AIR.PSGR,2015,12193261.0
Peru,PER,"Air transport, passengers carried",IS.AIR.PSGR,2015,13877662.0
Philippines,PHL,"Air transport, passengers carried",IS.AIR.PSGR,2015,37023422.0
Papua New Guinea,PNG,"Air transport, passengers carried",IS.AIR.PSGR,2015,1679156.0
Poland,POL,"Air transport, passengers carried",IS.AIR.PSGR,2015,4448883.0
Pre-demographic dividend,PRE,"Air transport, passengers carried",IS.AIR.PSGR,2015,21230480.0
"Korea, Dem. People's Rep.",PRK,"Air transport, passengers carried",IS.AIR.PSGR,2015,87082.0
Portugal,PRT,"Air transport, passengers carried",IS.AIR.PSGR,2015,12706909.0
Paraguay,PRY,"Air transport, passengers carried",IS.AIR.PSGR,2015,452004.0
Pacific island small states,PSS,"Air transport, passengers carried",IS.AIR.PSGR,2015,2120856.0
Post-demographic dividend,PST,"Air transport, passengers carried",IS.AIR.PSGR,2015,1848558208.0
Qatar,QAT,"Air transport, passengers carried",IS.AIR.PSGR,2015,25263224.0
Romania,ROU,"Air transport, passengers carried",IS.AIR.PSGR,2015,3634598.0
Russian Federation,RUS,"Air transport, passengers carried",IS.AIR.PSGR,2015,76846126.0
Rwanda,RWA,"Air transport, passengers carried",IS.AIR.PSGR,2015,544541.0
South Asia,SAS,"Air transport, passengers carried",IS.AIR.PSGR,2015,120221878.0
Saudi Arabia,SAU,"Air transport, passengers carried",IS.AIR.PSGR,2015,33431736.0
Sudan,SDN,"Air transport, passengers carried",IS.AIR.PSGR,2015,496177.0
Senegal,SEN,"Air transport, passengers carried",IS.AIR.PSGR,2015,115355.0
Singapore,SGP,"Air transport, passengers carried",IS.AIR.PSGR,2015,33585397.0
Solomon Islands,SLB,"Air transport, passengers carried",IS.AIR.PSGR,2015,373739.0
El Salvador,SLV,"Air transport, passengers carried",IS.AIR.PSGR,2015,2597649.0
Serbia,SRB,"Air transport, passengers carried",IS.AIR.PSGR,2015,2427047.0
Sub-Saharan Africa (excluding high income),SSA,"Air transport, passengers carried",IS.AIR.PSGR,2015,47353496.0
Sub-Saharan Africa,SSF,"Air transport, passengers carried",IS.AIR.PSGR,2015,47850992.0
Suriname,SUR,"Air transport, passengers carried",IS.AIR.PSGR,2015,259682.0
Slovak Republic,SVK,"Air transport, passengers carried",IS.AIR.PSGR,2015,11098.0
Slovenia,SVN,"Air transport, passengers carried",IS.AIR.PSGR,2015,1045409.0
Sweden,SWE,"Air transport, passengers carried",IS.AIR.PSGR,2015,58636668.0
Seychelles,SYC,"Air transport, passengers carried",IS.AIR.PSGR,2015,497496.0
Syrian Arab Republic,SYR,"Air transport, passengers carried",IS.AIR.PSGR,2015,17902.0
East Asia & Pacific (IDA & IBRD countries),TEA,"Air transport, passengers carried",IS.AIR.PSGR,2015,708750644.0
Europe & Central Asia (IDA & IBRD countries),TEC,"Air transport, passengers carried",IS.AIR.PSGR,2015,206959900.0
Togo,TGO,"Air transport, passengers carried",IS.AIR.PSGR,2015,420875.0
Thailand,THA,"Air transport, passengers carried",IS.AIR.PSGR,2015,56447637.0
Tajikistan,TJK,"Air transport, passengers carried",IS.AIR.PSGR,2015,1034477.0
Turkmenistan,TKM,"Air transport, passengers carried",IS.AIR.PSGR,2015,897079.0
Latin America & the Caribbean (IDA & IBRD countries),TLA,"Air transport, passengers carried",IS.AIR.PSGR,2015,262023503.0
Middle East & North Africa (IDA & IBRD countries),TMN,"Air transport, passengers carried",IS.AIR.PSGR,2015,50614910.0
South Asia (IDA & IBRD),TSA,"Air transport, passengers carried",IS.AIR.PSGR,2015,120221878.0
Sub-Saharan Africa (IDA & IBRD countries),TSS,"Air transport, passengers carried",IS.AIR.PSGR,2015,47850992.0
Trinidad and Tobago,TTO,"Air transport, passengers carried",IS.AIR.PSGR,2015,2617843.0
Tunisia,TUN,"Air transport, passengers carried",IS.AIR.PSGR,2015,3496190.0
Turkiye,TUR,"Air transport, passengers carried",IS.AIR.PSGR,2015,96604665.0
Tanzania,TZA,"Air transport, passengers carried",IS.AIR.PSGR,2015,1312807.0
Uganda,UGA,"Air transport, passengers carried",IS.AIR.PSGR,2015,41812.0
Ukraine,UKR,"Air transport, passengers carried",IS.AIR.PSGR,2015,4620530.0
Upper middle income,UMC,"Air transport, passengers carried",IS.AIR.PSGR,2015,1016444531.0
United States,USA,"Air transport, passengers carried",IS.AIR.PSGR,2015,798222000.0
Uzbekistan,UZB,"Air transport, passengers carried",IS.AIR.PSGR,2015,2486673.0
"Venezuela, RB",VEN,"Air transport, passengers carried",IS.AIR.PSGR,2015,7086072.0
Viet Nam,VNM,"Air transport, passengers carried",IS.AIR.PSGR,2015,29944771.0
Vanuatu,VUT,"Air transport, passengers carried",IS.AIR.PSGR,2015,272332.0
World,WLD,"Air transport, passengers carried",IS.AIR.PSGR,2015,3525115153.0
Samoa,WSM,"Air transport, passengers carried",IS.AIR.PSGR,2015,98950.0
"Yemen, Rep.",YEM,"Air transport, passengers carried",IS.AIR.PSGR,2015,443685.0
South Africa,ZAF,"Air transport, passengers carried",IS.AIR.PSGR,2015,18882898.0
Zambia,ZMB,"Air transport, passengers carried",IS.AIR.PSGR,2015,203617.0
Zimbabwe,ZWE,"Air transport, passengers carried",IS.AIR.PSGR,2015,370165.0
Africa Eastern and Southern,AFE,"Air transport, passengers carried",IS.AIR.PSGR,2020,19166036.418
Afghanistan,AFG,"Air transport, passengers carried",IS.AIR.PSGR,2020,449041.025
Africa Western and Central,AFW,"Air transport, passengers carried",IS.AIR.PSGR,2020,5328945.184
Angola,AGO,"Air transport, passengers carried",IS.AIR.PSGR,2020,356695.0
Albania,ALB,"Air transport, passengers carried",IS.AIR.PSGR,2020,124714.0
Arab World,ARB,"Air transport, passengers carried",IS.AIR.PSGR,2020,78203120.45899999
United Arab Emirates,ARE,"Air transport, passengers carried",IS.AIR.PSGR,2020,26116897.0
Argentina,ARG,"Air transport, passengers carried",IS.AIR.PSGR,2020,3680874.0
Armenia,ARM,"Air transport, passengers carried",IS.AIR.PSGR,2020,54940.0
Antigua and Barbuda,ATG,"Air transport, passengers carried",IS.AIR.PSGR,2020,356.0
Australia,AUS,"Air transport, passengers carried",IS.AIR.PSGR,2020,23346254.0
Austria,AUT,"Air transport, passengers carried",IS.AIR.PSGR,2020,13285414.0
Azerbaijan,AZE,"Air transport, passengers carried",IS.AIR.PSGR,2020,545265.0
Belgium,BEL,"Air transport, passengers carried",IS.AIR.PSGR,2020,3520849.848
Burkina Faso,BFA,"Air transport, passengers carried",IS.AIR.PSGR,2020,70228.0
Bangladesh,BGD,"Air transport, passengers carried",IS.AIR.PSGR,2020,2984121.694
Bulgaria,BGR,"Air transport, passengers carried",IS.AIR.PSGR,2020,443067.0
Bahrain,BHR,"Air transport, passengers carried",IS.AIR.PSGR,2020,1451359.0
"Bahamas, The",BHS,"Air transport, passengers carried",IS.AIR.PSGR,2020,1272798.762
Bosnia and Herzegovina,BIH,"Air transport, passengers carried",IS.AIR.PSGR,2020,1593.0
Belarus,BLR,"Air transport, passengers carried",IS.AIR.PSGR,2020,1227674.0
Belize,BLZ,"Air transport, passengers carried",IS.AIR.PSGR,2020,971426.138
Bolivia,BOL,"Air transport, passengers carried",IS.AIR.PSGR,2020,2627202.201
Brazil,BRA,"Air transport, passengers carried",IS.AIR.PSGR,2020,45405756.0
Brunei Darussalam,BRN,"Air transport, passengers carried",IS.AIR.PSGR,2020,280622.0
Bhutan,BTN,"Air transport, passengers carried",IS.AIR.PSGR,2020,48825.0
Canada,CAN,"Air transport, passengers carried",IS.AIR.PSGR,2020,27620000.0
Central Europe and the Baltics,CEB,"Air transport, passengers carried",IS.AIR.PSGR,2020,22490703.181
Switzerland,CHE,"Air transport, passengers carried",IS.AIR.PSGR,2020,9009607.2
Chile,CHL,"Air transport, passengers carried",IS.AIR.PSGR,2020,8019753.0
China,CHN,"Air transport, passengers carried",IS.AIR.PSGR,2020,417255845.0
Cote d'Ivoire,CIV,"Air transport, passengers carried",IS.AIR.PSGR,2020,322841.0
Cameroon,CMR,"Air transport, passengers carried",IS.AIR.PSGR,2020,40884.0
"Congo, Dem. Rep.",COD,"Air transport, passengers carried",IS.AIR.PSGR,2020,277588.159
"Congo, Rep.",COG,"Air transport, passengers carried",IS.AIR.PSGR,2020,79620.0
Colombia,COL,"Air transport, passengers carried",IS.AIR.PSGR,2020,12273939.724
Cabo Verde,CPV,"Air transport, passengers carried",IS.AIR.PSGR,2020,226645.666
Costa Rica,CRI,"Air transport, passengers carried",IS.AIR.PSGR,2020,455830.6
Caribbean small states,CSS,"Air transport, passengers carried",IS.AIR.PSGR,2020,2484224.9
Cuba,CUB,"Air transport, passengers carried",IS.AIR.PSGR,2020,99838.0
Cyprus,CYP,"Air transport, passengers carried",IS.AIR.PSGR,2020,104559.0
Czechia,CZE,"Air transport, passengers carried",IS.AIR.PSGR,2020,929888.181
Germany,DEU,"Air transport, passengers carried",IS.AIR.PSGR,2020,25758450.0
Dominican Republic,DOM,"Air transport, passengers carried",IS.AIR.PSGR,2020,31391.0
Algeria,DZA,"Air transport, passengers carried",IS.AIR.PSGR,2020,1460077.0
East Asia & Pacific (excluding high income),EAP,"Air transport, passengers carried",IS.AIR.PSGR,2020,545598407.4980001
Early-demographic dividend,EAR,"Air transport, passengers carried",IS.AIR.PSGR,2020,289010892.01699996
East Asia & Pacific,EAS,"Air transport, passengers carried",IS.AIR.PSGR,2020,673223022.9990001
Europe & Central Asia (excluding high income),ECA,"Air transport, passengers carried",IS.AIR.PSGR,2020,57405263.206999995
Europe & Central Asia,ECS,"Air transport, passengers carried",IS.AIR.PSGR,2020,384036439.6275
Ecuador,ECU,"Air transport, passengers carried",IS.AIR.PSGR,2020,1146368.544
"Egypt, Arab Rep.",EGY,"Air transport, passengers carried",IS.AIR.PSGR,2020,4638192.256
Euro area,EMU,"Air transport, passengers carried",IS.AIR.PSGR,2020,190032931.78699997
Eritrea,ERI,"Air transport, passengers carried",IS.AIR.PSGR,2020,45104.031
Spain,ESP,"Air transport, passengers carried",IS.AIR.PSGR,2020,26557077.999
Ethiopia,ETH,"Air transport, passengers carried",IS.AIR.PSGR,2020,4940183.0
European Union,EUU,"Air transport, passengers carried",IS.AIR.PSGR,2020,224581685.76549995
Fragile and conflict affected situations,FCS,"Air transport, passengers carried",IS.AIR.PSGR,2020,18073886.216
Finland,FIN,"Air transport, passengers carried",IS.AIR.PSGR,2020,3500299.0
Fiji,FJI,"Air transport, passengers carried",IS.AIR.PSGR,2020,409104.0
France,FRA,"Air transport, passengers carried",IS.AIR.PSGR,2020,24956343.0
United Kingdom,GBR,"Air transport, passengers carried",IS.AIR.PSGR,2020,30237827.0
Georgia,GEO,"Air transport, passengers carried",IS.AIR.PSGR,2020,72906.0
Ghana,GHA,"Air transport, passengers carried",IS.AIR.PSGR,2020,321437.0
Equatorial Guinea,GNQ,"Air transport, passengers carried",IS.AIR.PSGR,2020,138898.0
Greece,GRC,"Air transport, passengers carried",IS.AIR.PSGR,2020,5647917.0
Guatemala,GTM,"Air transport, passengers carried",IS.AIR.PSGR,2020,25217.454
Guyana,GUY,"Air transport, passengers carried",IS.AIR.PSGR,2020,17990.0
High income,HIC,"Air transport, passengers carried",IS.AIR.PSGR,2020,929885274.1185
"Hong Kong SAR, China",HKG,"Air transport, passengers carried",IS.AIR.PSGR,2020,5878548.0
Heavily indebted poor countries (HIPC),HPC,"Air transport, passengers carried",IS.AIR.PSGR,2020,12330289.393000001
Croatia,HRV,"Air transport, passengers carried",IS.AIR.PSGR,2020,608458.0
Haiti,HTI,"Air transport, passengers carried",IS.AIR.PSGR,2020,23119.0
Hungary,HUN,"Air transport, passengers carried",IS.AIR.PSGR,2020,14597294.0
IBRD only,IBD,"Air transport, passengers carried",IS.AIR.PSGR,2020,889070883.3830001
IDA & IBRD total,IBT,"Air transport, passengers carried",IS.AIR.PSGR,2020,921825835.9060001
IDA total,IDA,"Air transport, passengers carried",IS.AIR.PSGR,2020,32754952.523
IDA blend,IDB,"Air transport, passengers carried",IS.AIR.PSGR,2020,12941286.729000002
Indonesia,IDN,"Air transport, passengers carried",IS.AIR.PSGR,2020,37523686.817
IDA only,IDX,"Air transport, passengers carried",IS.AIR.PSGR,2020,19813665.794
India,IND,"Air transport, passengers carried",IS.AIR.PSGR,2020,68959633.0
Ireland,IRL,"Air transport, passengers carried",IS.AIR.PSGR,2020,54582262.0
"Iran, Islamic Rep.",IRN,"Air transport, passengers carried",IS.AIR.PSGR,2020,12744853.781
Iraq,IRQ,"Air transport, passengers carried",IS.AIR.PSGR,2020,764661.0
Iceland,ISL,"Air transport, passengers carried",IS.AIR.PSGR,2020,903927.0
Israel,ISR,"Air transport, passengers carried",IS.AIR.PSGR,2020,1249361.0
Italy,ITA,"Air transport, passengers carried",IS.AIR.PSGR,2020,7801490.0
Jordan,JOR,"Air transport, passengers carried",IS.AIR.PSGR,2020,816253.0
Japan,JPN,"Air transport, passengers carried",IS.AIR.PSGR,2020,51131122.0
Kazakhstan,KAZ,"Air transport, passengers carried",IS.AIR.PSGR,2020,5282205.0
Kenya,KEN,"Air transport, passengers carried",IS.AIR.PSGR,2020,1865768.0
Kyrgyz Republic,KGZ,"Air transport, passengers carried",IS.AIR.PSGR,2020,191774.0
Cambodia,KHM,"Air transport, passengers carried",IS.AIR.PSGR,2020,609564.382
Kiribati,KIR,"Air transport, passengers carried",IS.AIR.PSGR,2020,56299.058
"Korea, Rep.",KOR,"Air transport, passengers carried",IS.AIR.PSGR,2020,30033310.0
Kuwait,KWT,"Air transport, passengers carried",IS.AIR.PSGR,2020,1823594.0
Latin America & Caribbean (excluding high income),LAC,"Air transport, passengers carried",IS.AIR.PSGR,2020,107737783.66
Lao PDR,LAO,"Air transport, passengers carried",IS.AIR.PSGR,2020,386950.0
Lebanon,LBN,"Air transport, passengers carried",IS.AIR.PSGR,2020,1077762.0
Libya,LBY,"Air transport, passengers carried",IS.AIR.PSGR,2020,715300.42
Latin America & Caribbean,LCN,"Air transport, passengers carried",IS.AIR.PSGR,2020,121084047.42199998
Least developed countries: UN classification,LDC,"Air transport, passengers carried",IS.AIR.PSGR,2020,17000506.794
Low income,LIC,"Air transport, passengers carried",IS.AIR.PSGR,2020,8026937.252
Sri Lanka,LKA,"Air transport, passengers carried",IS.AIR.PSGR,2020,1240391.0
Lower middle income,LMC,"Air transport, passengers carried",IS.AIR.PSGR,2020,148269089.58999997
Low & middle income,LMY,"Air transport, passengers carried",IS.AIR.PSGR,2020,841725288.906
Late-demographic dividend,LTE,"Air transport, passengers carried",IS.AIR.PSGR,2020,741617825.479
Lithuania,LTU,"Air transport, passengers carried",IS.AIR.PSGR,2020,35027.0
Luxembourg,LUX,"Air transport, passengers carried",IS.AIR.PSGR,2020,753114.0
Latvia,LVA,"Air transport, passengers carried",IS.AIR.PSGR,2020,1323070.0
"Macao SAR, China",MAC,"Air transport, passengers carried",IS.AIR.PSGR,2020,544411.0
Morocco,MAR,"Air transport, passengers carried",IS.AIR.PSGR,2020,3012310.0
Moldova,MDA,"Air transport, passengers carried",IS.AIR.PSGR,2020,306631.727
Madagascar,MDG,"Air transport, passengers carried",IS.AIR.PSGR,2020,186314.332
Maldives,MDV,"Air transport, passengers carried",IS.AIR.PSGR,2020,292931.0
Middle East & North Africa,MEA,"Air transport, passengers carried",IS.AIR.PSGR,2020,92258911.78500001
Mexico,MEX,"Air transport, passengers carried",IS.AIR.PSGR,2020,34133108.0
Marshall Islands,MHL,"Air transport, passengers carried",IS.AIR.PSGR,2020,25563.0
Middle income,MIC,"Air transport, passengers carried",IS.AIR.PSGR,2020,833698351.6539999
Malta,MLT,"Air transport, passengers carried",IS.AIR.PSGR,2020,549318.545
Myanmar,MMR,"Air transport, passengers carried",IS.AIR.PSGR,2020,1506581.713
Middle East & North Africa (excluding high income),MNA,"Air transport, passengers carried",IS.AIR.PSGR,2020,26962658.35
Mongolia,MNG,"Air transport, passengers carried",IS.AIR.PSGR,2020,143860.0
Mozambique,MOZ,"Air transport, passengers carried",IS.AIR.PSGR,2020,327742.0
Mauritania,MRT,"Air transport, passengers carried",IS.AIR.PSGR,2020,100904.0
Mauritius,MUS,"Air transport, passengers carried",IS.AIR.PSGR,2020,407291.0
Malawi,MWI,"Air transport, passengers carried",IS.AIR.PSGR,2020,1792.164
Malaysia,MYS,"Air transport, passengers carried",IS.AIR.PSGR,2020,15893988.0
North America,NAC,"Air transport, passengers carried",IS.AIR.PSGR,2020,397121000.0
Namibia,NAM,"Air transport, passengers carried",IS.AIR.PSGR,2020,62262.67
Nigeria,NGA,"Air transport, passengers carried",IS.AIR.PSGR,2020,3435350.518
Netherlands,NLD,"Air transport, passengers carried",IS.AIR.PSGR,2020,14748517.334
Nepal,NPL,"Air transport, passengers carried",IS.AIR.PSGR,2020,1989284.0
Nauru,NRU,"Air transport, passengers carried",IS.AIR.PSGR,2020,9356.0
New Zealand,NZL,"Air transport, passengers carried",IS.AIR.PSGR,2020,8516619.501
OECD members,OED,"Air transport, passengers carried",IS.AIR.PSGR,2020,872244225.3065
Oman,OMN,"Air transport, passengers carried",IS.AIR.PSGR,2020,2496069.0
Pakistan,PAK,"Air transport, passengers carried",IS.AIR.PSGR,2020,3711456.87
Panama,PAN,"Air transport, passengers carried",IS.AIR.PSGR,2020,3074172.0
Peru,PER,"Air transport, passengers carried",IS.AIR.PSGR,2020,5705074.0
Philippines,PHL,"Air transport, passengers carried",IS.AIR.PSGR,2020,10613531.0
Papua New Guinea,PNG,"Air transport, passengers carried",IS.AIR.PSGR,2020,932389.0
Poland,POL,"Air transport, passengers carried",IS.AIR.PSGR,2020,2686258.0
Pre-demographic dividend,PRE,"Air transport, passengers carried",IS.AIR.PSGR,2020,10279740.062
"Korea, Dem. People's Rep.",PRK,"Air transport, passengers carried",IS.AIR.PSGR,2020,3563.0
Portugal,PRT,"Air transport, passengers carried",IS.AIR.PSGR,2020,6219531.061
Paraguay,PRY,"Air transport, passengers carried",IS.AIR.PSGR,2020,131713.0
Pacific island small states,PSS,"Air transport, passengers carried",IS.AIR.PSGR,2020,787299.92
Post-demographic dividend,PST,"Air transport, passengers carried",IS.AIR.PSGR,2020,730930007.4665002
Qatar,QAT,"Air transport, passengers carried",IS.AIR.PSGR,2020,10640789.0
Romania,ROU,"Air transport, passengers carried",IS.AIR.PSGR,2020,1786407.0
Russian Federation,RUS,"Air transport, passengers carried",IS.AIR.PSGR,2020,62447448.0
Rwanda,RWA,"Air transport, passengers carried",IS.AIR.PSGR,2020,661287.648
South Asia,SAS,"Air transport, passengers carried",IS.AIR.PSGR,2020,79675683.589
Saudi Arabia,SAU,"Air transport, passengers carried",IS.AIR.PSGR,2020,20968865.89
Sudan,SDN,"Air transport, passengers carried",IS.AIR.PSGR,2020,386838.0
Senegal,SEN,"Air transport, passengers carried",IS.AIR.PSGR,2020,271331.0
Singapore,SGP,"Air transport, passengers carried",IS.AIR.PSGR,2020,7884373.0
Solomon Islands,SLB,"Air transport, passengers carried",IS.AIR.PSGR,2020,138660.862
El Salvador,SLV,"Air transport, passengers carried",IS.AIR.PSGR,2020,805271.999
Serbia,SRB,"Air transport, passengers carried",IS.AIR.PSGR,2020,795228.0
Sub-Saharan Africa (excluding high income),SSA,"Air transport, passengers carried",IS.AIR.PSGR,2020,24345492.601999998
Sub-Saharan Africa,SSF,"Air transport, passengers carried",IS.AIR.PSGR,2020,24494981.602000006
Small states,SST,"Air transport, passengers carried",IS.AIR.PSGR,2020,7717842.031000001
Sao Tome and Principe,STP,"Air transport, passengers carried",IS.AIR.PSGR,2020,20703.0
Suriname,SUR,"Air transport, passengers carried",IS.AIR.PSGR,2020,221654.0
Slovak Republic,SVK,"Air transport, passengers carried",IS.AIR.PSGR,2020,2669.0
Slovenia,SVN,"Air transport, passengers carried",IS.AIR.PSGR,2020,78565.0
Sweden,SWE,"Air transport, passengers carried",IS.AIR.PSGR,2020,14105839.7975
Eswatini,SWZ,"Air transport, passengers carried",IS.AIR.PSGR,2020,10647.0
Seychelles,SYC,"Air transport, passengers carried",IS.AIR.PSGR,2020,149489.0
Syrian Arab Republic,SYR,"Air transport, passengers carried",IS.AIR.PSGR,2020,299469.0
East Asia & Pacific (IDA & IBRD countries),TEA,"Air transport, passengers carried",IS.AIR.PSGR,2020,545604200.4980001
Europe & Central Asia (IDA & IBRD countries),TEC,"Air transport, passengers carried",IS.AIR.PSGR,2020,125376901.20699999
Togo,TGO,"Air transport, passengers carried",IS.AIR.PSGR,2020,320806.0
Thailand,THA,"Air transport, passengers carried",IS.AIR.PSGR,2020,28179302.666
Tajikistan,TJK,"Air transport, passengers carried",IS.AIR.PSGR,2020,260316.0
Turkmenistan,TKM,"Air transport, passengers carried",IS.AIR.PSGR,2020,1084543.419
Latin America & the Caribbean (IDA & IBRD countries),TLA,"Air transport, passengers carried",IS.AIR.PSGR,2020,119711410.65999998
Middle East & North Africa (IDA & IBRD countries),TMN,"Air transport, passengers carried",IS.AIR.PSGR,2020,26962658.35
South Asia (IDA & IBRD),TSA,"Air transport, passengers carried",IS.AIR.PSGR,2020,79675683.58900002
Sub-Saharan Africa (IDA & IBRD countries),TSS,"Air transport, passengers carried",IS.AIR.PSGR,2020,24494981.602000006
Trinidad and Tobago,TTO,"Air transport, passengers carried",IS.AIR.PSGR,2020,677670.0
Tunisia,TUN,"Air transport, passengers carried",IS.AIR.PSGR,2020,1381745.0
Turkiye,TUR,"Air transport, passengers carried",IS.AIR.PSGR,2020,44722690.061
Tanzania,TZA,"Air transport, passengers carried",IS.AIR.PSGR,2020,823670.0
Uganda,UGA,"Air transport, passengers carried",IS.AIR.PSGR,2020,4946.0
Ukraine,UKR,"Air transport, passengers carried",IS.AIR.PSGR,2020,1801014.0
Upper middle income,UMC,"Air transport, passengers carried",IS.AIR.PSGR,2020,685429262.064
United States,USA,"Air transport, passengers carried",IS.AIR.PSGR,2020,369501000.0
Uzbekistan,UZB,"Air transport, passengers carried",IS.AIR.PSGR,2020,933769.0
"Venezuela, RB",VEN,"Air transport, passengers carried",IS.AIR.PSGR,2020,283524.0
Viet Nam,VNM,"Air transport, passengers carried",IS.AIR.PSGR,2020,31771202.0
Vanuatu,VUT,"Air transport, passengers carried",IS.AIR.PSGR,2020,136360.0
World,WLD,"Air transport, passengers carried",IS.AIR.PSGR,2020,1771894087.0244997
Samoa,WSM,"Air transport, passengers carried",IS.AIR.PSGR,2020,11957.0
"Yemen, Rep.",YEM,"Air transport, passengers carried",IS.AIR.PSGR,2020,52034.893
South Africa,ZAF,"Air transport, passengers carried",IS.AIR.PSGR,2020,8304771.044
Zambia,ZMB,"Air transport, passengers carried",IS.AIR.PSGR,2020,8717.833
Zimbabwe,ZWE,"Air transport, passengers carried",IS.AIR.PSGR,2020,324226.537
Africa Eastern and Southern,AFE,"Air transport, passengers carried",IS.AIR.PSGR,1991,10802900.0
Afghanistan,AFG,"Air transport, passengers carried",IS.AIR.PSGR,1991,212300.0
Africa Western and Central,AFW,"Air transport, passengers carried",IS.AIR.PSGR,1991,3405900.0
Angola,AGO,"Air transport, passengers carried",IS.AIR.PSGR,1991,456000.0
Arab World,ARB,"Air transport, passengers carried",IS.AIR.PSGR,1991,28835100.0
United Arab Emirates,ARE,"Air transport, passengers carried",IS.AIR.PSGR,1991,2041800.0
Argentina,ARG,"Air transport, passengers carried",IS.AIR.PSGR,1991,4545900.0
Antigua and Barbuda,ATG,"Air transport, passengers carried",IS.AIR.PSGR,1991,870000.0
Australia,AUS,"Air transport, passengers carried",IS.AIR.PSGR,1991,21860100.0
Austria,AUT,"Air transport, passengers carried",IS.AIR.PSGR,1991,2605700.0
Burundi,BDI,"Air transport, passengers carried",IS.AIR.PSGR,1991,8300.0
Belgium,BEL,"Air transport, passengers carried",IS.AIR.PSGR,1991,3018200.0
Benin,BEN,"Air transport, passengers carried",IS.AIR.PSGR,1991,66300.0
Burkina Faso,BFA,"Air transport, passengers carried",IS.AIR.PSGR,1991,126600.0
Bangladesh,BGD,"Air transport, passengers carried",IS.AIR.PSGR,1991,1020800.0
Bulgaria,BGR,"Air transport, passengers carried",IS.AIR.PSGR,1991,645700.0
Bahrain,BHR,"Air transport, passengers carried",IS.AIR.PSGR,1991,875500.0
"Bahamas, The",BHS,"Air transport, passengers carried",IS.AIR.PSGR,1991,1090000.0
Bolivia,BOL,"Air transport, passengers carried",IS.AIR.PSGR,1991,1200000.0
Brazil,BRA,"Air transport, passengers carried",IS.AIR.PSGR,1991,19153100.0
Barbados,BRB,"Air transport, passengers carried",IS.AIR.PSGR,1991,0.0
Brunei Darussalam,BRN,"Air transport, passengers carried",IS.AIR.PSGR,1991,307000.0
Bhutan,BTN,"Air transport, passengers carried",IS.AIR.PSGR,1991,8000.0
Botswana,BWA,"Air transport, passengers carried",IS.AIR.PSGR,1991,102300.0
Central African Republic,CAF,"Air transport, passengers carried",IS.AIR.PSGR,1991,120300.0
Canada,CAN,"Air transport, passengers carried",IS.AIR.PSGR,1991,16586500.0
Central Europe and the Baltics,CEB,"Air transport, passengers carried",IS.AIR.PSGR,1991,4707300.0
Switzerland,CHE,"Air transport, passengers carried",IS.AIR.PSGR,1991,7973600.0
Chile,CHL,"Air transport, passengers carried",IS.AIR.PSGR,1991,1405900.0
China,CHN,"Air transport, passengers carried",IS.AIR.PSGR,1991,19520000.0
Cote d'Ivoire,CIV,"Air transport, passengers carried",IS.AIR.PSGR,1991,177700.0
Cameroon,CMR,"Air transport, passengers carried",IS.AIR.PSGR,1991,356600.0
"Congo, Dem. Rep.",COD,"Air transport, passengers carried",IS.AIR.PSGR,1991,150400.0
"Congo, Rep.",COG,"Air transport, passengers carried",IS.AIR.PSGR,1991,228900.0
Colombia,COL,"Air transport, passengers carried",IS.AIR.PSGR,1991,5539900.0
Comoros,COM,"Air transport, passengers carried",IS.AIR.PSGR,1991,26000.0
Cabo Verde,CPV,"Air transport, passengers carried",IS.AIR.PSGR,1991,96000.0
Costa Rica,CRI,"Air transport, passengers carried",IS.AIR.PSGR,1991,507600.0
Caribbean small states,CSS,"Air transport, passengers carried",IS.AIR.PSGR,1991,2221900.0
Cuba,CUB,"Air transport, passengers carried",IS.AIR.PSGR,1991,830600.0
Cyprus,CYP,"Air transport, passengers carried",IS.AIR.PSGR,1991,819700.0
Czechia,CZE,"Air transport, passengers carried",IS.AIR.PSGR,1991,837400.0
Germany,DEU,"Air transport, passengers carried",IS.AIR.PSGR,1991,24829500.0
Djibouti,DJI,"Air transport, passengers carried",IS.AIR.PSGR,1991,130500.0
Denmark,DNK,"Air transport, passengers carried",IS.AIR.PSGR,1991,4582000.0
Dominican Republic,DOM,"Air transport, passengers carried",IS.AIR.PSGR,1991,264200.0
Algeria,DZA,"Air transport, passengers carried",IS.AIR.PSGR,1991,3385000.0
East Asia & Pacific (excluding high income),EAP,"Air transport, passengers carried",IS.AIR.PSGR,1991,57949100.0
Early-demographic dividend,EAR,"Air transport, passengers carried",IS.AIR.PSGR,1991,105647800.0
East Asia & Pacific,EAS,"Air transport, passengers carried",IS.AIR.PSGR,1991,188860300.0
Europe & Central Asia,ECS,"Air transport, passengers carried",IS.AIR.PSGR,1991,342307200.0
Ecuador,ECU,"Air transport, passengers carried",IS.AIR.PSGR,1991,752300.0
"Egypt, Arab Rep.",EGY,"Air transport, passengers carried",IS.AIR.PSGR,1991,2595400.0
Euro area,EMU,"Air transport, passengers carried",IS.AIR.PSGR,1991,131525300.0
Spain,ESP,"Air transport, passengers carried",IS.AIR.PSGR,1991,20944600.0
Ethiopia,ETH,"Air transport, passengers carried",IS.AIR.PSGR,1991,635600.0
European Union,EUU,"Air transport, passengers carried",IS.AIR.PSGR,1991,150528000.0
Fragile and conflict affected situations,FCS,"Air transport, passengers carried",IS.AIR.PSGR,1991,16253700.0
Finland,FIN,"Air transport, passengers carried",IS.AIR.PSGR,1991,3998700.0
Fiji,FJI,"Air transport, passengers carried",IS.AIR.PSGR,1991,413700.0
France,FRA,"Air transport, passengers carried",IS.AIR.PSGR,1991,33127800.0
Gabon,GAB,"Air transport, passengers carried",IS.AIR.PSGR,1991,436000.0
United Kingdom,GBR,"Air transport, passengers carried",IS.AIR.PSGR,1991,42861200.0
Ghana,GHA,"Air transport, passengers carried",IS.AIR.PSGR,1991,191700.0
Guinea,GIN,"Air transport, passengers carried",IS.AIR.PSGR,1991,42200.0
Guinea-Bissau,GNB,"Air transport, passengers carried",IS.AIR.PSGR,1991,20500.0
Equatorial Guinea,GNQ,"Air transport, passengers carried",IS.AIR.PSGR,1991,14000.0
Greece,GRC,"Air transport, passengers carried",IS.AIR.PSGR,1991,4937000.0
Guatemala,GTM,"Air transport, passengers carried",IS.AIR.PSGR,1991,165000.0
Guyana,GUY,"Air transport, passengers carried",IS.AIR.PSGR,1991,111900.0
High income,HIC,"Air transport, passengers carried",IS.AIR.PSGR,1991,962083104.0
Honduras,HND,"Air transport, passengers carried",IS.AIR.PSGR,1991,447300.0
Heavily indebted poor countries (HIPC),HPC,"Air transport, passengers carried",IS.AIR.PSGR,1991,6618700.0
Croatia,HRV,"Air transport, passengers carried",IS.AIR.PSGR,1991,113400.0
Haiti,HTI,"Air transport, passengers carried",IS.AIR.PSGR,1991,0.0
Hungary,HUN,"Air transport, passengers carried",IS.AIR.PSGR,1991,910700.0
IBRD only,IBD,"Air transport, passengers carried",IS.AIR.PSGR,1991,287286700.0
IDA & IBRD total,IBT,"Air transport, passengers carried",IS.AIR.PSGR,1991,306448300.0
IDA total,IDA,"Air transport, passengers carried",IS.AIR.PSGR,1991,19161600.0
IDA blend,IDB,"Air transport, passengers carried",IS.AIR.PSGR,1991,9693300.0
Indonesia,IDN,"Air transport, passengers carried",IS.AIR.PSGR,1991,10401800.0
IDA only,IDX,"Air transport, passengers carried",IS.AIR.PSGR,1991,9468300.0
India,IND,"Air transport, passengers carried",IS.AIR.PSGR,1991,10717400.0
Ireland,IRL,"Air transport, passengers carried",IS.AIR.PSGR,1991,4764600.0
"Iran, Islamic Rep.",IRN,"Air transport, passengers carried",IS.AIR.PSGR,1991,5537500.0
Iraq,IRQ,"Air transport, passengers carried",IS.AIR.PSGR,1991,27700.0
Iceland,ISL,"Air transport, passengers carried",IS.AIR.PSGR,1991,772600.0
Israel,ISR,"Air transport, passengers carried",IS.AIR.PSGR,1991,2047500.0
Italy,ITA,"Air transport, passengers carried",IS.AIR.PSGR,1991,18846800.0
Jamaica,JAM,"Air transport, passengers carried",IS.AIR.PSGR,1991,894000.0
Jordan,JOR,"Air transport, passengers carried",IS.AIR.PSGR,1991,797200.0
Japan,JPN,"Air transport, passengers carried",IS.AIR.PSGR,1991,78719800.0
Kenya,KEN,"Air transport, passengers carried",IS.AIR.PSGR,1991,759900.0
Kiribati,KIR,"Air transport, passengers carried",IS.AIR.PSGR,1991,24900.0
"Korea, Rep.",KOR,"Air transport, passengers carried",IS.AIR.PSGR,1991,16908000.0
Kuwait,KWT,"Air transport, passengers carried",IS.AIR.PSGR,1991,840100.0
Latin America & Caribbean (excluding high income),LAC,"Air transport, passengers carried",IS.AIR.PSGR,1991,51857300.0
Lao PDR,LAO,"Air transport, passengers carried",IS.AIR.PSGR,1991,115400.0
Lebanon,LBN,"Air transport, passengers carried",IS.AIR.PSGR,1991,535500.0
Liberia,LBR,"Air transport, passengers carried",IS.AIR.PSGR,1991,32000.0
Libya,LBY,"Air transport, passengers carried",IS.AIR.PSGR,1991,1883700.0
Latin America & Caribbean,LCN,"Air transport, passengers carried",IS.AIR.PSGR,1991,64136600.0
Least developed countries: UN classification,LDC,"Air transport, passengers carried",IS.AIR.PSGR,1991,7140900.0
Low income,LIC,"Air transport, passengers carried",IS.AIR.PSGR,1991,4109300.0
Sri Lanka,LKA,"Air transport, passengers carried",IS.AIR.PSGR,1991,892700.0
Lower middle income,LMC,"Air transport, passengers carried",IS.AIR.PSGR,1991,39207600.0
Low & middle income,LMY,"Air transport, passengers carried",IS.AIR.PSGR,1991,164349900.0
Lesotho,LSO,"Air transport, passengers carried",IS.AIR.PSGR,1991,56000.0
Late-demographic dividend,LTE,"Air transport, passengers carried",IS.AIR.PSGR,1991,218048600.0
Luxembourg,LUX,"Air transport, passengers carried",IS.AIR.PSGR,1991,405700.0
Morocco,MAR,"Air transport, passengers carried",IS.AIR.PSGR,1991,1429700.0
Monaco,MCO,"Air transport, passengers carried",IS.AIR.PSGR,1991,42500.0
Madagascar,MDG,"Air transport, passengers carried",IS.AIR.PSGR,1991,314300.0
Maldives,MDV,"Air transport, passengers carried",IS.AIR.PSGR,1991,9400.0
Middle East & North Africa,MEA,"Air transport, passengers carried",IS.AIR.PSGR,1991,36420700.0
Mexico,MEX,"Air transport, passengers carried",IS.AIR.PSGR,1991,14901000.0
Marshall Islands,MHL,"Air transport, passengers carried",IS.AIR.PSGR,1991,66300.0
Middle income,MIC,"Air transport, passengers carried",IS.AIR.PSGR,1991,160240600.0
Malta,MLT,"Air transport, passengers carried",IS.AIR.PSGR,1991,648600.0
Myanmar,MMR,"Air transport, passengers carried",IS.AIR.PSGR,1991,318500.0
Middle East & North Africa (excluding high income),MNA,"Air transport, passengers carried",IS.AIR.PSGR,1991,18725100.0
Mongolia,MNG,"Air transport, passengers carried",IS.AIR.PSGR,1991,615700.0
Mozambique,MOZ,"Air transport, passengers carried",IS.AIR.PSGR,1991,282800.0
Mauritania,MRT,"Air transport, passengers carried",IS.AIR.PSGR,1991,212700.0
Mauritius,MUS,"Air transport, passengers carried",IS.AIR.PSGR,1991,525300.0
Malawi,MWI,"Air transport, passengers carried",IS.AIR.PSGR,1991,120100.0
Malaysia,MYS,"Air transport, passengers carried",IS.AIR.PSGR,1991,11837400.0
North America,NAC,"Air transport, passengers carried",IS.AIR.PSGR,1991,468602404.0
Namibia,NAM,"Air transport, passengers carried",IS.AIR.PSGR,1991,455000.0
Niger,NER,"Air transport, passengers carried",IS.AIR.PSGR,1991,66300.0
Nigeria,NGA,"Air transport, passengers carried",IS.AIR.PSGR,1991,930000.0
Nicaragua,NIC,"Air transport, passengers carried",IS.AIR.PSGR,1991,129600.0
Netherlands,NLD,"Air transport, passengers carried",IS.AIR.PSGR,1991,8893200.0
Norway,NOR,"Air transport, passengers carried",IS.AIR.PSGR,1991,8857300.0
Nepal,NPL,"Air transport, passengers carried",IS.AIR.PSGR,1991,633900.0
New Zealand,NZL,"Air transport, passengers carried",IS.AIR.PSGR,1991,5370800.0
OECD members,OED,"Air transport, passengers carried",IS.AIR.PSGR,1991,826639404.0
Oman,OMN,"Air transport, passengers carried",IS.AIR.PSGR,1991,957500.0
Other small states,OSS,"Air transport, passengers carried",IS.AIR.PSGR,1991,4542800.0
Pakistan,PAK,"Air transport, passengers carried",IS.AIR.PSGR,1991,5197700.0
Panama,PAN,"Air transport, passengers carried",IS.AIR.PSGR,1991,342700.0
Peru,PER,"Air transport, passengers carried",IS.AIR.PSGR,1991,1490600.0
Philippines,PHL,"Air transport, passengers carried",IS.AIR.PSGR,1991,5438100.0
Papua New Guinea,PNG,"Air transport, passengers carried",IS.AIR.PSGR,1991,911000.0
Poland,POL,"Air transport, passengers carried",IS.AIR.PSGR,1991,1051200.0
Pre-demographic dividend,PRE,"Air transport, passengers carried",IS.AIR.PSGR,1991,6057800.0
"Korea, Dem. People's Rep.",PRK,"Air transport, passengers carried",IS.AIR.PSGR,1991,222700.0
Portugal,PRT,"Air transport, passengers carried",IS.AIR.PSGR,1991,3571800.0
Paraguay,PRY,"Air transport, passengers carried",IS.AIR.PSGR,1991,308800.0
Pacific island small states,PSS,"Air transport, passengers carried",IS.AIR.PSGR,1991,661900.0
Post-demographic dividend,PST,"Air transport, passengers carried",IS.AIR.PSGR,1991,803342904.0
Qatar,QAT,"Air transport, passengers carried",IS.AIR.PSGR,1991,875500.0
Romania,ROU,"Air transport, passengers carried",IS.AIR.PSGR,1991,1148900.0
Russian Federation,RUS,"Air transport, passengers carried",IS.AIR.PSGR,1991,128760600.0
Rwanda,RWA,"Air transport, passengers carried",IS.AIR.PSGR,1991,10100.0
South Asia,SAS,"Air transport, passengers carried",IS.AIR.PSGR,1991,18692200.0
Saudi Arabia,SAU,"Air transport, passengers carried",IS.AIR.PSGR,1991,9409100.0
Sudan,SDN,"Air transport, passengers carried",IS.AIR.PSGR,1991,363200.0
Senegal,SEN,"Air transport, passengers carried",IS.AIR.PSGR,1991,138400.0
Singapore,SGP,"Air transport, passengers carried",IS.AIR.PSGR,1991,7745500.0
Solomon Islands,SLB,"Air transport, passengers carried",IS.AIR.PSGR,1991,69400.0
El Salvador,SLV,"Air transport, passengers carried",IS.AIR.PSGR,1991,577400.0
Somalia,SOM,"Air transport, passengers carried",IS.AIR.PSGR,1991,46100.0
Sub-Saharan Africa (excluding high income),SSA,"Air transport, passengers carried",IS.AIR.PSGR,1991,13966200.0
Sub-Saharan Africa,SSF,"Air transport, passengers carried",IS.AIR.PSGR,1991,14208800.0
Small states,SST,"Air transport, passengers carried",IS.AIR.PSGR,1991,7426600.0
Sao Tome and Principe,STP,"Air transport, passengers carried",IS.AIR.PSGR,1991,22300.0
Suriname,SUR,"Air transport, passengers carried",IS.AIR.PSGR,1991,150000.0
Sweden,SWE,"Air transport, passengers carried",IS.AIR.PSGR,1991,9826800.0
Eswatini,SWZ,"Air transport, passengers carried",IS.AIR.PSGR,1991,59300.0
Seychelles,SYC,"Air transport, passengers carried",IS.AIR.PSGR,1991,242600.0
Syrian Arab Republic,SYR,"Air transport, passengers carried",IS.AIR.PSGR,1991,661200.0
Chad,TCD,"Air transport, passengers carried",IS.AIR.PSGR,1991,83400.0
East Asia & Pacific (IDA & IBRD countries),TEA,"Air transport, passengers carried",IS.AIR.PSGR,1991,57726400.0
Togo,TGO,"Air transport, passengers carried",IS.AIR.PSGR,1991,66300.0
Thailand,THA,"Air transport, passengers carried",IS.AIR.PSGR,1991,7708600.0
Latin America & the Caribbean (IDA & IBRD countries),TLA,"Air transport, passengers carried",IS.AIR.PSGR,1991,62216000.0
Middle East & North Africa (IDA & IBRD countries),TMN,"Air transport, passengers carried",IS.AIR.PSGR,1991,18725100.0
Tonga,TON,"Air transport, passengers carried",IS.AIR.PSGR,1991,34600.0
South Asia (IDA & IBRD),TSA,"Air transport, passengers carried",IS.AIR.PSGR,1991,18692200.0
Sub-Saharan Africa (IDA & IBRD countries),TSS,"Air transport, passengers carried",IS.AIR.PSGR,1991,14208800.0
Trinidad and Tobago,TTO,"Air transport, passengers carried",IS.AIR.PSGR,1991,1345300.0
Tunisia,TUN,"Air transport, passengers carried",IS.AIR.PSGR,1991,1201200.0
Turkiye,TUR,"Air transport, passengers carried",IS.AIR.PSGR,1991,3160000.0
Tanzania,TZA,"Air transport, passengers carried",IS.AIR.PSGR,1991,289700.0
Uganda,UGA,"Air transport, passengers carried",IS.AIR.PSGR,1991,26300.0
Upper middle income,UMC,"Air transport, passengers carried",IS.AIR.PSGR,1991,121033000.0
Uruguay,URY,"Air transport, passengers carried",IS.AIR.PSGR,1991,318300.0
United States,USA,"Air transport, passengers carried",IS.AIR.PSGR,1991,452015904.0
"Venezuela, RB",VEN,"Air transport, passengers carried",IS.AIR.PSGR,1991,6795200.0
Viet Nam,VNM,"Air transport, passengers carried",IS.AIR.PSGR,1991,198000.0
Vanuatu,VUT,"Air transport, passengers carried",IS.AIR.PSGR,1991,53000.0
World,WLD,"Air transport, passengers carried",IS.AIR.PSGR,1991,1133228204.0
"Yemen, Rep.",YEM,"Air transport, passengers carried",IS.AIR.PSGR,1991,540500.0
South Africa,ZAF,"Air transport, passengers carried",IS.AIR.PSGR,1991,4818600.0
Zambia,ZMB,"Air transport, passengers carried",IS.AIR.PSGR,1991,292500.0
Zimbabwe,ZWE,"Air transport, passengers carried",IS.AIR.PSGR,1991,740200.0
Africa Eastern and Southern,AFE,"Air transport, passengers carried",IS.AIR.PSGR,1988,10931600.0
Afghanistan,AFG,"Air transport, passengers carried",IS.AIR.PSGR,1988,201000.0
Africa Western and Central,AFW,"Air transport, passengers carried",IS.AIR.PSGR,1988,3930700.0
Angola,AGO,"Air transport, passengers carried",IS.AIR.PSGR,1988,750000.0
Arab World,ARB,"Air transport, passengers carried",IS.AIR.PSGR,1988,30660000.0
United Arab Emirates,ARE,"Air transport, passengers carried",IS.AIR.PSGR,1988,1329500.0
Argentina,ARG,"Air transport, passengers carried",IS.AIR.PSGR,1988,5068800.0
Antigua and Barbuda,ATG,"Air transport, passengers carried",IS.AIR.PSGR,1988,700000.0
Australia,AUS,"Air transport, passengers carried",IS.AIR.PSGR,1988,18816300.0
Austria,AUT,"Air transport, passengers carried",IS.AIR.PSGR,1988,1964600.0
Burundi,BDI,"Air transport, passengers carried",IS.AIR.PSGR,1988,11200.0
Belgium,BEL,"Air transport, passengers carried",IS.AIR.PSGR,1988,2604600.0
Benin,BEN,"Air transport, passengers carried",IS.AIR.PSGR,1988,103700.0
Burkina Faso,BFA,"Air transport, passengers carried",IS.AIR.PSGR,1988,126200.0
Bangladesh,BGD,"Air transport, passengers carried",IS.AIR.PSGR,1988,1004900.0
Bulgaria,BGR,"Air transport, passengers carried",IS.AIR.PSGR,1988,2163600.0
Bahrain,BHR,"Air transport, passengers carried",IS.AIR.PSGR,1988,698400.0
"Bahamas, The",BHS,"Air transport, passengers carried",IS.AIR.PSGR,1988,1066000.0
Bolivia,BOL,"Air transport, passengers carried",IS.AIR.PSGR,1988,1266700.0
Brazil,BRA,"Air transport, passengers carried",IS.AIR.PSGR,1988,17010900.0
Barbados,BRB,"Air transport, passengers carried",IS.AIR.PSGR,1988,0.0
Brunei Darussalam,BRN,"Air transport, passengers carried",IS.AIR.PSGR,1988,279000.0
Bhutan,BTN,"Air transport, passengers carried",IS.AIR.PSGR,1988,8000.0
Botswana,BWA,"Air transport, passengers carried",IS.AIR.PSGR,1988,57700.0
Central African Republic,CAF,"Air transport, passengers carried",IS.AIR.PSGR,1988,123700.0
Canada,CAN,"Air transport, passengers carried",IS.AIR.PSGR,1988,22379400.0
Central Europe and the Baltics,CEB,"Air transport, passengers carried",IS.AIR.PSGR,1988,7416500.0
Switzerland,CHE,"Air transport, passengers carried",IS.AIR.PSGR,1988,7483500.0
Chile,CHL,"Air transport, passengers carried",IS.AIR.PSGR,1988,1144100.0
China,CHN,"Air transport, passengers carried",IS.AIR.PSGR,1988,17000000.0
Cote d'Ivoire,CIV,"Air transport, passengers carried",IS.AIR.PSGR,1988,190700.0
Cameroon,CMR,"Air transport, passengers carried",IS.AIR.PSGR,1988,582000.0
"Congo, Dem. Rep.",COD,"Air transport, passengers carried",IS.AIR.PSGR,1988,216200.0
"Congo, Rep.",COG,"Air transport, passengers carried",IS.AIR.PSGR,1988,219700.0
Colombia,COL,"Air transport, passengers carried",IS.AIR.PSGR,1988,5460000.0
Comoros,COM,"Air transport, passengers carried",IS.AIR.PSGR,1988,25900.0
Cabo Verde,CPV,"Air transport, passengers carried",IS.AIR.PSGR,1988,176200.0
Costa Rica,CRI,"Air transport, passengers carried",IS.AIR.PSGR,1988,400600.0
Caribbean small states,CSS,"Air transport, passengers carried",IS.AIR.PSGR,1988,2036200.0
Cuba,CUB,"Air transport, passengers carried",IS.AIR.PSGR,1988,963900.0
Cyprus,CYP,"Air transport, passengers carried",IS.AIR.PSGR,1988,696900.0
Czechia,CZE,"Air transport, passengers carried",IS.AIR.PSGR,1988,1153800.0
Germany,DEU,"Air transport, passengers carried",IS.AIR.PSGR,1988,17894900.0
Djibouti,DJI,"Air transport, passengers carried",IS.AIR.PSGR,1988,124900.0
Denmark,DNK,"Air transport, passengers carried",IS.AIR.PSGR,1988,4376700.0
Dominican Republic,DOM,"Air transport, passengers carried",IS.AIR.PSGR,1988,350500.0
Algeria,DZA,"Air transport, passengers carried",IS.AIR.PSGR,1988,3655000.0
East Asia & Pacific (excluding high income),EAP,"Air transport, passengers carried",IS.AIR.PSGR,1988,47778100.0
Early-demographic dividend,EAR,"Air transport, passengers carried",IS.AIR.PSGR,1988,106126700.0
East Asia & Pacific,EAS,"Air transport, passengers carried",IS.AIR.PSGR,1988,149927400.0
Ecuador,ECU,"Air transport, passengers carried",IS.AIR.PSGR,1988,683700.0
"Egypt, Arab Rep.",EGY,"Air transport, passengers carried",IS.AIR.PSGR,1988,3192100.0
Euro area,EMU,"Air transport, passengers carried",IS.AIR.PSGR,1988,114465600.0
Spain,ESP,"Air transport, passengers carried",IS.AIR.PSGR,1988,18983200.0
Ethiopia,ETH,"Air transport, passengers carried",IS.AIR.PSGR,1988,592600.0
European Union,EUU,"Air transport, passengers carried",IS.AIR.PSGR,1988,136470700.0
Fragile and conflict affected situations,FCS,"Air transport, passengers carried",IS.AIR.PSGR,1988,18809400.0
Finland,FIN,"Air transport, passengers carried",IS.AIR.PSGR,1988,4009900.0
Fiji,FJI,"Air transport, passengers carried",IS.AIR.PSGR,1988,382000.0
France,FRA,"Air transport, passengers carried",IS.AIR.PSGR,1988,30667300.0
Gabon,GAB,"Air transport, passengers carried",IS.AIR.PSGR,1988,382800.0
United Kingdom,GBR,"Air transport, passengers carried",IS.AIR.PSGR,1988,37573100.0
Ghana,GHA,"Air transport, passengers carried",IS.AIR.PSGR,1988,247800.0
Guinea,GIN,"Air transport, passengers carried",IS.AIR.PSGR,1988,26600.0
Guinea-Bissau,GNB,"Air transport, passengers carried",IS.AIR.PSGR,1988,20500.0
Equatorial Guinea,GNQ,"Air transport, passengers carried",IS.AIR.PSGR,1988,27600.0
Greece,GRC,"Air transport, passengers carried",IS.AIR.PSGR,1988,6659700.0
Guatemala,GTM,"Air transport, passengers carried",IS.AIR.PSGR,1988,98900.0
Guyana,GUY,"Air transport, passengers carried",IS.AIR.PSGR,1988,135200.0
High income,HIC,"Air transport, passengers carried",IS.AIR.PSGR,1988,791575312.0
Honduras,HND,"Air transport, passengers carried",IS.AIR.PSGR,1988,482300.0
Heavily indebted poor countries (HIPC),HPC,"Air transport, passengers carried",IS.AIR.PSGR,1988,7551600.0
Haiti,HTI,"Air transport, passengers carried",IS.AIR.PSGR,1988,0.0
Hungary,HUN,"Air transport, passengers carried",IS.AIR.PSGR,1988,1176400.0
IBRD only,IBD,"Air transport, passengers carried",IS.AIR.PSGR,1988,150979100.0
IDA & IBRD total,IBT,"Air transport, passengers carried",IS.AIR.PSGR,1988,170496100.0
IDA total,IDA,"Air transport, passengers carried",IS.AIR.PSGR,1988,19517000.0
IDA blend,IDB,"Air transport, passengers carried",IS.AIR.PSGR,1988,9423900.0
Indonesia,IDN,"Air transport, passengers carried",IS.AIR.PSGR,1988,8823700.0
IDA only,IDX,"Air transport, passengers carried",IS.AIR.PSGR,1988,10093100.0
India,IND,"Air transport, passengers carried",IS.AIR.PSGR,1988,12863100.0
Ireland,IRL,"Air transport, passengers carried",IS.AIR.PSGR,1988,3675600.0
"Iran, Islamic Rep.",IRN,"Air transport, passengers carried",IS.AIR.PSGR,1988,4486800.0
Iraq,IRQ,"Air transport, passengers carried",IS.AIR.PSGR,1988,1113000.0
Iceland,ISL,"Air transport, passengers carried",IS.AIR.PSGR,1988,844700.0
Israel,ISR,"Air transport, passengers carried",IS.AIR.PSGR,1988,1894600.0
Italy,ITA,"Air transport, passengers carried",IS.AIR.PSGR,1988,15649200.0
Jamaica,JAM,"Air transport, passengers carried",IS.AIR.PSGR,1988,1188700.0
Jordan,JOR,"Air transport, passengers carried",IS.AIR.PSGR,1988,1225900.0
Japan,JPN,"Air transport, passengers carried",IS.AIR.PSGR,1988,62087500.0
Kenya,KEN,"Air transport, passengers carried",IS.AIR.PSGR,1988,720900.0
Kiribati,KIR,"Air transport, passengers carried",IS.AIR.PSGR,1988,24000.0
"Korea, Rep.",KOR,"Air transport, passengers carried",IS.AIR.PSGR,1988,9826000.0
Kuwait,KWT,"Air transport, passengers carried",IS.AIR.PSGR,1988,1557300.0
Latin America & Caribbean (excluding high income),LAC,"Air transport, passengers carried",IS.AIR.PSGR,1988,48043000.0
Lao PDR,LAO,"Air transport, passengers carried",IS.AIR.PSGR,1988,47500.0
Lebanon,LBN,"Air transport, passengers carried",IS.AIR.PSGR,1988,493200.0
Liberia,LBR,"Air transport, passengers carried",IS.AIR.PSGR,1988,45700.0
Libya,LBY,"Air transport, passengers carried",IS.AIR.PSGR,1988,1581200.0
Latin America & Caribbean,LCN,"Air transport, passengers carried",IS.AIR.PSGR,1988,61535800.0
Least developed countries: UN classification,LDC,"Air transport, passengers carried",IS.AIR.PSGR,1988,8562800.0
Low income,LIC,"Air transport, passengers carried",IS.AIR.PSGR,1988,4291800.0
Sri Lanka,LKA,"Air transport, passengers carried",IS.AIR.PSGR,1988,694300.0
Lower middle income,LMC,"Air transport, passengers carried",IS.AIR.PSGR,1988,42926000.0
Low & middle income,LMY,"Air transport, passengers carried",IS.AIR.PSGR,1988,153936900.0
Lesotho,LSO,"Air transport, passengers carried",IS.AIR.PSGR,1988,63000.0
Late-demographic dividend,LTE,"Air transport, passengers carried",IS.AIR.PSGR,1988,76750800.0
Luxembourg,LUX,"Air transport, passengers carried",IS.AIR.PSGR,1988,293900.0
Morocco,MAR,"Air transport, passengers carried",IS.AIR.PSGR,1988,1267300.0
Monaco,MCO,"Air transport, passengers carried",IS.AIR.PSGR,1988,40000.0
Madagascar,MDG,"Air transport, passengers carried",IS.AIR.PSGR,1988,387000.0
Maldives,MDV,"Air transport, passengers carried",IS.AIR.PSGR,1988,8400.0
Middle East & North Africa,MEA,"Air transport, passengers carried",IS.AIR.PSGR,1988,36641600.0
Mexico,MEX,"Air transport, passengers carried",IS.AIR.PSGR,1988,11412300.0
Marshall Islands,MHL,"Air transport, passengers carried",IS.AIR.PSGR,1988,33800.0
Middle income,MIC,"Air transport, passengers carried",IS.AIR.PSGR,1988,149645100.0
Malta,MLT,"Air transport, passengers carried",IS.AIR.PSGR,1988,480600.0
Myanmar,MMR,"Air transport, passengers carried",IS.AIR.PSGR,1988,516000.0
Middle East & North Africa (excluding high income),MNA,"Air transport, passengers carried",IS.AIR.PSGR,1988,19326800.0
Mozambique,MOZ,"Air transport, passengers carried",IS.AIR.PSGR,1988,235000.0
Mauritania,MRT,"Air transport, passengers carried",IS.AIR.PSGR,1988,216100.0
Mauritius,MUS,"Air transport, passengers carried",IS.AIR.PSGR,1988,383700.0
Malawi,MWI,"Air transport, passengers carried",IS.AIR.PSGR,1988,115800.0
Malaysia,MYS,"Air transport, passengers carried",IS.AIR.PSGR,1988,7683600.0
North America,NAC,"Air transport, passengers carried",IS.AIR.PSGR,1988,476582312.0
Niger,NER,"Air transport, passengers carried",IS.AIR.PSGR,1988,111300.0
Nigeria,NGA,"Air transport, passengers carried",IS.AIR.PSGR,1988,995000.0
Nicaragua,NIC,"Air transport, passengers carried",IS.AIR.PSGR,1988,86500.0
Netherlands,NLD,"Air transport, passengers carried",IS.AIR.PSGR,1988,7860100.0
Norway,NOR,"Air transport, passengers carried",IS.AIR.PSGR,1988,8261000.0
Nepal,NPL,"Air transport, passengers carried",IS.AIR.PSGR,1988,987800.0
New Zealand,NZL,"Air transport, passengers carried",IS.AIR.PSGR,1988,5093600.0
OECD members,OED,"Air transport, passengers carried",IS.AIR.PSGR,1988,782184012.0
Oman,OMN,"Air transport, passengers carried",IS.AIR.PSGR,1988,776400.0
Other small states,OSS,"Air transport, passengers carried",IS.AIR.PSGR,1988,4023200.0
Pakistan,PAK,"Air transport, passengers carried",IS.AIR.PSGR,1988,4889400.0
Panama,PAN,"Air transport, passengers carried",IS.AIR.PSGR,1988,382000.0
Peru,PER,"Air transport, passengers carried",IS.AIR.PSGR,1988,2737100.0
Philippines,PHL,"Air transport, passengers carried",IS.AIR.PSGR,1988,5719500.0
Papua New Guinea,PNG,"Air transport, passengers carried",IS.AIR.PSGR,1988,886600.0
Poland,POL,"Air transport, passengers carried",IS.AIR.PSGR,1988,1600200.0
Pre-demographic dividend,PRE,"Air transport, passengers carried",IS.AIR.PSGR,1988,8313100.0
"Korea, Dem. People's Rep.",PRK,"Air transport, passengers carried",IS.AIR.PSGR,1988,217500.0
Portugal,PRT,"Air transport, passengers carried",IS.AIR.PSGR,1988,3025100.0
Paraguay,PRY,"Air transport, passengers carried",IS.AIR.PSGR,1988,248600.0
Pacific island small states,PSS,"Air transport, passengers carried",IS.AIR.PSGR,1988,560000.0
Post-demographic dividend,PST,"Air transport, passengers carried",IS.AIR.PSGR,1988,762609612.0
Qatar,QAT,"Air transport, passengers carried",IS.AIR.PSGR,1988,698400.0
Romania,ROU,"Air transport, passengers carried",IS.AIR.PSGR,1988,1322500.0
Rwanda,RWA,"Air transport, passengers carried",IS.AIR.PSGR,1988,11900.0
South Asia,SAS,"Air transport, passengers carried",IS.AIR.PSGR,1988,20656900.0
Saudi Arabia,SAU,"Air transport, passengers carried",IS.AIR.PSGR,1988,9879600.0
Sudan,SDN,"Air transport, passengers carried",IS.AIR.PSGR,1988,533700.0
Senegal,SEN,"Air transport, passengers carried",IS.AIR.PSGR,1988,135400.0
Singapore,SGP,"Air transport, passengers carried",IS.AIR.PSGR,1988,6046900.0
Solomon Islands,SLB,"Air transport, passengers carried",IS.AIR.PSGR,1988,68500.0
Sierra Leone,SLE,"Air transport, passengers carried",IS.AIR.PSGR,1988,43600.0
El Salvador,SLV,"Air transport, passengers carried",IS.AIR.PSGR,1988,448500.0
Somalia,SOM,"Air transport, passengers carried",IS.AIR.PSGR,1988,104700.0
Sub-Saharan Africa (excluding high income),SSA,"Air transport, passengers carried",IS.AIR.PSGR,1988,14634800.0
Sub-Saharan Africa,SSF,"Air transport, passengers carried",IS.AIR.PSGR,1988,14862300.0
Small states,SST,"Air transport, passengers carried",IS.AIR.PSGR,1988,6619400.0
Sao Tome and Principe,STP,"Air transport, passengers carried",IS.AIR.PSGR,1988,22000.0
Suriname,SUR,"Air transport, passengers carried",IS.AIR.PSGR,1988,135000.0
Sweden,SWE,"Air transport, passengers carried",IS.AIR.PSGR,1988,10211900.0
Eswatini,SWZ,"Air transport, passengers carried",IS.AIR.PSGR,1988,47000.0
Seychelles,SYC,"Air transport, passengers carried",IS.AIR.PSGR,1988,227500.0
Syrian Arab Republic,SYR,"Air transport, passengers carried",IS.AIR.PSGR,1988,341600.0
Chad,TCD,"Air transport, passengers carried",IS.AIR.PSGR,1988,86400.0
East Asia & Pacific (IDA & IBRD countries),TEA,"Air transport, passengers carried",IS.AIR.PSGR,1988,47560600.0
Togo,TGO,"Air transport, passengers carried",IS.AIR.PSGR,1988,69700.0
Thailand,THA,"Air transport, passengers carried",IS.AIR.PSGR,1988,6235900.0
Latin America & the Caribbean (IDA & IBRD countries),TLA,"Air transport, passengers carried",IS.AIR.PSGR,1988,59505900.0
Middle East & North Africa (IDA & IBRD countries),TMN,"Air transport, passengers carried",IS.AIR.PSGR,1988,19326800.0
Tonga,TON,"Air transport, passengers carried",IS.AIR.PSGR,1988,33200.0
South Asia (IDA & IBRD),TSA,"Air transport, passengers carried",IS.AIR.PSGR,1988,20656900.0
Sub-Saharan Africa (IDA & IBRD countries),TSS,"Air transport, passengers carried",IS.AIR.PSGR,1988,14862300.0
Trinidad and Tobago,TTO,"Air transport, passengers carried",IS.AIR.PSGR,1988,1296100.0
Tunisia,TUN,"Air transport, passengers carried",IS.AIR.PSGR,1988,1210300.0
Turkiye,TUR,"Air transport, passengers carried",IS.AIR.PSGR,1988,3497300.0
Tanzania,TZA,"Air transport, passengers carried",IS.AIR.PSGR,1988,410300.0
Uganda,UGA,"Air transport, passengers carried",IS.AIR.PSGR,1988,61000.0
Upper middle income,UMC,"Air transport, passengers carried",IS.AIR.PSGR,1988,106719100.0
Uruguay,URY,"Air transport, passengers carried",IS.AIR.PSGR,1988,385600.0
United States,USA,"Air transport, passengers carried",IS.AIR.PSGR,1988,454202912.0
"Venezuela, RB",VEN,"Air transport, passengers carried",IS.AIR.PSGR,1988,8383800.0
Viet Nam,VNM,"Air transport, passengers carried",IS.AIR.PSGR,1988,87800.0
Vanuatu,VUT,"Air transport, passengers carried",IS.AIR.PSGR,1988,18500.0
World,WLD,"Air transport, passengers carried",IS.AIR.PSGR,1988,953896012.0
"Yemen, Rep.",YEM,"Air transport, passengers carried",IS.AIR.PSGR,1988,635500.0
South Africa,ZAF,"Air transport, passengers carried",IS.AIR.PSGR,1988,5125900.0
Zambia,ZMB,"Air transport, passengers carried",IS.AIR.PSGR,1988,303500.0
Zimbabwe,ZWE,"Air transport, passengers carried",IS.AIR.PSGR,1988,525100.0
Africa Eastern and Southern,AFE,"Air transport, passengers carried",IS.AIR.PSGR,1989,11110800.0
Afghanistan,AFG,"Air transport, passengers carried",IS.AIR.PSGR,1989,220000.0
Africa Western and Central,AFW,"Air transport, passengers carried",IS.AIR.PSGR,1989,3602400.0
Angola,AGO,"Air transport, passengers carried",IS.AIR.PSGR,1989,509800.0
Arab World,ARB,"Air transport, passengers carried",IS.AIR.PSGR,1989,31525100.0
United Arab Emirates,ARE,"Air transport, passengers carried",IS.AIR.PSGR,1989,1481700.0
Argentina,ARG,"Air transport, passengers carried",IS.AIR.PSGR,1989,4748400.0
Antigua and Barbuda,ATG,"Air transport, passengers carried",IS.AIR.PSGR,1989,740000.0
Australia,AUS,"Air transport, passengers carried",IS.AIR.PSGR,1989,15114300.0
Austria,AUT,"Air transport, passengers carried",IS.AIR.PSGR,1989,2283800.0
Burundi,BDI,"Air transport, passengers carried",IS.AIR.PSGR,1989,7800.0
Belgium,BEL,"Air transport, passengers carried",IS.AIR.PSGR,1989,2812100.0
Benin,BEN,"Air transport, passengers carried",IS.AIR.PSGR,1989,74000.0
Burkina Faso,BFA,"Air transport, passengers carried",IS.AIR.PSGR,1989,131500.0
Bangladesh,BGD,"Air transport, passengers carried",IS.AIR.PSGR,1989,997400.0
Bulgaria,BGR,"Air transport, passengers carried",IS.AIR.PSGR,1989,1997700.0
Bahrain,BHR,"Air transport, passengers carried",IS.AIR.PSGR,1989,752800.0
"Bahamas, The",BHS,"Air transport, passengers carried",IS.AIR.PSGR,1989,1150000.0
Bolivia,BOL,"Air transport, passengers carried",IS.AIR.PSGR,1989,1272600.0
Brazil,BRA,"Air transport, passengers carried",IS.AIR.PSGR,1989,19410800.0
Barbados,BRB,"Air transport, passengers carried",IS.AIR.PSGR,1989,0.0
Brunei Darussalam,BRN,"Air transport, passengers carried",IS.AIR.PSGR,1989,300000.0
Bhutan,BTN,"Air transport, passengers carried",IS.AIR.PSGR,1989,8000.0
Botswana,BWA,"Air transport, passengers carried",IS.AIR.PSGR,1989,82100.0
Central African Republic,CAF,"Air transport, passengers carried",IS.AIR.PSGR,1989,128000.0
Canada,CAN,"Air transport, passengers carried",IS.AIR.PSGR,1989,21273800.0
Central Europe and the Baltics,CEB,"Air transport, passengers carried",IS.AIR.PSGR,1989,7661800.0
Switzerland,CHE,"Air transport, passengers carried",IS.AIR.PSGR,1989,8229500.0
Chile,CHL,"Air transport, passengers carried",IS.AIR.PSGR,1989,1263800.0
China,CHN,"Air transport, passengers carried",IS.AIR.PSGR,1989,11080000.0
Cote d'Ivoire,CIV,"Air transport, passengers carried",IS.AIR.PSGR,1989,218200.0
Cameroon,CMR,"Air transport, passengers carried",IS.AIR.PSGR,1989,403400.0
"Congo, Dem. Rep.",COD,"Air transport, passengers carried",IS.AIR.PSGR,1989,202600.0
"Congo, Rep.",COG,"Air transport, passengers carried",IS.AIR.PSGR,1989,233800.0
Colombia,COL,"Air transport, passengers carried",IS.AIR.PSGR,1989,5565100.0
Comoros,COM,"Air transport, passengers carried",IS.AIR.PSGR,1989,26000.0
Cabo Verde,CPV,"Air transport, passengers carried",IS.AIR.PSGR,1989,176700.0
Costa Rica,CRI,"Air transport, passengers carried",IS.AIR.PSGR,1989,440800.0
Caribbean small states,CSS,"Air transport, passengers carried",IS.AIR.PSGR,1989,2165500.0
Cuba,CUB,"Air transport, passengers carried",IS.AIR.PSGR,1989,989800.0
Cyprus,CYP,"Air transport, passengers carried",IS.AIR.PSGR,1989,747700.0
Czechia,CZE,"Air transport, passengers carried",IS.AIR.PSGR,1989,1168800.0
Germany,DEU,"Air transport, passengers carried",IS.AIR.PSGR,1989,19056900.0
Djibouti,DJI,"Air transport, passengers carried",IS.AIR.PSGR,1989,130000.0
Denmark,DNK,"Air transport, passengers carried",IS.AIR.PSGR,1989,4720600.0
Dominican Republic,DOM,"Air transport, passengers carried",IS.AIR.PSGR,1989,479500.0
Algeria,DZA,"Air transport, passengers carried",IS.AIR.PSGR,1989,3862300.0
East Asia & Pacific (excluding high income),EAP,"Air transport, passengers carried",IS.AIR.PSGR,1989,44109000.0
Early-demographic dividend,EAR,"Air transport, passengers carried",IS.AIR.PSGR,1989,110458200.0
East Asia & Pacific,EAS,"Air transport, passengers carried",IS.AIR.PSGR,1989,154389196.0
Ecuador,ECU,"Air transport, passengers carried",IS.AIR.PSGR,1989,741800.0
"Egypt, Arab Rep.",EGY,"Air transport, passengers carried",IS.AIR.PSGR,1989,3418600.0
Euro area,EMU,"Air transport, passengers carried",IS.AIR.PSGR,1989,124135000.0
Spain,ESP,"Air transport, passengers carried",IS.AIR.PSGR,1989,20270300.0
Ethiopia,ETH,"Air transport, passengers carried",IS.AIR.PSGR,1989,650800.0
European Union,EUU,"Air transport, passengers carried",IS.AIR.PSGR,1989,147372400.0
Fragile and conflict affected situations,FCS,"Air transport, passengers carried",IS.AIR.PSGR,1989,19924600.0
Finland,FIN,"Air transport, passengers carried",IS.AIR.PSGR,1989,4299500.0
Fiji,FJI,"Air transport, passengers carried",IS.AIR.PSGR,1989,458800.0
France,FRA,"Air transport, passengers carried",IS.AIR.PSGR,1989,33975500.0
Gabon,GAB,"Air transport, passengers carried",IS.AIR.PSGR,1989,406700.0
United Kingdom,GBR,"Air transport, passengers carried",IS.AIR.PSGR,1989,46354400.0
Ghana,GHA,"Air transport, passengers carried",IS.AIR.PSGR,1989,231900.0
Guinea,GIN,"Air transport, passengers carried",IS.AIR.PSGR,1989,39700.0
Guinea-Bissau,GNB,"Air transport, passengers carried",IS.AIR.PSGR,1989,20500.0
Equatorial Guinea,GNQ,"Air transport, passengers carried",IS.AIR.PSGR,1989,14000.0
Greece,GRC,"Air transport, passengers carried",IS.AIR.PSGR,1989,6632000.0
Guatemala,GTM,"Air transport, passengers carried",IS.AIR.PSGR,1989,110200.0
Guyana,GUY,"Air transport, passengers carried",IS.AIR.PSGR,1989,143000.0
High income,HIC,"Air transport, passengers carried",IS.AIR.PSGR,1989,818790800.0
Honduras,HND,"Air transport, passengers carried",IS.AIR.PSGR,1989,573900.0
Heavily indebted poor countries (HIPC),HPC,"Air transport, passengers carried",IS.AIR.PSGR,1989,7301700.0
Haiti,HTI,"Air transport, passengers carried",IS.AIR.PSGR,1989,0.0
Hungary,HUN,"Air transport, passengers carried",IS.AIR.PSGR,1989,1316300.0
IBRD only,IBD,"Air transport, passengers carried",IS.AIR.PSGR,1989,153540600.0
IDA & IBRD total,IBT,"Air transport, passengers carried",IS.AIR.PSGR,1989,172706400.0
IDA total,IDA,"Air transport, passengers carried",IS.AIR.PSGR,1989,19165800.0
IDA blend,IDB,"Air transport, passengers carried",IS.AIR.PSGR,1989,9488600.0
Indonesia,IDN,"Air transport, passengers carried",IS.AIR.PSGR,1989,8983400.0
IDA only,IDX,"Air transport, passengers carried",IS.AIR.PSGR,1989,9677200.0
India,IND,"Air transport, passengers carried",IS.AIR.PSGR,1989,12740100.0
Ireland,IRL,"Air transport, passengers carried",IS.AIR.PSGR,1989,4376300.0
"Iran, Islamic Rep.",IRN,"Air transport, passengers carried",IS.AIR.PSGR,1989,4882600.0
Iraq,IRQ,"Air transport, passengers carried",IS.AIR.PSGR,1989,1160800.0
Iceland,ISL,"Air transport, passengers carried",IS.AIR.PSGR,1989,735900.0
Israel,ISR,"Air transport, passengers carried",IS.AIR.PSGR,1989,2118000.0
Italy,ITA,"Air transport, passengers carried",IS.AIR.PSGR,1989,17437700.0
Jamaica,JAM,"Air transport, passengers carried",IS.AIR.PSGR,1989,1210800.0
Jordan,JOR,"Air transport, passengers carried",IS.AIR.PSGR,1989,1204000.0
Japan,JPN,"Air transport, passengers carried",IS.AIR.PSGR,1989,69321696.0
Kenya,KEN,"Air transport, passengers carried",IS.AIR.PSGR,1989,760500.0
Kiribati,KIR,"Air transport, passengers carried",IS.AIR.PSGR,1989,24900.0
"Korea, Rep.",KOR,"Air transport, passengers carried",IS.AIR.PSGR,1989,13160800.0
Kuwait,KWT,"Air transport, passengers carried",IS.AIR.PSGR,1989,1640600.0
Latin America & Caribbean (excluding high income),LAC,"Air transport, passengers carried",IS.AIR.PSGR,1989,51219100.0
Lao PDR,LAO,"Air transport, passengers carried",IS.AIR.PSGR,1989,49600.0
Lebanon,LBN,"Air transport, passengers carried",IS.AIR.PSGR,1989,182600.0
Liberia,LBR,"Air transport, passengers carried",IS.AIR.PSGR,1989,46300.0
Libya,LBY,"Air transport, passengers carried",IS.AIR.PSGR,1989,1617000.0
Latin America & Caribbean,LCN,"Air transport, passengers carried",IS.AIR.PSGR,1989,66610700.0
Least developed countries: UN classification,LDC,"Air transport, passengers carried",IS.AIR.PSGR,1989,7604700.0
Low income,LIC,"Air transport, passengers carried",IS.AIR.PSGR,1989,4305700.0
Sri Lanka,LKA,"Air transport, passengers carried",IS.AIR.PSGR,1989,744500.0
Lower middle income,LMC,"Air transport, passengers carried",IS.AIR.PSGR,1989,42207400.0
Low & middle income,LMY,"Air transport, passengers carried",IS.AIR.PSGR,1989,154319200.0
Lesotho,LSO,"Air transport, passengers carried",IS.AIR.PSGR,1989,53300.0
Late-demographic dividend,LTE,"Air transport, passengers carried",IS.AIR.PSGR,1989,76969300.0
Luxembourg,LUX,"Air transport, passengers carried",IS.AIR.PSGR,1989,296000.0
Morocco,MAR,"Air transport, passengers carried",IS.AIR.PSGR,1989,1360800.0
Monaco,MCO,"Air transport, passengers carried",IS.AIR.PSGR,1989,42500.0
Madagascar,MDG,"Air transport, passengers carried",IS.AIR.PSGR,1989,342400.0
Maldives,MDV,"Air transport, passengers carried",IS.AIR.PSGR,1989,8400.0
Middle East & North Africa,MEA,"Air transport, passengers carried",IS.AIR.PSGR,1989,38333400.0
Mexico,MEX,"Air transport, passengers carried",IS.AIR.PSGR,1989,12689000.0
Marshall Islands,MHL,"Air transport, passengers carried",IS.AIR.PSGR,1989,36300.0
Middle income,MIC,"Air transport, passengers carried",IS.AIR.PSGR,1989,150013500.0
Malta,MLT,"Air transport, passengers carried",IS.AIR.PSGR,1989,506500.0
Myanmar,MMR,"Air transport, passengers carried",IS.AIR.PSGR,1989,308000.0
Middle East & North Africa (excluding high income),MNA,"Air transport, passengers carried",IS.AIR.PSGR,1989,20258200.0
Mozambique,MOZ,"Air transport, passengers carried",IS.AIR.PSGR,1989,242900.0
Mauritania,MRT,"Air transport, passengers carried",IS.AIR.PSGR,1989,220400.0
Mauritius,MUS,"Air transport, passengers carried",IS.AIR.PSGR,1989,423800.0
Malawi,MWI,"Air transport, passengers carried",IS.AIR.PSGR,1989,121200.0
Malaysia,MYS,"Air transport, passengers carried",IS.AIR.PSGR,1989,8694600.0
North America,NAC,"Air transport, passengers carried",IS.AIR.PSGR,1989,474435304.0
Niger,NER,"Air transport, passengers carried",IS.AIR.PSGR,1989,74000.0
Nigeria,NGA,"Air transport, passengers carried",IS.AIR.PSGR,1989,848900.0
Nicaragua,NIC,"Air transport, passengers carried",IS.AIR.PSGR,1989,109500.0
Netherlands,NLD,"Air transport, passengers carried",IS.AIR.PSGR,1989,8253400.0
Norway,NOR,"Air transport, passengers carried",IS.AIR.PSGR,1989,8300000.0
Nepal,NPL,"Air transport, passengers carried",IS.AIR.PSGR,1989,679100.0
New Zealand,NZL,"Air transport, passengers carried",IS.AIR.PSGR,1989,5723500.0
OECD members,OED,"Air transport, passengers carried",IS.AIR.PSGR,1989,810093200.0
Oman,OMN,"Air transport, passengers carried",IS.AIR.PSGR,1989,834800.0
Other small states,OSS,"Air transport, passengers carried",IS.AIR.PSGR,1989,4067900.0
Pakistan,PAK,"Air transport, passengers carried",IS.AIR.PSGR,1989,5009000.0
Panama,PAN,"Air transport, passengers carried",IS.AIR.PSGR,1989,372500.0
Peru,PER,"Air transport, passengers carried",IS.AIR.PSGR,1989,1854300.0
Philippines,PHL,"Air transport, passengers carried",IS.AIR.PSGR,1989,5715200.0
Papua New Guinea,PNG,"Air transport, passengers carried",IS.AIR.PSGR,1989,963400.0
Poland,POL,"Air transport, passengers carried",IS.AIR.PSGR,1989,1907300.0
Pre-demographic dividend,PRE,"Air transport, passengers carried",IS.AIR.PSGR,1989,7581600.0
"Korea, Dem. People's Rep.",PRK,"Air transport, passengers carried",IS.AIR.PSGR,1989,220400.0
Portugal,PRT,"Air transport, passengers carried",IS.AIR.PSGR,1989,3187300.0
Paraguay,PRY,"Air transport, passengers carried",IS.AIR.PSGR,1989,272300.0
Pacific island small states,PSS,"Air transport, passengers carried",IS.AIR.PSGR,1989,641700.0
Post-demographic dividend,PST,"Air transport, passengers carried",IS.AIR.PSGR,1989,788098600.0
Qatar,QAT,"Air transport, passengers carried",IS.AIR.PSGR,1989,752800.0
Romania,ROU,"Air transport, passengers carried",IS.AIR.PSGR,1989,1271700.0
Rwanda,RWA,"Air transport, passengers carried",IS.AIR.PSGR,1989,10100.0
South Asia,SAS,"Air transport, passengers carried",IS.AIR.PSGR,1989,20406500.0
Saudi Arabia,SAU,"Air transport, passengers carried",IS.AIR.PSGR,1989,9988000.0
Sudan,SDN,"Air transport, passengers carried",IS.AIR.PSGR,1989,363200.0
Senegal,SEN,"Air transport, passengers carried",IS.AIR.PSGR,1989,139700.0
Singapore,SGP,"Air transport, passengers carried",IS.AIR.PSGR,1989,6659900.0
Solomon Islands,SLB,"Air transport, passengers carried",IS.AIR.PSGR,1989,69300.0
Sierra Leone,SLE,"Air transport, passengers carried",IS.AIR.PSGR,1989,29600.0
El Salvador,SLV,"Air transport, passengers carried",IS.AIR.PSGR,1989,617800.0
Somalia,SOM,"Air transport, passengers carried",IS.AIR.PSGR,1989,89200.0
Sub-Saharan Africa (excluding high income),SSA,"Air transport, passengers carried",IS.AIR.PSGR,1989,14534100.0
Sub-Saharan Africa,SSF,"Air transport, passengers carried",IS.AIR.PSGR,1989,14713200.0
Small states,SST,"Air transport, passengers carried",IS.AIR.PSGR,1989,6875100.0
Sao Tome and Principe,STP,"Air transport, passengers carried",IS.AIR.PSGR,1989,22300.0
Suriname,SUR,"Air transport, passengers carried",IS.AIR.PSGR,1989,132500.0
Sweden,SWE,"Air transport, passengers carried",IS.AIR.PSGR,1989,10855000.0
Eswatini,SWZ,"Air transport, passengers carried",IS.AIR.PSGR,1989,50700.0
Seychelles,SYC,"Air transport, passengers carried",IS.AIR.PSGR,1989,179100.0
Syrian Arab Republic,SYR,"Air transport, passengers carried",IS.AIR.PSGR,1989,456200.0
Chad,TCD,"Air transport, passengers carried",IS.AIR.PSGR,1989,91100.0
East Asia & Pacific (IDA & IBRD countries),TEA,"Air transport, passengers carried",IS.AIR.PSGR,1989,43888600.0
Togo,TGO,"Air transport, passengers carried",IS.AIR.PSGR,1989,74000.0
Thailand,THA,"Air transport, passengers carried",IS.AIR.PSGR,1989,7364500.0
Latin America & the Caribbean (IDA & IBRD countries),TLA,"Air transport, passengers carried",IS.AIR.PSGR,1989,64470900.0
Middle East & North Africa (IDA & IBRD countries),TMN,"Air transport, passengers carried",IS.AIR.PSGR,1989,20258200.0
Tonga,TON,"Air transport, passengers carried",IS.AIR.PSGR,1989,33900.0
South Asia (IDA & IBRD),TSA,"Air transport, passengers carried",IS.AIR.PSGR,1989,20406500.0
Sub-Saharan Africa (IDA & IBRD countries),TSS,"Air transport, passengers carried",IS.AIR.PSGR,1989,14713200.0
Trinidad and Tobago,TTO,"Air transport, passengers carried",IS.AIR.PSGR,1989,1310400.0
Tunisia,TUN,"Air transport, passengers carried",IS.AIR.PSGR,1989,1315400.0
Turkiye,TUR,"Air transport, passengers carried",IS.AIR.PSGR,1989,3792300.0
Tanzania,TZA,"Air transport, passengers carried",IS.AIR.PSGR,1989,266800.0
Uganda,UGA,"Air transport, passengers carried",IS.AIR.PSGR,1989,116000.0
Upper middle income,UMC,"Air transport, passengers carried",IS.AIR.PSGR,1989,107806100.0
Uruguay,URY,"Air transport, passengers carried",IS.AIR.PSGR,1989,313100.0
United States,USA,"Air transport, passengers carried",IS.AIR.PSGR,1989,453161504.0
"Venezuela, RB",VEN,"Air transport, passengers carried",IS.AIR.PSGR,1989,10098800.0
Viet Nam,VNM,"Air transport, passengers carried",IS.AIR.PSGR,1989,88200.0
Vanuatu,VUT,"Air transport, passengers carried",IS.AIR.PSGR,1989,18500.0
World,WLD,"Air transport, passengers carried",IS.AIR.PSGR,1989,983208800.0
"Yemen, Rep.",YEM,"Air transport, passengers carried",IS.AIR.PSGR,1989,667900.0
South Africa,ZAF,"Air transport, passengers carried",IS.AIR.PSGR,1989,5641500.0
Zambia,ZMB,"Air transport, passengers carried",IS.AIR.PSGR,1989,365300.0
Zimbabwe,ZWE,"Air transport, passengers carried",IS.AIR.PSGR,1989,583400.0
Africa Eastern and Southern,AFE,"Air transport, passengers carried",IS.AIR.PSGR,1990,11257400.0
Afghanistan,AFG,"Air transport, passengers carried",IS.AIR.PSGR,1990,241400.0
Africa Western and Central,AFW,"Air transport, passengers carried",IS.AIR.PSGR,1990,3551000.0
Angola,AGO,"Air transport, passengers carried",IS.AIR.PSGR,1990,451500.0
Arab World,ARB,"Air transport, passengers carried",IS.AIR.PSGR,1990,31484000.0
United Arab Emirates,ARE,"Air transport, passengers carried",IS.AIR.PSGR,1990,1685900.0
Argentina,ARG,"Air transport, passengers carried",IS.AIR.PSGR,1990,5369100.0
Antigua and Barbuda,ATG,"Air transport, passengers carried",IS.AIR.PSGR,1990,755000.0
Australia,AUS,"Air transport, passengers carried",IS.AIR.PSGR,1990,17553400.0
Austria,AUT,"Air transport, passengers carried",IS.AIR.PSGR,1990,2532100.0
Burundi,BDI,"Air transport, passengers carried",IS.AIR.PSGR,1990,8300.0
Belgium,BEL,"Air transport, passengers carried",IS.AIR.PSGR,1990,3132700.0
Benin,BEN,"Air transport, passengers carried",IS.AIR.PSGR,1990,76300.0
Burkina Faso,BFA,"Air transport, passengers carried",IS.AIR.PSGR,1990,136600.0
Bangladesh,BGD,"Air transport, passengers carried",IS.AIR.PSGR,1990,1044100.0
Bulgaria,BGR,"Air transport, passengers carried",IS.AIR.PSGR,1990,1907000.0
Bahrain,BHR,"Air transport, passengers carried",IS.AIR.PSGR,1990,770900.0
"Bahamas, The",BHS,"Air transport, passengers carried",IS.AIR.PSGR,1990,1090000.0
Bolivia,BOL,"Air transport, passengers carried",IS.AIR.PSGR,1990,1237600.0
Brazil,BRA,"Air transport, passengers carried",IS.AIR.PSGR,1990,19149600.0
Barbados,BRB,"Air transport, passengers carried",IS.AIR.PSGR,1990,0.0
Brunei Darussalam,BRN,"Air transport, passengers carried",IS.AIR.PSGR,1990,307000.0
Bhutan,BTN,"Air transport, passengers carried",IS.AIR.PSGR,1990,8000.0
Botswana,BWA,"Air transport, passengers carried",IS.AIR.PSGR,1990,101300.0
Central African Republic,CAF,"Air transport, passengers carried",IS.AIR.PSGR,1990,130300.0
Canada,CAN,"Air transport, passengers carried",IS.AIR.PSGR,1990,20601400.0
Central Europe and the Baltics,CEB,"Air transport, passengers carried",IS.AIR.PSGR,1990,7188800.0
Switzerland,CHE,"Air transport, passengers carried",IS.AIR.PSGR,1990,8603400.0
Chile,CHL,"Air transport, passengers carried",IS.AIR.PSGR,1990,1363600.0
China,CHN,"Air transport, passengers carried",IS.AIR.PSGR,1990,16596100.0
Cote d'Ivoire,CIV,"Air transport, passengers carried",IS.AIR.PSGR,1990,200200.0
Cameroon,CMR,"Air transport, passengers carried",IS.AIR.PSGR,1990,284200.0
"Congo, Dem. Rep.",COD,"Air transport, passengers carried",IS.AIR.PSGR,1990,206700.0
"Congo, Rep.",COG,"Air transport, passengers carried",IS.AIR.PSGR,1990,238900.0
Colombia,COL,"Air transport, passengers carried",IS.AIR.PSGR,1990,5266700.0
Comoros,COM,"Air transport, passengers carried",IS.AIR.PSGR,1990,26000.0
Cabo Verde,CPV,"Air transport, passengers carried",IS.AIR.PSGR,1990,176900.0
Costa Rica,CRI,"Air transport, passengers carried",IS.AIR.PSGR,1990,467000.0
Caribbean small states,CSS,"Air transport, passengers carried",IS.AIR.PSGR,1990,2123200.0
Cuba,CUB,"Air transport, passengers carried",IS.AIR.PSGR,1990,1137500.0
Cyprus,CYP,"Air transport, passengers carried",IS.AIR.PSGR,1990,813700.0
Czechia,CZE,"Air transport, passengers carried",IS.AIR.PSGR,1990,1095700.0
Germany,DEU,"Air transport, passengers carried",IS.AIR.PSGR,1990,22146900.0
Djibouti,DJI,"Air transport, passengers carried",IS.AIR.PSGR,1990,130500.0
Denmark,DNK,"Air transport, passengers carried",IS.AIR.PSGR,1990,4840300.0
Dominican Republic,DOM,"Air transport, passengers carried",IS.AIR.PSGR,1990,718000.0
Algeria,DZA,"Air transport, passengers carried",IS.AIR.PSGR,1990,3748000.0
East Asia & Pacific (excluding high income),EAP,"Air transport, passengers carried",IS.AIR.PSGR,1990,52224800.0
Early-demographic dividend,EAR,"Air transport, passengers carried",IS.AIR.PSGR,1990,109133700.0
East Asia & Pacific,EAS,"Air transport, passengers carried",IS.AIR.PSGR,1990,174905500.0
Ecuador,ECU,"Air transport, passengers carried",IS.AIR.PSGR,1990,762500.0
"Egypt, Arab Rep.",EGY,"Air transport, passengers carried",IS.AIR.PSGR,1990,3239200.0
Euro area,EMU,"Air transport, passengers carried",IS.AIR.PSGR,1990,134459400.0
Spain,ESP,"Air transport, passengers carried",IS.AIR.PSGR,1990,21652000.0
Ethiopia,ETH,"Air transport, passengers carried",IS.AIR.PSGR,1990,620300.0
European Union,EUU,"Air transport, passengers carried",IS.AIR.PSGR,1990,157891000.0
Fragile and conflict affected situations,FCS,"Air transport, passengers carried",IS.AIR.PSGR,1990,17110900.0
Finland,FIN,"Air transport, passengers carried",IS.AIR.PSGR,1990,4450200.0
Fiji,FJI,"Air transport, passengers carried",IS.AIR.PSGR,1990,433400.0
France,FRA,"Air transport, passengers carried",IS.AIR.PSGR,1990,35963900.0
Gabon,GAB,"Air transport, passengers carried",IS.AIR.PSGR,1990,398300.0
United Kingdom,GBR,"Air transport, passengers carried",IS.AIR.PSGR,1990,47113600.0
Ghana,GHA,"Air transport, passengers carried",IS.AIR.PSGR,1990,188100.0
Guinea,GIN,"Air transport, passengers carried",IS.AIR.PSGR,1990,41300.0
Guinea-Bissau,GNB,"Air transport, passengers carried",IS.AIR.PSGR,1990,20500.0
Equatorial Guinea,GNQ,"Air transport, passengers carried",IS.AIR.PSGR,1990,14000.0
Greece,GRC,"Air transport, passengers carried",IS.AIR.PSGR,1990,6134600.0
Guatemala,GTM,"Air transport, passengers carried",IS.AIR.PSGR,1990,156000.0
Guyana,GUY,"Air transport, passengers carried",IS.AIR.PSGR,1990,145700.0
High income,HIC,"Air transport, passengers carried",IS.AIR.PSGR,1990,854022516.0
Honduras,HND,"Air transport, passengers carried",IS.AIR.PSGR,1990,609700.0
Heavily indebted poor countries (HIPC),HPC,"Air transport, passengers carried",IS.AIR.PSGR,1990,7434000.0
Haiti,HTI,"Air transport, passengers carried",IS.AIR.PSGR,1990,0.0
Hungary,HUN,"Air transport, passengers carried",IS.AIR.PSGR,1990,1363100.0
IBRD only,IBD,"Air transport, passengers carried",IS.AIR.PSGR,1990,158617700.0
IDA & IBRD total,IBT,"Air transport, passengers carried",IS.AIR.PSGR,1990,178700100.0
IDA total,IDA,"Air transport, passengers carried",IS.AIR.PSGR,1990,20082400.0
IDA blend,IDB,"Air transport, passengers carried",IS.AIR.PSGR,1990,9658200.0
Indonesia,IDN,"Air transport, passengers carried",IS.AIR.PSGR,1990,9223100.0
IDA only,IDX,"Air transport, passengers carried",IS.AIR.PSGR,1990,10424200.0
India,IND,"Air transport, passengers carried",IS.AIR.PSGR,1990,10862200.0
Ireland,IRL,"Air transport, passengers carried",IS.AIR.PSGR,1990,4812300.0
"Iran, Islamic Rep.",IRN,"Air transport, passengers carried",IS.AIR.PSGR,1990,5632600.0
Iraq,IRQ,"Air transport, passengers carried",IS.AIR.PSGR,1990,701600.0
Iceland,ISL,"Air transport, passengers carried",IS.AIR.PSGR,1990,759500.0
Israel,ISR,"Air transport, passengers carried",IS.AIR.PSGR,1990,2004000.0
Italy,ITA,"Air transport, passengers carried",IS.AIR.PSGR,1990,19750000.0
Jamaica,JAM,"Air transport, passengers carried",IS.AIR.PSGR,1990,1003600.0
Jordan,JOR,"Air transport, passengers carried",IS.AIR.PSGR,1990,963900.0
Japan,JPN,"Air transport, passengers carried",IS.AIR.PSGR,1990,76223800.0
Kenya,KEN,"Air transport, passengers carried",IS.AIR.PSGR,1990,794400.0
Kiribati,KIR,"Air transport, passengers carried",IS.AIR.PSGR,1990,24900.0
"Korea, Rep.",KOR,"Air transport, passengers carried",IS.AIR.PSGR,1990,15684500.0
Kuwait,KWT,"Air transport, passengers carried",IS.AIR.PSGR,1990,965600.0
Latin America & Caribbean (excluding high income),LAC,"Air transport, passengers carried",IS.AIR.PSGR,1990,53094800.0
Lao PDR,LAO,"Air transport, passengers carried",IS.AIR.PSGR,1990,115400.0
Lebanon,LBN,"Air transport, passengers carried",IS.AIR.PSGR,1990,572300.0
Liberia,LBR,"Air transport, passengers carried",IS.AIR.PSGR,1990,33700.0
Libya,LBY,"Air transport, passengers carried",IS.AIR.PSGR,1990,1803000.0
Latin America & Caribbean,LCN,"Air transport, passengers carried",IS.AIR.PSGR,1990,65165400.0
Least developed countries: UN classification,LDC,"Air transport, passengers carried",IS.AIR.PSGR,1990,7960400.0
Low income,LIC,"Air transport, passengers carried",IS.AIR.PSGR,1990,4670900.0
Sri Lanka,LKA,"Air transport, passengers carried",IS.AIR.PSGR,1990,891800.0
Lower middle income,LMC,"Air transport, passengers carried",IS.AIR.PSGR,1990,40892100.0
Low & middle income,LMY,"Air transport, passengers carried",IS.AIR.PSGR,1990,164107300.0
Lesotho,LSO,"Air transport, passengers carried",IS.AIR.PSGR,1990,56000.0
Late-demographic dividend,LTE,"Air transport, passengers carried",IS.AIR.PSGR,1990,84784000.0
Luxembourg,LUX,"Air transport, passengers carried",IS.AIR.PSGR,1990,409300.0
Morocco,MAR,"Air transport, passengers carried",IS.AIR.PSGR,1990,1580000.0
Monaco,MCO,"Air transport, passengers carried",IS.AIR.PSGR,1990,42500.0
Madagascar,MDG,"Air transport, passengers carried",IS.AIR.PSGR,1990,424200.0
Maldives,MDV,"Air transport, passengers carried",IS.AIR.PSGR,1990,9400.0
Middle East & North Africa,MEA,"Air transport, passengers carried",IS.AIR.PSGR,1990,38928000.0
Mexico,MEX,"Air transport, passengers carried",IS.AIR.PSGR,1990,14341300.0
Marshall Islands,MHL,"Air transport, passengers carried",IS.AIR.PSGR,1990,66400.0
Middle income,MIC,"Air transport, passengers carried",IS.AIR.PSGR,1990,159436400.0
Malta,MLT,"Air transport, passengers carried",IS.AIR.PSGR,1990,597800.0
Myanmar,MMR,"Air transport, passengers carried",IS.AIR.PSGR,1990,318500.0
Middle East & North Africa (excluding high income),MNA,"Air transport, passengers carried",IS.AIR.PSGR,1990,20968500.0
Mozambique,MOZ,"Air transport, passengers carried",IS.AIR.PSGR,1990,279500.0
Mauritania,MRT,"Air transport, passengers carried",IS.AIR.PSGR,1990,222700.0
Mauritius,MUS,"Air transport, passengers carried",IS.AIR.PSGR,1990,519700.0
Malawi,MWI,"Air transport, passengers carried",IS.AIR.PSGR,1990,120300.0
Malaysia,MYS,"Air transport, passengers carried",IS.AIR.PSGR,1990,10241500.0
North America,NAC,"Air transport, passengers carried",IS.AIR.PSGR,1990,485175416.0
Niger,NER,"Air transport, passengers carried",IS.AIR.PSGR,1990,76300.0
Nigeria,NGA,"Air transport, passengers carried",IS.AIR.PSGR,1990,964800.0
Nicaragua,NIC,"Air transport, passengers carried",IS.AIR.PSGR,1990,129600.0
Netherlands,NLD,"Air transport, passengers carried",IS.AIR.PSGR,1990,8559400.0
Norway,NOR,"Air transport, passengers carried",IS.AIR.PSGR,1990,8928500.0
Nepal,NPL,"Air transport, passengers carried",IS.AIR.PSGR,1990,679000.0
New Zealand,NZL,"Air transport, passengers carried",IS.AIR.PSGR,1990,5865600.0
OECD members,OED,"Air transport, passengers carried",IS.AIR.PSGR,1990,846937916.0
Oman,OMN,"Air transport, passengers carried",IS.AIR.PSGR,1990,852900.0
Other small states,OSS,"Air transport, passengers carried",IS.AIR.PSGR,1990,4437000.0
Pakistan,PAK,"Air transport, passengers carried",IS.AIR.PSGR,1990,5180200.0
Panama,PAN,"Air transport, passengers carried",IS.AIR.PSGR,1990,265800.0
Peru,PER,"Air transport, passengers carried",IS.AIR.PSGR,1990,1816200.0
Philippines,PHL,"Air transport, passengers carried",IS.AIR.PSGR,1990,5638700.0
Papua New Guinea,PNG,"Air transport, passengers carried",IS.AIR.PSGR,1990,931200.0
Poland,POL,"Air transport, passengers carried",IS.AIR.PSGR,1990,1501000.0
Pre-demographic dividend,PRE,"Air transport, passengers carried",IS.AIR.PSGR,1990,7398600.0
"Korea, Dem. People's Rep.",PRK,"Air transport, passengers carried",IS.AIR.PSGR,1990,222700.0
Portugal,PRT,"Air transport, passengers carried",IS.AIR.PSGR,1990,3504500.0
Paraguay,PRY,"Air transport, passengers carried",IS.AIR.PSGR,1990,273000.0
Pacific island small states,PSS,"Air transport, passengers carried",IS.AIR.PSGR,1990,647200.0
Post-demographic dividend,PST,"Air transport, passengers carried",IS.AIR.PSGR,1990,823529116.0
Qatar,QAT,"Air transport, passengers carried",IS.AIR.PSGR,1990,770900.0
Romania,ROU,"Air transport, passengers carried",IS.AIR.PSGR,1990,1322000.0
Rwanda,RWA,"Air transport, passengers carried",IS.AIR.PSGR,1990,8400.0
South Asia,SAS,"Air transport, passengers carried",IS.AIR.PSGR,1990,18916100.0
Saudi Arabia,SAU,"Air transport, passengers carried",IS.AIR.PSGR,1990,10311500.0
Sudan,SDN,"Air transport, passengers carried",IS.AIR.PSGR,1990,454100.0
Senegal,SEN,"Air transport, passengers carried",IS.AIR.PSGR,1990,148300.0
Singapore,SGP,"Air transport, passengers carried",IS.AIR.PSGR,1990,7046400.0
Solomon Islands,SLB,"Air transport, passengers carried",IS.AIR.PSGR,1990,69400.0
Sierra Leone,SLE,"Air transport, passengers carried",IS.AIR.PSGR,1990,30000.0
El Salvador,SLV,"Air transport, passengers carried",IS.AIR.PSGR,1990,524900.0
Somalia,SOM,"Air transport, passengers carried",IS.AIR.PSGR,1990,87600.0
Sub-Saharan Africa (excluding high income),SSA,"Air transport, passengers carried",IS.AIR.PSGR,1990,14566000.0
Sub-Saharan Africa,SSF,"Air transport, passengers carried",IS.AIR.PSGR,1990,14808400.0
Small states,SST,"Air transport, passengers carried",IS.AIR.PSGR,1990,7207400.0
Sao Tome and Principe,STP,"Air transport, passengers carried",IS.AIR.PSGR,1990,22300.0
Suriname,SUR,"Air transport, passengers carried",IS.AIR.PSGR,1990,132500.0
Sweden,SWE,"Air transport, passengers carried",IS.AIR.PSGR,1990,11402500.0
Eswatini,SWZ,"Air transport, passengers carried",IS.AIR.PSGR,1990,52900.0
Seychelles,SYC,"Air transport, passengers carried",IS.AIR.PSGR,1990,242400.0
Syrian Arab Republic,SYR,"Air transport, passengers carried",IS.AIR.PSGR,1990,613300.0
Chad,TCD,"Air transport, passengers carried",IS.AIR.PSGR,1990,93300.0
East Asia & Pacific (IDA & IBRD countries),TEA,"Air transport, passengers carried",IS.AIR.PSGR,1990,52002100.0
Togo,TGO,"Air transport, passengers carried",IS.AIR.PSGR,1990,76300.0
Thailand,THA,"Air transport, passengers carried",IS.AIR.PSGR,1990,8201400.0
Latin America & the Caribbean (IDA & IBRD countries),TLA,"Air transport, passengers carried",IS.AIR.PSGR,1990,62937900.0
Middle East & North Africa (IDA & IBRD countries),TMN,"Air transport, passengers carried",IS.AIR.PSGR,1990,20968500.0
Tonga,TON,"Air transport, passengers carried",IS.AIR.PSGR,1990,34600.0
South Asia (IDA & IBRD),TSA,"Air transport, passengers carried",IS.AIR.PSGR,1990,18916100.0
Sub-Saharan Africa (IDA & IBRD countries),TSS,"Air transport, passengers carried",IS.AIR.PSGR,1990,14808400.0
Trinidad and Tobago,TTO,"Air transport, passengers carried",IS.AIR.PSGR,1990,1285400.0
Tunisia,TUN,"Air transport, passengers carried",IS.AIR.PSGR,1990,1313000.0
Turkiye,TUR,"Air transport, passengers carried",IS.AIR.PSGR,1990,4337100.0
Tanzania,TZA,"Air transport, passengers carried",IS.AIR.PSGR,1990,292100.0
Uganda,UGA,"Air transport, passengers carried",IS.AIR.PSGR,1990,116000.0
Upper middle income,UMC,"Air transport, passengers carried",IS.AIR.PSGR,1990,118544300.0
Uruguay,URY,"Air transport, passengers carried",IS.AIR.PSGR,1990,318300.0
United States,USA,"Air transport, passengers carried",IS.AIR.PSGR,1990,464574016.0
"Venezuela, RB",VEN,"Air transport, passengers carried",IS.AIR.PSGR,1990,6846800.0
Viet Nam,VNM,"Air transport, passengers carried",IS.AIR.PSGR,1990,89000.0
Vanuatu,VUT,"Air transport, passengers carried",IS.AIR.PSGR,1990,18500.0
World,WLD,"Air transport, passengers carried",IS.AIR.PSGR,1990,1024976616.0
"Yemen, Rep.",YEM,"Air transport, passengers carried",IS.AIR.PSGR,1990,671100.0
South Africa,ZAF,"Air transport, passengers carried",IS.AIR.PSGR,1990,5364900.0
Zambia,ZMB,"Air transport, passengers carried",IS.AIR.PSGR,1990,407200.0
Zimbabwe,ZWE,"Air transport, passengers carried",IS.AIR.PSGR,1990,601300.0
Africa Eastern and Southern,AFE,"Air transport, passengers carried",IS.AIR.PSGR,2003,15802323.0
Africa Western and Central,AFW,"Air transport, passengers carried",IS.AIR.PSGR,2003,2081206.0
Angola,AGO,"Air transport, passengers carried",IS.AIR.PSGR,2003,198253.0
Albania,ALB,"Air transport, passengers carried",IS.AIR.PSGR,2003,158888.0
Arab World,ARB,"Air transport, passengers carried",IS.AIR.PSGR,2003,52465002.0
United Arab Emirates,ARE,"Air transport, passengers carried",IS.AIR.PSGR,2003,11609840.0
Argentina,ARG,"Air transport, passengers carried",IS.AIR.PSGR,2003,6036360.0
Armenia,ARM,"Air transport, passengers carried",IS.AIR.PSGR,2003,366581.0
Antigua and Barbuda,ATG,"Air transport, passengers carried",IS.AIR.PSGR,2003,1428487.0
Australia,AUS,"Air transport, passengers carried",IS.AIR.PSGR,2003,41386432.0
Austria,AUT,"Air transport, passengers carried",IS.AIR.PSGR,2003,6902780.0
Azerbaijan,AZE,"Air transport, passengers carried",IS.AIR.PSGR,2003,683700.0
Belgium,BEL,"Air transport, passengers carried",IS.AIR.PSGR,2003,2904114.0
Burkina Faso,BFA,"Air transport, passengers carried",IS.AIR.PSGR,2003,54475.0
Bangladesh,BGD,"Air transport, passengers carried",IS.AIR.PSGR,2003,1587606.0
Bulgaria,BGR,"Air transport, passengers carried",IS.AIR.PSGR,2003,310952.0
Bahrain,BHR,"Air transport, passengers carried",IS.AIR.PSGR,2003,1850491.0
"Bahamas, The",BHS,"Air transport, passengers carried",IS.AIR.PSGR,2003,1601347.0
Bosnia and Herzegovina,BIH,"Air transport, passengers carried",IS.AIR.PSGR,2003,72864.0
Belarus,BLR,"Air transport, passengers carried",IS.AIR.PSGR,2003,234273.0
Bolivia,BOL,"Air transport, passengers carried",IS.AIR.PSGR,2003,1770774.0
Brazil,BRA,"Air transport, passengers carried",IS.AIR.PSGR,2003,32372040.0
Brunei Darussalam,BRN,"Air transport, passengers carried",IS.AIR.PSGR,2003,956133.0
Bhutan,BTN,"Air transport, passengers carried",IS.AIR.PSGR,2003,36365.0
Botswana,BWA,"Air transport, passengers carried",IS.AIR.PSGR,2003,188842.0
Canada,CAN,"Air transport, passengers carried",IS.AIR.PSGR,2003,35884417.0
Central Europe and the Baltics,CEB,"Air transport, passengers carried",IS.AIR.PSGR,2003,14065887.0
Switzerland,CHE,"Air transport, passengers carried",IS.AIR.PSGR,2003,10118096.0
Chile,CHL,"Air transport, passengers carried",IS.AIR.PSGR,2003,5246787.0
China,CHN,"Air transport, passengers carried",IS.AIR.PSGR,2003,86040642.0
Cameroon,CMR,"Air transport, passengers carried",IS.AIR.PSGR,2003,315100.0
"Congo, Rep.",COG,"Air transport, passengers carried",IS.AIR.PSGR,2003,52268.0
Colombia,COL,"Air transport, passengers carried",IS.AIR.PSGR,2003,9142585.0
Cabo Verde,CPV,"Air transport, passengers carried",IS.AIR.PSGR,2003,252751.0
Costa Rica,CRI,"Air transport, passengers carried",IS.AIR.PSGR,2003,749885.0
Cuba,CUB,"Air transport, passengers carried",IS.AIR.PSGR,2003,610957.0
Cyprus,CYP,"Air transport, passengers carried",IS.AIR.PSGR,2003,1882981.0
Czechia,CZE,"Air transport, passengers carried",IS.AIR.PSGR,2003,3391474.0
Germany,DEU,"Air transport, passengers carried",IS.AIR.PSGR,2003,72693124.0
Denmark,DNK,"Air transport, passengers carried",IS.AIR.PSGR,2003,5886037.0
Algeria,DZA,"Air transport, passengers carried",IS.AIR.PSGR,2003,3292815.0
East Asia & Pacific (excluding high income),EAP,"Air transport, passengers carried",IS.AIR.PSGR,2003,145986148.0
Early-demographic dividend,EAR,"Air transport, passengers carried",IS.AIR.PSGR,2003,160293889.0
East Asia & Pacific,EAS,"Air transport, passengers carried",IS.AIR.PSGR,2003,366358229.0
Europe & Central Asia (excluding high income),ECA,"Air transport, passengers carried",IS.AIR.PSGR,2003,20432324.0
Europe & Central Asia,ECS,"Air transport, passengers carried",IS.AIR.PSGR,2003,460194210.0
Ecuador,ECU,"Air transport, passengers carried",IS.AIR.PSGR,2003,1521249.0
"Egypt, Arab Rep.",EGY,"Air transport, passengers carried",IS.AIR.PSGR,2003,4180814.0
Euro area,EMU,"Air transport, passengers carried",IS.AIR.PSGR,2003,289864210.0
Spain,ESP,"Air transport, passengers carried",IS.AIR.PSGR,2003,42506835.0
Estonia,EST,"Air transport, passengers carried",IS.AIR.PSGR,2003,395485.0
Ethiopia,ETH,"Air transport, passengers carried",IS.AIR.PSGR,2003,1117329.0
European Union,EUU,"Air transport, passengers carried",IS.AIR.PSGR,2003,317807082.0
Fragile and conflict affected situations,FCS,"Air transport, passengers carried",IS.AIR.PSGR,2003,13756737.0
Finland,FIN,"Air transport, passengers carried",IS.AIR.PSGR,2003,6183906.0
Fiji,FJI,"Air transport, passengers carried",IS.AIR.PSGR,2003,972000.0
France,FRA,"Air transport, passengers carried",IS.AIR.PSGR,2003,47258820.0
Gabon,GAB,"Air transport, passengers carried",IS.AIR.PSGR,2003,385529.0
United Kingdom,GBR,"Air transport, passengers carried",IS.AIR.PSGR,2003,76388660.0
Georgia,GEO,"Air transport, passengers carried",IS.AIR.PSGR,2003,303802.0
Ghana,GHA,"Air transport, passengers carried",IS.AIR.PSGR,2003,241111.0
Greece,GRC,"Air transport, passengers carried",IS.AIR.PSGR,2003,7518932.0
High income,HIC,"Air transport, passengers carried",IS.AIR.PSGR,2003,1337085928.0
"Hong Kong SAR, China",HKG,"Air transport, passengers carried",IS.AIR.PSGR,2003,13024791.0
Croatia,HRV,"Air transport, passengers carried",IS.AIR.PSGR,2003,1582000.0
Hungary,HUN,"Air transport, passengers carried",IS.AIR.PSGR,2003,2260849.0
IBRD only,IBD,"Air transport, passengers carried",IS.AIR.PSGR,2003,344496771.0
IDA & IBRD total,IBT,"Air transport, passengers carried",IS.AIR.PSGR,2003,366713422.0
IDA total,IDA,"Air transport, passengers carried",IS.AIR.PSGR,2003,22216651.0
IDA blend,IDB,"Air transport, passengers carried",IS.AIR.PSGR,2003,10669835.0
Indonesia,IDN,"Air transport, passengers carried",IS.AIR.PSGR,2003,12221066.0
IDA only,IDX,"Air transport, passengers carried",IS.AIR.PSGR,2003,11546816.0
India,IND,"Air transport, passengers carried",IS.AIR.PSGR,2003,19455085.0
Ireland,IRL,"Air transport, passengers carried",IS.AIR.PSGR,2003,28863657.0
"Iran, Islamic Rep.",IRN,"Air transport, passengers carried",IS.AIR.PSGR,2003,16301238.0
Iceland,ISL,"Air transport, passengers carried",IS.AIR.PSGR,2003,1133775.0
Israel,ISR,"Air transport, passengers carried",IS.AIR.PSGR,2003,3677879.0
Italy,ITA,"Air transport, passengers carried",IS.AIR.PSGR,2003,36345771.0
Jamaica,JAM,"Air transport, passengers carried",IS.AIR.PSGR,2003,1838047.0
Jordan,JOR,"Air transport, passengers carried",IS.AIR.PSGR,2003,1353444.0
Japan,JPN,"Air transport, passengers carried",IS.AIR.PSGR,2003,103988547.0
Kazakhstan,KAZ,"Air transport, passengers carried",IS.AIR.PSGR,2003,1009731.0
Kenya,KEN,"Air transport, passengers carried",IS.AIR.PSGR,2003,1678160.0
Kyrgyz Republic,KGZ,"Air transport, passengers carried",IS.AIR.PSGR,2003,205604.0
Cambodia,KHM,"Air transport, passengers carried",IS.AIR.PSGR,2003,164515.0
"Korea, Rep.",KOR,"Air transport, passengers carried",IS.AIR.PSGR,2003,33372577.0
Kuwait,KWT,"Air transport, passengers carried",IS.AIR.PSGR,2003,2185990.0
Latin America & Caribbean (excluding high income),LAC,"Air transport, passengers carried",IS.AIR.PSGR,2003,79669134.0
Lao PDR,LAO,"Air transport, passengers carried",IS.AIR.PSGR,2003,218652.0
Lebanon,LBN,"Air transport, passengers carried",IS.AIR.PSGR,2003,935213.0
Libya,LBY,"Air transport, passengers carried",IS.AIR.PSGR,2003,626532.0
Latin America & Caribbean,LCN,"Air transport, passengers carried",IS.AIR.PSGR,2003,94799825.0
Least developed countries: UN classification,LDC,"Air transport, passengers carried",IS.AIR.PSGR,2003,7524047.0
Sri Lanka,LKA,"Air transport, passengers carried",IS.AIR.PSGR,2003,1957606.0
Lower middle income,LMC,"Air transport, passengers carried",IS.AIR.PSGR,2003,59535530.0
Low & middle income,LMY,"Air transport, passengers carried",IS.AIR.PSGR,2003,324333426.0
Late-demographic dividend,LTE,"Air transport, passengers carried",IS.AIR.PSGR,2003,271040893.0
Lithuania,LTU,"Air transport, passengers carried",IS.AIR.PSGR,2003,329271.0
Luxembourg,LUX,"Air transport, passengers carried",IS.AIR.PSGR,2003,853903.0
Latvia,LVA,"Air transport, passengers carried",IS.AIR.PSGR,2003,339747.0
"Macao SAR, China",MAC,"Air transport, passengers carried",IS.AIR.PSGR,2003,1211797.0
Morocco,MAR,"Air transport, passengers carried",IS.AIR.PSGR,2003,2638314.0
Monaco,MCO,"Air transport, passengers carried",IS.AIR.PSGR,2003,94563.0
Moldova,MDA,"Air transport, passengers carried",IS.AIR.PSGR,2003,179084.0
Madagascar,MDG,"Air transport, passengers carried",IS.AIR.PSGR,2003,451729.0
Maldives,MDV,"Air transport, passengers carried",IS.AIR.PSGR,2003,60218.0
Middle East & North Africa,MEA,"Air transport, passengers carried",IS.AIR.PSGR,2003,73216604.0
Mexico,MEX,"Air transport, passengers carried",IS.AIR.PSGR,2003,20661206.0
Marshall Islands,MHL,"Air transport, passengers carried",IS.AIR.PSGR,2003,27471.0
Middle income,MIC,"Air transport, passengers carried",IS.AIR.PSGR,2003,320019497.0
North Macedonia,MKD,"Air transport, passengers carried",IS.AIR.PSGR,2003,200959.0
Malta,MLT,"Air transport, passengers carried",IS.AIR.PSGR,2003,1309119.0
Myanmar,MMR,"Air transport, passengers carried",IS.AIR.PSGR,2003,1117208.0
Middle East & North Africa (excluding high income),MNA,"Air transport, passengers carried",IS.AIR.PSGR,2003,32800028.0
Montenegro,MNE,"Air transport, passengers carried",IS.AIR.PSGR,2003,287111.0
Mongolia,MNG,"Air transport, passengers carried",IS.AIR.PSGR,2003,294880.0
Mozambique,MOZ,"Air transport, passengers carried",IS.AIR.PSGR,2003,280516.0
Mauritania,MRT,"Air transport, passengers carried",IS.AIR.PSGR,2003,116136.0
Mauritius,MUS,"Air transport, passengers carried",IS.AIR.PSGR,2003,1042773.0
Malawi,MWI,"Air transport, passengers carried",IS.AIR.PSGR,2003,108854.0
Malaysia,MYS,"Air transport, passengers carried",IS.AIR.PSGR,2003,16704600.0
North America,NAC,"Air transport, passengers carried",IS.AIR.PSGR,2003,624881527.0
Namibia,NAM,"Air transport, passengers carried",IS.AIR.PSGR,2003,265655.0
Nigeria,NGA,"Air transport, passengers carried",IS.AIR.PSGR,2003,520263.0
Netherlands,NLD,"Air transport, passengers carried",IS.AIR.PSGR,2003,23454932.0
Norway,NOR,"Air transport, passengers carried",IS.AIR.PSGR,2003,12805757.0
Nepal,NPL,"Air transport, passengers carried",IS.AIR.PSGR,2003,356369.0
New Zealand,NZL,"Air transport, passengers carried",IS.AIR.PSGR,2003,12259437.0
OECD members,OED,"Air transport, passengers carried",IS.AIR.PSGR,2003,1278025311.0
Oman,OMN,"Air transport, passengers carried",IS.AIR.PSGR,2003,2777424.0
Other small states,OSS,"Air transport, passengers carried",IS.AIR.PSGR,2003,9655978.0
Pakistan,PAK,"Air transport, passengers carried",IS.AIR.PSGR,2003,4522110.0
Panama,PAN,"Air transport, passengers carried",IS.AIR.PSGR,2003,1416071.0
Peru,PER,"Air transport, passengers carried",IS.AIR.PSGR,2003,2226329.0
Philippines,PHL,"Air transport, passengers carried",IS.AIR.PSGR,2003,6457529.0
Papua New Guinea,PNG,"Air transport, passengers carried",IS.AIR.PSGR,2003,690528.0
Poland,POL,"Air transport, passengers carried",IS.AIR.PSGR,2003,3252222.0
"Korea, Dem. People's Rep.",PRK,"Air transport, passengers carried",IS.AIR.PSGR,2003,75046.0
Portugal,PRT,"Air transport, passengers carried",IS.AIR.PSGR,2003,7590259.0
Paraguay,PRY,"Air transport, passengers carried",IS.AIR.PSGR,2003,298928.0
Pacific island small states,PSS,"Air transport, passengers carried",IS.AIR.PSGR,2003,1409660.0
Post-demographic dividend,PST,"Air transport, passengers carried",IS.AIR.PSGR,2003,1229236696.0
Qatar,QAT,"Air transport, passengers carried",IS.AIR.PSGR,2003,3184104.0
Romania,ROU,"Air transport, passengers carried",IS.AIR.PSGR,2003,1255313.0
Russian Federation,RUS,"Air transport, passengers carried",IS.AIR.PSGR,2003,22723072.0
South Asia,SAS,"Air transport, passengers carried",IS.AIR.PSGR,2003,27975359.0
Saudi Arabia,SAU,"Air transport, passengers carried",IS.AIR.PSGR,2003,13821729.0
Sudan,SDN,"Air transport, passengers carried",IS.AIR.PSGR,2003,420498.0
Senegal,SEN,"Air transport, passengers carried",IS.AIR.PSGR,2003,129974.0
Singapore,SGP,"Air transport, passengers carried",IS.AIR.PSGR,2003,14172367.0
Solomon Islands,SLB,"Air transport, passengers carried",IS.AIR.PSGR,2003,68104.0
Sierra Leone,SLE,"Air transport, passengers carried",IS.AIR.PSGR,2003,13599.0
El Salvador,SLV,"Air transport, passengers carried",IS.AIR.PSGR,2003,2182463.0
Serbia,SRB,"Air transport, passengers carried",IS.AIR.PSGR,2003,1011231.0
Sub-Saharan Africa (excluding high income),SSA,"Air transport, passengers carried",IS.AIR.PSGR,2003,17470433.0
Sub-Saharan Africa,SSF,"Air transport, passengers carried",IS.AIR.PSGR,2003,17883529.0
Sao Tome and Principe,STP,"Air transport, passengers carried",IS.AIR.PSGR,2003,35680.0
Suriname,SUR,"Air transport, passengers carried",IS.AIR.PSGR,2003,258311.0
Slovak Republic,SVK,"Air transport, passengers carried",IS.AIR.PSGR,2003,190182.0
Slovenia,SVN,"Air transport, passengers carried",IS.AIR.PSGR,2003,758392.0
Sweden,SWE,"Air transport, passengers carried",IS.AIR.PSGR,2003,11586025.0
Seychelles,SYC,"Air transport, passengers carried",IS.AIR.PSGR,2003,413096.0
Syrian Arab Republic,SYR,"Air transport, passengers carried",IS.AIR.PSGR,2003,907850.0
East Asia & Pacific (IDA & IBRD countries),TEA,"Air transport, passengers carried",IS.AIR.PSGR,2003,145911102.0
Europe & Central Asia (IDA & IBRD countries),TEC,"Air transport, passengers carried",IS.AIR.PSGR,2003,49555883.0
Thailand,THA,"Air transport, passengers carried",IS.AIR.PSGR,2003,16622502.0
Tajikistan,TJK,"Air transport, passengers carried",IS.AIR.PSGR,2003,442712.0
Turkmenistan,TKM,"Air transport, passengers carried",IS.AIR.PSGR,2003,1411910.0
Latin America & the Caribbean (IDA & IBRD countries),TLA,"Air transport, passengers carried",IS.AIR.PSGR,2003,92587521.0
Middle East & North Africa (IDA & IBRD countries),TMN,"Air transport, passengers carried",IS.AIR.PSGR,2003,32800028.0
Tonga,TON,"Air transport, passengers carried",IS.AIR.PSGR,2003,60819.0
South Asia (IDA & IBRD),TSA,"Air transport, passengers carried",IS.AIR.PSGR,2003,27975359.0
Sub-Saharan Africa (IDA & IBRD countries),TSS,"Air transport, passengers carried",IS.AIR.PSGR,2003,17883529.0
Trinidad and Tobago,TTO,"Air transport, passengers carried",IS.AIR.PSGR,2003,1084186.0
Tunisia,TUN,"Air transport, passengers carried",IS.AIR.PSGR,2003,1719524.0
Turkiye,TUR,"Air transport, passengers carried",IS.AIR.PSGR,2003,10745444.0
Tanzania,TZA,"Air transport, passengers carried",IS.AIR.PSGR,2003,149540.0
Uganda,UGA,"Air transport, passengers carried",IS.AIR.PSGR,2003,39749.0
Ukraine,UKR,"Air transport, passengers carried",IS.AIR.PSGR,2003,1652632.0
Upper middle income,UMC,"Air transport, passengers carried",IS.AIR.PSGR,2003,260483967.0
Uruguay,URY,"Air transport, passengers carried",IS.AIR.PSGR,2003,463884.0
United States,USA,"Air transport, passengers carried",IS.AIR.PSGR,2003,588997110.0
Uzbekistan,UZB,"Air transport, passengers carried",IS.AIR.PSGR,2003,1465798.0
"Venezuela, RB",VEN,"Air transport, passengers carried",IS.AIR.PSGR,2003,3889929.0
Viet Nam,VNM,"Air transport, passengers carried",IS.AIR.PSGR,2003,3969320.0
Vanuatu,VUT,"Air transport, passengers carried",IS.AIR.PSGR,2003,83151.0
World,WLD,"Air transport, passengers carried",IS.AIR.PSGR,2003,1665309283.0
Samoa,WSM,"Air transport, passengers carried",IS.AIR.PSGR,2003,198115.0
"Yemen, Rep.",YEM,"Air transport, passengers carried",IS.AIR.PSGR,2003,844284.0
South Africa,ZAF,"Air transport, passengers carried",IS.AIR.PSGR,2003,9159815.0
Zambia,ZMB,"Air transport, passengers carried",IS.AIR.PSGR,2003,50977.0
Zimbabwe,ZWE,"Air transport, passengers carried",IS.AIR.PSGR,2003,200857.0
Africa Eastern and Southern,AFE,"Air transport, passengers carried",IS.AIR.PSGR,1987,9837400.0
Afghanistan,AFG,"Air transport, passengers carried",IS.AIR.PSGR,1987,217900.0
Africa Western and Central,AFW,"Air transport, passengers carried",IS.AIR.PSGR,1987,4485000.0
Angola,AGO,"Air transport, passengers carried",IS.AIR.PSGR,1987,746000.0
Arab World,ARB,"Air transport, passengers carried",IS.AIR.PSGR,1987,29113000.0
United Arab Emirates,ARE,"Air transport, passengers carried",IS.AIR.PSGR,1987,1093000.0
Argentina,ARG,"Air transport, passengers carried",IS.AIR.PSGR,1987,5405800.0
Antigua and Barbuda,ATG,"Air transport, passengers carried",IS.AIR.PSGR,1987,582000.0
Australia,AUS,"Air transport, passengers carried",IS.AIR.PSGR,1987,16880200.0
Austria,AUT,"Air transport, passengers carried",IS.AIR.PSGR,1987,1879700.0
Burundi,BDI,"Air transport, passengers carried",IS.AIR.PSGR,1987,21000.0
Belgium,BEL,"Air transport, passengers carried",IS.AIR.PSGR,1987,2362100.0
Benin,BEN,"Air transport, passengers carried",IS.AIR.PSGR,1987,104100.0
Burkina Faso,BFA,"Air transport, passengers carried",IS.AIR.PSGR,1987,126600.0
Bangladesh,BGD,"Air transport, passengers carried",IS.AIR.PSGR,1987,861000.0
Bulgaria,BGR,"Air transport, passengers carried",IS.AIR.PSGR,1987,2095000.0
Bahrain,BHR,"Air transport, passengers carried",IS.AIR.PSGR,1987,621500.0
"Bahamas, The",BHS,"Air transport, passengers carried",IS.AIR.PSGR,1987,995000.0
Bolivia,BOL,"Air transport, passengers carried",IS.AIR.PSGR,1987,1232600.0
Brazil,BRA,"Air transport, passengers carried",IS.AIR.PSGR,1987,17068600.0
Barbados,BRB,"Air transport, passengers carried",IS.AIR.PSGR,1987,17000.0
Brunei Darussalam,BRN,"Air transport, passengers carried",IS.AIR.PSGR,1987,247000.0
Botswana,BWA,"Air transport, passengers carried",IS.AIR.PSGR,1987,60100.0
Central African Republic,CAF,"Air transport, passengers carried",IS.AIR.PSGR,1987,122100.0
Canada,CAN,"Air transport, passengers carried",IS.AIR.PSGR,1987,19946500.0
Central Europe and the Baltics,CEB,"Air transport, passengers carried",IS.AIR.PSGR,1987,7246800.0
Switzerland,CHE,"Air transport, passengers carried",IS.AIR.PSGR,1987,7213900.0
Chile,CHL,"Air transport, passengers carried",IS.AIR.PSGR,1987,992400.0
China,CHN,"Air transport, passengers carried",IS.AIR.PSGR,1987,12500000.0
Cote d'Ivoire,CIV,"Air transport, passengers carried",IS.AIR.PSGR,1987,183400.0
Cameroon,CMR,"Air transport, passengers carried",IS.AIR.PSGR,1987,561000.0
"Congo, Dem. Rep.",COD,"Air transport, passengers carried",IS.AIR.PSGR,1987,200800.0
"Congo, Rep.",COG,"Air transport, passengers carried",IS.AIR.PSGR,1987,220100.0
Colombia,COL,"Air transport, passengers carried",IS.AIR.PSGR,1987,5598500.0
Comoros,COM,"Air transport, passengers carried",IS.AIR.PSGR,1987,25900.0
Cabo Verde,CPV,"Air transport, passengers carried",IS.AIR.PSGR,1987,174000.0
Costa Rica,CRI,"Air transport, passengers carried",IS.AIR.PSGR,1987,347600.0
Caribbean small states,CSS,"Air transport, passengers carried",IS.AIR.PSGR,1987,1832900.0
Cuba,CUB,"Air transport, passengers carried",IS.AIR.PSGR,1987,889000.0
Cyprus,CYP,"Air transport, passengers carried",IS.AIR.PSGR,1987,683700.0
Czechia,CZE,"Air transport, passengers carried",IS.AIR.PSGR,1987,1069600.0
Germany,DEU,"Air transport, passengers carried",IS.AIR.PSGR,1987,17011400.0
Djibouti,DJI,"Air transport, passengers carried",IS.AIR.PSGR,1987,124400.0
Denmark,DNK,"Air transport, passengers carried",IS.AIR.PSGR,1987,4148100.0
Dominican Republic,DOM,"Air transport, passengers carried",IS.AIR.PSGR,1987,298700.0
Algeria,DZA,"Air transport, passengers carried",IS.AIR.PSGR,1987,3566900.0
East Asia & Pacific (excluding high income),EAP,"Air transport, passengers carried",IS.AIR.PSGR,1987,40027200.0
Early-demographic dividend,EAR,"Air transport, passengers carried",IS.AIR.PSGR,1987,102698800.0
East Asia & Pacific,EAS,"Air transport, passengers carried",IS.AIR.PSGR,1987,133303700.0
Ecuador,ECU,"Air transport, passengers carried",IS.AIR.PSGR,1987,692000.0
"Egypt, Arab Rep.",EGY,"Air transport, passengers carried",IS.AIR.PSGR,1987,2891200.0
Euro area,EMU,"Air transport, passengers carried",IS.AIR.PSGR,1987,105072500.0
Spain,ESP,"Air transport, passengers carried",IS.AIR.PSGR,1987,16553300.0
Ethiopia,ETH,"Air transport, passengers carried",IS.AIR.PSGR,1987,594100.0
European Union,EUU,"Air transport, passengers carried",IS.AIR.PSGR,1987,125896200.0
Fragile and conflict affected situations,FCS,"Air transport, passengers carried",IS.AIR.PSGR,1987,16423100.0
Finland,FIN,"Air transport, passengers carried",IS.AIR.PSGR,1987,3626100.0
Fiji,FJI,"Air transport, passengers carried",IS.AIR.PSGR,1987,309700.0
France,FRA,"Air transport, passengers carried",IS.AIR.PSGR,1987,27950200.0
Gabon,GAB,"Air transport, passengers carried",IS.AIR.PSGR,1987,393100.0
United Kingdom,GBR,"Air transport, passengers carried",IS.AIR.PSGR,1987,33705300.0
Ghana,GHA,"Air transport, passengers carried",IS.AIR.PSGR,1987,224400.0
Guinea,GIN,"Air transport, passengers carried",IS.AIR.PSGR,1987,30400.0
Guinea-Bissau,GNB,"Air transport, passengers carried",IS.AIR.PSGR,1987,20500.0
Equatorial Guinea,GNQ,"Air transport, passengers carried",IS.AIR.PSGR,1987,13700.0
Greece,GRC,"Air transport, passengers carried",IS.AIR.PSGR,1987,6567600.0
Guatemala,GTM,"Air transport, passengers carried",IS.AIR.PSGR,1987,114800.0
Guyana,GUY,"Air transport, passengers carried",IS.AIR.PSGR,1987,128500.0
High income,HIC,"Air transport, passengers carried",IS.AIR.PSGR,1987,752753904.0
Honduras,HND,"Air transport, passengers carried",IS.AIR.PSGR,1987,425500.0
Heavily indebted poor countries (HIPC),HPC,"Air transport, passengers carried",IS.AIR.PSGR,1987,7293000.0
Haiti,HTI,"Air transport, passengers carried",IS.AIR.PSGR,1987,0.0
Hungary,HUN,"Air transport, passengers carried",IS.AIR.PSGR,1987,1231400.0
IBRD only,IBD,"Air transport, passengers carried",IS.AIR.PSGR,1987,141608900.0
IDA & IBRD total,IBT,"Air transport, passengers carried",IS.AIR.PSGR,1987,159913300.0
IDA total,IDA,"Air transport, passengers carried",IS.AIR.PSGR,1987,18304400.0
IDA blend,IDB,"Air transport, passengers carried",IS.AIR.PSGR,1987,9273300.0
Indonesia,IDN,"Air transport, passengers carried",IS.AIR.PSGR,1987,7568900.0
IDA only,IDX,"Air transport, passengers carried",IS.AIR.PSGR,1987,9031100.0
India,IND,"Air transport, passengers carried",IS.AIR.PSGR,1987,12668600.0
Ireland,IRL,"Air transport, passengers carried",IS.AIR.PSGR,1987,2279000.0
"Iran, Islamic Rep.",IRN,"Air transport, passengers carried",IS.AIR.PSGR,1987,4846900.0
Iraq,IRQ,"Air transport, passengers carried",IS.AIR.PSGR,1987,535000.0
Iceland,ISL,"Air transport, passengers carried",IS.AIR.PSGR,1987,910100.0
Israel,ISR,"Air transport, passengers carried",IS.AIR.PSGR,1987,2009700.0
Italy,ITA,"Air transport, passengers carried",IS.AIR.PSGR,1987,15268100.0
Jamaica,JAM,"Air transport, passengers carried",IS.AIR.PSGR,1987,1257500.0
Jordan,JOR,"Air transport, passengers carried",IS.AIR.PSGR,1987,1178000.0
Japan,JPN,"Air transport, passengers carried",IS.AIR.PSGR,1987,57757700.0
Kenya,KEN,"Air transport, passengers carried",IS.AIR.PSGR,1987,655800.0
Kiribati,KIR,"Air transport, passengers carried",IS.AIR.PSGR,1987,24900.0
"Korea, Rep.",KOR,"Air transport, passengers carried",IS.AIR.PSGR,1987,8330900.0
Kuwait,KWT,"Air transport, passengers carried",IS.AIR.PSGR,1987,1511100.0
Latin America & Caribbean (excluding high income),LAC,"Air transport, passengers carried",IS.AIR.PSGR,1987,50689000.0
Lao PDR,LAO,"Air transport, passengers carried",IS.AIR.PSGR,1987,45000.0
Lebanon,LBN,"Air transport, passengers carried",IS.AIR.PSGR,1987,353300.0
Liberia,LBR,"Air transport, passengers carried",IS.AIR.PSGR,1987,44000.0
Libya,LBY,"Air transport, passengers carried",IS.AIR.PSGR,1987,1515100.0
Latin America & Caribbean,LCN,"Air transport, passengers carried",IS.AIR.PSGR,1987,61892400.0
Least developed countries: UN classification,LDC,"Air transport, passengers carried",IS.AIR.PSGR,1987,7658500.0
Low income,LIC,"Air transport, passengers carried",IS.AIR.PSGR,1987,4155300.0
Sri Lanka,LKA,"Air transport, passengers carried",IS.AIR.PSGR,1987,586900.0
Lower middle income,LMC,"Air transport, passengers carried",IS.AIR.PSGR,1987,40632900.0
Low & middle income,LMY,"Air transport, passengers carried",IS.AIR.PSGR,1987,145630100.0
Lesotho,LSO,"Air transport, passengers carried",IS.AIR.PSGR,1987,60900.0
Late-demographic dividend,LTE,"Air transport, passengers carried",IS.AIR.PSGR,1987,68463800.0
Luxembourg,LUX,"Air transport, passengers carried",IS.AIR.PSGR,1987,272900.0
Morocco,MAR,"Air transport, passengers carried",IS.AIR.PSGR,1987,1187400.0
Monaco,MCO,"Air transport, passengers carried",IS.AIR.PSGR,1987,40000.0
Madagascar,MDG,"Air transport, passengers carried",IS.AIR.PSGR,1987,410600.0
Maldives,MDV,"Air transport, passengers carried",IS.AIR.PSGR,1987,8400.0
Middle East & North Africa,MEA,"Air transport, passengers carried",IS.AIR.PSGR,1987,35611400.0
Mexico,MEX,"Air transport, passengers carried",IS.AIR.PSGR,1987,13504900.0
Marshall Islands,MHL,"Air transport, passengers carried",IS.AIR.PSGR,1987,32000.0
Middle income,MIC,"Air transport, passengers carried",IS.AIR.PSGR,1987,141474800.0
Mali,MLI,"Air transport, passengers carried",IS.AIR.PSGR,1987,4000.0
Malta,MLT,"Air transport, passengers carried",IS.AIR.PSGR,1987,429400.0
Myanmar,MMR,"Air transport, passengers carried",IS.AIR.PSGR,1987,512000.0
Middle East & North Africa (excluding high income),MNA,"Air transport, passengers carried",IS.AIR.PSGR,1987,18367600.0
Mozambique,MOZ,"Air transport, passengers carried",IS.AIR.PSGR,1987,210600.0
Mauritania,MRT,"Air transport, passengers carried",IS.AIR.PSGR,1987,216100.0
Mauritius,MUS,"Air transport, passengers carried",IS.AIR.PSGR,1987,285400.0
Malawi,MWI,"Air transport, passengers carried",IS.AIR.PSGR,1987,114200.0
Malaysia,MYS,"Air transport, passengers carried",IS.AIR.PSGR,1987,7396100.0
North America,NAC,"Air transport, passengers carried",IS.AIR.PSGR,1987,461779204.0
Niger,NER,"Air transport, passengers carried",IS.AIR.PSGR,1987,111700.0
Nigeria,NGA,"Air transport, passengers carried",IS.AIR.PSGR,1987,1614400.0
Nicaragua,NIC,"Air transport, passengers carried",IS.AIR.PSGR,1987,85000.0
Netherlands,NLD,"Air transport, passengers carried",IS.AIR.PSGR,1987,7403400.0
Norway,NOR,"Air transport, passengers carried",IS.AIR.PSGR,1987,8146000.0
Nepal,NPL,"Air transport, passengers carried",IS.AIR.PSGR,1987,408800.0
New Zealand,NZL,"Air transport, passengers carried",IS.AIR.PSGR,1987,4812300.0
OECD members,OED,"Air transport, passengers carried",IS.AIR.PSGR,1987,746656404.0
Oman,OMN,"Air transport, passengers carried",IS.AIR.PSGR,1987,699200.0
Pakistan,PAK,"Air transport, passengers carried",IS.AIR.PSGR,1987,4434400.0
Panama,PAN,"Air transport, passengers carried",IS.AIR.PSGR,1987,370800.0
Peru,PER,"Air transport, passengers carried",IS.AIR.PSGR,1987,3009000.0
Philippines,PHL,"Air transport, passengers carried",IS.AIR.PSGR,1987,5247300.0
Papua New Guinea,PNG,"Air transport, passengers carried",IS.AIR.PSGR,1987,798300.0
Poland,POL,"Air transport, passengers carried",IS.AIR.PSGR,1987,1569500.0
Pre-demographic dividend,PRE,"Air transport, passengers carried",IS.AIR.PSGR,1987,8136900.0
"Korea, Dem. People's Rep.",PRK,"Air transport, passengers carried",IS.AIR.PSGR,1987,205000.0
Portugal,PRT,"Air transport, passengers carried",IS.AIR.PSGR,1987,2785600.0
Paraguay,PRY,"Air transport, passengers carried",IS.AIR.PSGR,1987,205000.0
Pacific island small states,PSS,"Air transport, passengers carried",IS.AIR.PSGR,1987,488000.0
Post-demographic dividend,PST,"Air transport, passengers carried",IS.AIR.PSGR,1987,725444604.0
Qatar,QAT,"Air transport, passengers carried",IS.AIR.PSGR,1987,621500.0
Romania,ROU,"Air transport, passengers carried",IS.AIR.PSGR,1987,1281300.0
Rwanda,RWA,"Air transport, passengers carried",IS.AIR.PSGR,1987,8900.0
South Asia,SAS,"Air transport, passengers carried",IS.AIR.PSGR,1987,19186000.0
Saudi Arabia,SAU,"Air transport, passengers carried",IS.AIR.PSGR,1987,10258400.0
Sudan,SDN,"Air transport, passengers carried",IS.AIR.PSGR,1987,417200.0
Senegal,SEN,"Air transport, passengers carried",IS.AIR.PSGR,1987,135800.0
Singapore,SGP,"Air transport, passengers carried",IS.AIR.PSGR,1987,5248400.0
Solomon Islands,SLB,"Air transport, passengers carried",IS.AIR.PSGR,1987,67500.0
Sierra Leone,SLE,"Air transport, passengers carried",IS.AIR.PSGR,1987,28900.0
El Salvador,SLV,"Air transport, passengers carried",IS.AIR.PSGR,1987,444100.0
Somalia,SOM,"Air transport, passengers carried",IS.AIR.PSGR,1987,128400.0
Sub-Saharan Africa (excluding high income),SSA,"Air transport, passengers carried",IS.AIR.PSGR,1987,14099400.0
Sub-Saharan Africa,SSF,"Air transport, passengers carried",IS.AIR.PSGR,1987,14322400.0
Sao Tome and Principe,STP,"Air transport, passengers carried",IS.AIR.PSGR,1987,22000.0
Suriname,SUR,"Air transport, passengers carried",IS.AIR.PSGR,1987,110400.0
Sweden,SWE,"Air transport, passengers carried",IS.AIR.PSGR,1987,9428800.0
Eswatini,SWZ,"Air transport, passengers carried",IS.AIR.PSGR,1987,45700.0
Seychelles,SYC,"Air transport, passengers carried",IS.AIR.PSGR,1987,223000.0
Syrian Arab Republic,SYR,"Air transport, passengers carried",IS.AIR.PSGR,1987,390600.0
Chad,TCD,"Air transport, passengers carried",IS.AIR.PSGR,1987,86600.0
East Asia & Pacific (IDA & IBRD countries),TEA,"Air transport, passengers carried",IS.AIR.PSGR,1987,39822200.0
Togo,TGO,"Air transport, passengers carried",IS.AIR.PSGR,1987,70100.0
Thailand,THA,"Air transport, passengers carried",IS.AIR.PSGR,1987,5179600.0
Latin America & the Caribbean (IDA & IBRD countries),TLA,"Air transport, passengers carried",IS.AIR.PSGR,1987,60008400.0
Middle East & North Africa (IDA & IBRD countries),TMN,"Air transport, passengers carried",IS.AIR.PSGR,1987,18367600.0
Tonga,TON,"Air transport, passengers carried",IS.AIR.PSGR,1987,37300.0
South Asia (IDA & IBRD),TSA,"Air transport, passengers carried",IS.AIR.PSGR,1987,19186000.0
Sub-Saharan Africa (IDA & IBRD countries),TSS,"Air transport, passengers carried",IS.AIR.PSGR,1987,14322400.0
Trinidad and Tobago,TTO,"Air transport, passengers carried",IS.AIR.PSGR,1987,1312300.0
Tunisia,TUN,"Air transport, passengers carried",IS.AIR.PSGR,1987,1203300.0
Turkiye,TUR,"Air transport, passengers carried",IS.AIR.PSGR,1987,3260900.0
Tanzania,TZA,"Air transport, passengers carried",IS.AIR.PSGR,1987,456100.0
Uganda,UGA,"Air transport, passengers carried",IS.AIR.PSGR,1987,46000.0
Upper middle income,UMC,"Air transport, passengers carried",IS.AIR.PSGR,1987,100841900.0
Uruguay,URY,"Air transport, passengers carried",IS.AIR.PSGR,1987,351300.0
United States,USA,"Air transport, passengers carried",IS.AIR.PSGR,1987,441832704.0
"Venezuela, RB",VEN,"Air transport, passengers carried",IS.AIR.PSGR,1987,6454100.0
Viet Nam,VNM,"Air transport, passengers carried",IS.AIR.PSGR,1987,87000.0
Vanuatu,VUT,"Air transport, passengers carried",IS.AIR.PSGR,1987,16600.0
World,WLD,"Air transport, passengers carried",IS.AIR.PSGR,1987,904838104.0
"Yemen, Rep.",YEM,"Air transport, passengers carried",IS.AIR.PSGR,1987,575500.0
South Africa,ZAF,"Air transport, passengers carried",IS.AIR.PSGR,1987,4386900.0
Zambia,ZMB,"Air transport, passengers carried",IS.AIR.PSGR,1987,257900.0
Zimbabwe,ZWE,"Air transport, passengers carried",IS.AIR.PSGR,1987,459900.0
Africa Eastern and Southern,AFE,"Air transport, passengers carried",IS.AIR.PSGR,1985,9385300.0
Afghanistan,AFG,"Air transport, passengers carried",IS.AIR.PSGR,1985,225500.0
Africa Western and Central,AFW,"Air transport, passengers carried",IS.AIR.PSGR,1985,5794300.0
Angola,AGO,"Air transport, passengers carried",IS.AIR.PSGR,1985,894200.0
Arab World,ARB,"Air transport, passengers carried",IS.AIR.PSGR,1985,29988100.0
United Arab Emirates,ARE,"Air transport, passengers carried",IS.AIR.PSGR,1985,717500.0
Argentina,ARG,"Air transport, passengers carried",IS.AIR.PSGR,1985,4713200.0
Antigua and Barbuda,ATG,"Air transport, passengers carried",IS.AIR.PSGR,1985,500000.0
Australia,AUS,"Air transport, passengers carried",IS.AIR.PSGR,1985,14412100.0
Austria,AUT,"Air transport, passengers carried",IS.AIR.PSGR,1985,1708000.0
Burundi,BDI,"Air transport, passengers carried",IS.AIR.PSGR,1985,8600.0
Belgium,BEL,"Air transport, passengers carried",IS.AIR.PSGR,1985,2188400.0
Benin,BEN,"Air transport, passengers carried",IS.AIR.PSGR,1985,86000.0
Burkina Faso,BFA,"Air transport, passengers carried",IS.AIR.PSGR,1985,100200.0
Bangladesh,BGD,"Air transport, passengers carried",IS.AIR.PSGR,1985,845300.0
Bulgaria,BGR,"Air transport, passengers carried",IS.AIR.PSGR,1985,2090000.0
Bahrain,BHR,"Air transport, passengers carried",IS.AIR.PSGR,1985,717500.0
"Bahamas, The",BHS,"Air transport, passengers carried",IS.AIR.PSGR,1985,860500.0
Bolivia,BOL,"Air transport, passengers carried",IS.AIR.PSGR,1985,1343300.0
Brazil,BRA,"Air transport, passengers carried",IS.AIR.PSGR,1985,13402900.0
Barbados,BRB,"Air transport, passengers carried",IS.AIR.PSGR,1985,32400.0
Brunei Darussalam,BRN,"Air transport, passengers carried",IS.AIR.PSGR,1985,198900.0
Botswana,BWA,"Air transport, passengers carried",IS.AIR.PSGR,1985,58900.0
Central African Republic,CAF,"Air transport, passengers carried",IS.AIR.PSGR,1985,123500.0
Canada,CAN,"Air transport, passengers carried",IS.AIR.PSGR,1985,19688400.0
Central Europe and the Baltics,CEB,"Air transport, passengers carried",IS.AIR.PSGR,1985,6989200.0
Switzerland,CHE,"Air transport, passengers carried",IS.AIR.PSGR,1985,6506200.0
Chile,CHL,"Air transport, passengers carried",IS.AIR.PSGR,1985,825200.0
China,CHN,"Air transport, passengers carried",IS.AIR.PSGR,1985,7300000.0
Cote d'Ivoire,CIV,"Air transport, passengers carried",IS.AIR.PSGR,1985,182700.0
Cameroon,CMR,"Air transport, passengers carried",IS.AIR.PSGR,1985,718000.0
"Congo, Dem. Rep.",COD,"Air transport, passengers carried",IS.AIR.PSGR,1985,131500.0
"Congo, Rep.",COG,"Air transport, passengers carried",IS.AIR.PSGR,1985,248500.0
Colombia,COL,"Air transport, passengers carried",IS.AIR.PSGR,1985,5737300.0
Comoros,COM,"Air transport, passengers carried",IS.AIR.PSGR,1985,32800.0
Cabo Verde,CPV,"Air transport, passengers carried",IS.AIR.PSGR,1985,128200.0
Costa Rica,CRI,"Air transport, passengers carried",IS.AIR.PSGR,1985,310000.0
Caribbean small states,CSS,"Air transport, passengers carried",IS.AIR.PSGR,1985,1604900.0
Cuba,CUB,"Air transport, passengers carried",IS.AIR.PSGR,1985,894400.0
Cyprus,CYP,"Air transport, passengers carried",IS.AIR.PSGR,1985,613400.0
Czechia,CZE,"Air transport, passengers carried",IS.AIR.PSGR,1985,980300.0
Germany,DEU,"Air transport, passengers carried",IS.AIR.PSGR,1985,14551300.0
Djibouti,DJI,"Air transport, passengers carried",IS.AIR.PSGR,1985,119000.0
Denmark,DNK,"Air transport, passengers carried",IS.AIR.PSGR,1985,3494000.0
Dominican Republic,DOM,"Air transport, passengers carried",IS.AIR.PSGR,1985,733600.0
Algeria,DZA,"Air transport, passengers carried",IS.AIR.PSGR,1985,3965900.0
East Asia & Pacific (excluding high income),EAP,"Air transport, passengers carried",IS.AIR.PSGR,1985,30078100.0
Early-demographic dividend,EAR,"Air transport, passengers carried",IS.AIR.PSGR,1985,95843400.0
East Asia & Pacific,EAS,"Air transport, passengers carried",IS.AIR.PSGR,1985,111257200.0
Ecuador,ECU,"Air transport, passengers carried",IS.AIR.PSGR,1985,664200.0
"Egypt, Arab Rep.",EGY,"Air transport, passengers carried",IS.AIR.PSGR,1985,2786200.0
Euro area,EMU,"Air transport, passengers carried",IS.AIR.PSGR,1985,94216800.0
Spain,ESP,"Air transport, passengers carried",IS.AIR.PSGR,1985,14850700.0
Ethiopia,ETH,"Air transport, passengers carried",IS.AIR.PSGR,1985,471200.0
European Union,EUU,"Air transport, passengers carried",IS.AIR.PSGR,1985,112309600.0
Fragile and conflict affected situations,FCS,"Air transport, passengers carried",IS.AIR.PSGR,1985,15874800.0
Finland,FIN,"Air transport, passengers carried",IS.AIR.PSGR,1985,3153300.0
Fiji,FJI,"Air transport, passengers carried",IS.AIR.PSGR,1985,320200.0
France,FRA,"Air transport, passengers carried",IS.AIR.PSGR,1985,24491900.0
Gabon,GAB,"Air transport, passengers carried",IS.AIR.PSGR,1985,456000.0
United Kingdom,GBR,"Air transport, passengers carried",IS.AIR.PSGR,1985,28229400.0
Ghana,GHA,"Air transport, passengers carried",IS.AIR.PSGR,1985,252600.0
Guinea,GIN,"Air transport, passengers carried",IS.AIR.PSGR,1985,136000.0
Guinea-Bissau,GNB,"Air transport, passengers carried",IS.AIR.PSGR,1985,22500.0
Equatorial Guinea,GNQ,"Air transport, passengers carried",IS.AIR.PSGR,1985,13700.0
Greece,GRC,"Air transport, passengers carried",IS.AIR.PSGR,1985,7456600.0
Guatemala,GTM,"Air transport, passengers carried",IS.AIR.PSGR,1985,108400.0
Guyana,GUY,"Air transport, passengers carried",IS.AIR.PSGR,1985,104000.0
High income,HIC,"Air transport, passengers carried",IS.AIR.PSGR,1985,649065704.0
Honduras,HND,"Air transport, passengers carried",IS.AIR.PSGR,1985,451000.0
Heavily indebted poor countries (HIPC),HPC,"Air transport, passengers carried",IS.AIR.PSGR,1985,7460400.0
Haiti,HTI,"Air transport, passengers carried",IS.AIR.PSGR,1985,0.0
Hungary,HUN,"Air transport, passengers carried",IS.AIR.PSGR,1985,1116100.0
IBRD only,IBD,"Air transport, passengers carried",IS.AIR.PSGR,1985,123124500.0
IDA & IBRD total,IBT,"Air transport, passengers carried",IS.AIR.PSGR,1985,141593700.0
IDA total,IDA,"Air transport, passengers carried",IS.AIR.PSGR,1985,18469200.0
IDA blend,IDB,"Air transport, passengers carried",IS.AIR.PSGR,1985,9581400.0
Indonesia,IDN,"Air transport, passengers carried",IS.AIR.PSGR,1985,6468100.0
IDA only,IDX,"Air transport, passengers carried",IS.AIR.PSGR,1985,8887800.0
India,IND,"Air transport, passengers carried",IS.AIR.PSGR,1985,10993800.0
Ireland,IRL,"Air transport, passengers carried",IS.AIR.PSGR,1985,1828800.0
"Iran, Islamic Rep.",IRN,"Air transport, passengers carried",IS.AIR.PSGR,1985,3422000.0
Iraq,IRQ,"Air transport, passengers carried",IS.AIR.PSGR,1985,540000.0
Iceland,ISL,"Air transport, passengers carried",IS.AIR.PSGR,1985,778000.0
Israel,ISR,"Air transport, passengers carried",IS.AIR.PSGR,1985,1802700.0
Italy,ITA,"Air transport, passengers carried",IS.AIR.PSGR,1985,14408000.0
Jamaica,JAM,"Air transport, passengers carried",IS.AIR.PSGR,1985,887600.0
Jordan,JOR,"Air transport, passengers carried",IS.AIR.PSGR,1985,1310200.0
Japan,JPN,"Air transport, passengers carried",IS.AIR.PSGR,1985,51294700.0
Kenya,KEN,"Air transport, passengers carried",IS.AIR.PSGR,1985,558700.0
Kiribati,KIR,"Air transport, passengers carried",IS.AIR.PSGR,1985,26400.0
"Korea, Rep.",KOR,"Air transport, passengers carried",IS.AIR.PSGR,1985,6202500.0
Kuwait,KWT,"Air transport, passengers carried",IS.AIR.PSGR,1985,1449200.0
Latin America & Caribbean (excluding high income),LAC,"Air transport, passengers carried",IS.AIR.PSGR,1985,46979200.0
Lao PDR,LAO,"Air transport, passengers carried",IS.AIR.PSGR,1985,15800.0
Lebanon,LBN,"Air transport, passengers carried",IS.AIR.PSGR,1985,501300.0
Liberia,LBR,"Air transport, passengers carried",IS.AIR.PSGR,1985,42000.0
Libya,LBY,"Air transport, passengers carried",IS.AIR.PSGR,1985,1579300.0
Latin America & Caribbean,LCN,"Air transport, passengers carried",IS.AIR.PSGR,1985,56286100.0
Least developed countries: UN classification,LDC,"Air transport, passengers carried",IS.AIR.PSGR,1985,7444900.0
Low income,LIC,"Air transport, passengers carried",IS.AIR.PSGR,1985,3859300.0
Sri Lanka,LKA,"Air transport, passengers carried",IS.AIR.PSGR,1985,698600.0
Lower middle income,LMC,"Air transport, passengers carried",IS.AIR.PSGR,1985,39238600.0
Low & middle income,LMY,"Air transport, passengers carried",IS.AIR.PSGR,1985,129165900.0
Lesotho,LSO,"Air transport, passengers carried",IS.AIR.PSGR,1985,50700.0
Late-demographic dividend,LTE,"Air transport, passengers carried",IS.AIR.PSGR,1985,55201400.0
Luxembourg,LUX,"Air transport, passengers carried",IS.AIR.PSGR,1985,239400.0
Morocco,MAR,"Air transport, passengers carried",IS.AIR.PSGR,1985,1113900.0
Monaco,MCO,"Air transport, passengers carried",IS.AIR.PSGR,1985,73800.0
Madagascar,MDG,"Air transport, passengers carried",IS.AIR.PSGR,1985,350800.0
Maldives,MDV,"Air transport, passengers carried",IS.AIR.PSGR,1985,60000.0
Middle East & North Africa,MEA,"Air transport, passengers carried",IS.AIR.PSGR,1985,34822500.0
Mexico,MEX,"Air transport, passengers carried",IS.AIR.PSGR,1985,15364400.0
Middle income,MIC,"Air transport, passengers carried",IS.AIR.PSGR,1985,125306600.0
Mali,MLI,"Air transport, passengers carried",IS.AIR.PSGR,1985,61000.0
Malta,MLT,"Air transport, passengers carried",IS.AIR.PSGR,1985,384100.0
Myanmar,MMR,"Air transport, passengers carried",IS.AIR.PSGR,1985,509000.0
Middle East & North Africa (excluding high income),MNA,"Air transport, passengers carried",IS.AIR.PSGR,1985,17521400.0
Mozambique,MOZ,"Air transport, passengers carried",IS.AIR.PSGR,1985,207700.0
Mauritania,MRT,"Air transport, passengers carried",IS.AIR.PSGR,1985,213800.0
Mauritius,MUS,"Air transport, passengers carried",IS.AIR.PSGR,1985,182800.0
Malawi,MWI,"Air transport, passengers carried",IS.AIR.PSGR,1985,140400.0
Malaysia,MYS,"Air transport, passengers carried",IS.AIR.PSGR,1985,5687000.0
North America,NAC,"Air transport, passengers carried",IS.AIR.PSGR,1985,391747504.0
Niger,NER,"Air transport, passengers carried",IS.AIR.PSGR,1985,73500.0
Nigeria,NGA,"Air transport, passengers carried",IS.AIR.PSGR,1985,2575000.0
Nicaragua,NIC,"Air transport, passengers carried",IS.AIR.PSGR,1985,90000.0
Netherlands,NLD,"Air transport, passengers carried",IS.AIR.PSGR,1985,6027700.0
Norway,NOR,"Air transport, passengers carried",IS.AIR.PSGR,1985,6799700.0
Nepal,NPL,"Air transport, passengers carried",IS.AIR.PSGR,1985,422000.0
New Zealand,NZL,"Air transport, passengers carried",IS.AIR.PSGR,1985,4158600.0
OECD members,OED,"Air transport, passengers carried",IS.AIR.PSGR,1985,644682604.0
Oman,OMN,"Air transport, passengers carried",IS.AIR.PSGR,1985,717500.0
Pakistan,PAK,"Air transport, passengers carried",IS.AIR.PSGR,1985,3839400.0
Panama,PAN,"Air transport, passengers carried",IS.AIR.PSGR,1985,390300.0
Peru,PER,"Air transport, passengers carried",IS.AIR.PSGR,1985,1563900.0
Philippines,PHL,"Air transport, passengers carried",IS.AIR.PSGR,1985,4610400.0
Papua New Guinea,PNG,"Air transport, passengers carried",IS.AIR.PSGR,1985,700900.0
Poland,POL,"Air transport, passengers carried",IS.AIR.PSGR,1985,1587000.0
Pre-demographic dividend,PRE,"Air transport, passengers carried",IS.AIR.PSGR,1985,9315600.0
"Korea, Dem. People's Rep.",PRK,"Air transport, passengers carried",IS.AIR.PSGR,1985,202000.0
Portugal,PRT,"Air transport, passengers carried",IS.AIR.PSGR,1985,2315200.0
Paraguay,PRY,"Air transport, passengers carried",IS.AIR.PSGR,1985,212000.0
Pacific island small states,PSS,"Air transport, passengers carried",IS.AIR.PSGR,1985,435000.0
Post-demographic dividend,PST,"Air transport, passengers carried",IS.AIR.PSGR,1985,622754404.0
Qatar,QAT,"Air transport, passengers carried",IS.AIR.PSGR,1985,717500.0
Romania,ROU,"Air transport, passengers carried",IS.AIR.PSGR,1985,1215800.0
Rwanda,RWA,"Air transport, passengers carried",IS.AIR.PSGR,1985,4800.0
South Asia,SAS,"Air transport, passengers carried",IS.AIR.PSGR,1985,17084600.0
Saudi Arabia,SAU,"Air transport, passengers carried",IS.AIR.PSGR,1985,10795100.0
Sudan,SDN,"Air transport, passengers carried",IS.AIR.PSGR,1985,428000.0
Senegal,SEN,"Air transport, passengers carried",IS.AIR.PSGR,1985,132100.0
Singapore,SGP,"Air transport, passengers carried",IS.AIR.PSGR,1985,4912300.0
Solomon Islands,SLB,"Air transport, passengers carried",IS.AIR.PSGR,1985,66000.0
Sierra Leone,SLE,"Air transport, passengers carried",IS.AIR.PSGR,1985,58000.0
El Salvador,SLV,"Air transport, passengers carried",IS.AIR.PSGR,1985,395000.0
Somalia,SOM,"Air transport, passengers carried",IS.AIR.PSGR,1985,99800.0
Sub-Saharan Africa (excluding high income),SSA,"Air transport, passengers carried",IS.AIR.PSGR,1985,14994600.0
Sub-Saharan Africa,SSF,"Air transport, passengers carried",IS.AIR.PSGR,1985,15179600.0
Sao Tome and Principe,STP,"Air transport, passengers carried",IS.AIR.PSGR,1985,9500.0
Suriname,SUR,"Air transport, passengers carried",IS.AIR.PSGR,1985,108000.0
Sweden,SWE,"Air transport, passengers carried",IS.AIR.PSGR,1985,7609600.0
Eswatini,SWZ,"Air transport, passengers carried",IS.AIR.PSGR,1985,39400.0
Seychelles,SYC,"Air transport, passengers carried",IS.AIR.PSGR,1985,185000.0
Syrian Arab Republic,SYR,"Air transport, passengers carried",IS.AIR.PSGR,1985,475800.0
Chad,TCD,"Air transport, passengers carried",IS.AIR.PSGR,1985,93500.0
East Asia & Pacific (IDA & IBRD countries),TEA,"Air transport, passengers carried",IS.AIR.PSGR,1985,29876100.0
Togo,TGO,"Air transport, passengers carried",IS.AIR.PSGR,1985,77500.0
Thailand,THA,"Air transport, passengers carried",IS.AIR.PSGR,1985,4065900.0
Latin America & the Caribbean (IDA & IBRD countries),TLA,"Air transport, passengers carried",IS.AIR.PSGR,1985,54531200.0
Middle East & North Africa (IDA & IBRD countries),TMN,"Air transport, passengers carried",IS.AIR.PSGR,1985,17521400.0
Tonga,TON,"Air transport, passengers carried",IS.AIR.PSGR,1985,8000.0
South Asia (IDA & IBRD),TSA,"Air transport, passengers carried",IS.AIR.PSGR,1985,17084600.0
Sub-Saharan Africa (IDA & IBRD countries),TSS,"Air transport, passengers carried",IS.AIR.PSGR,1985,15179600.0
Trinidad and Tobago,TTO,"Air transport, passengers carried",IS.AIR.PSGR,1985,1299500.0
Tunisia,TUN,"Air transport, passengers carried",IS.AIR.PSGR,1985,1281600.0
Turkiye,TUR,"Air transport, passengers carried",IS.AIR.PSGR,1985,2508000.0
Tanzania,TZA,"Air transport, passengers carried",IS.AIR.PSGR,1985,450900.0
Uganda,UGA,"Air transport, passengers carried",IS.AIR.PSGR,1985,35300.0
Upper middle income,UMC,"Air transport, passengers carried",IS.AIR.PSGR,1985,86068000.0
Uruguay,URY,"Air transport, passengers carried",IS.AIR.PSGR,1985,328500.0
United States,USA,"Air transport, passengers carried",IS.AIR.PSGR,1985,372059104.0
"Venezuela, RB",VEN,"Air transport, passengers carried",IS.AIR.PSGR,1985,4966500.0
Viet Nam,VNM,"Air transport, passengers carried",IS.AIR.PSGR,1985,84000.0
Vanuatu,VUT,"Air transport, passengers carried",IS.AIR.PSGR,1985,14400.0
World,WLD,"Air transport, passengers carried",IS.AIR.PSGR,1985,783198104.0
"Yemen, Rep.",YEM,"Air transport, passengers carried",IS.AIR.PSGR,1985,426200.0
South Africa,ZAF,"Air transport, passengers carried",IS.AIR.PSGR,1985,4337300.0
Zambia,ZMB,"Air transport, passengers carried",IS.AIR.PSGR,1985,253900.0
Zimbabwe,ZWE,"Air transport, passengers carried",IS.AIR.PSGR,1985,453100.0
Africa Eastern and Southern,AFE,"Air transport, passengers carried",IS.AIR.PSGR,1986,8825600.0
Afghanistan,AFG,"Air transport, passengers carried",IS.AIR.PSGR,1986,184400.0
Africa Western and Central,AFW,"Air transport, passengers carried",IS.AIR.PSGR,1986,5265300.0
Angola,AGO,"Air transport, passengers carried",IS.AIR.PSGR,1986,727000.0
Arab World,ARB,"Air transport, passengers carried",IS.AIR.PSGR,1986,27905400.0
United Arab Emirates,ARE,"Air transport, passengers carried",IS.AIR.PSGR,1986,935200.0
Argentina,ARG,"Air transport, passengers carried",IS.AIR.PSGR,1986,5034700.0
Antigua and Barbuda,ATG,"Air transport, passengers carried",IS.AIR.PSGR,1986,600000.0
Australia,AUS,"Air transport, passengers carried",IS.AIR.PSGR,1986,15497300.0
Austria,AUT,"Air transport, passengers carried",IS.AIR.PSGR,1986,1640400.0
Burundi,BDI,"Air transport, passengers carried",IS.AIR.PSGR,1986,5500.0
Belgium,BEL,"Air transport, passengers carried",IS.AIR.PSGR,1986,2233200.0
Benin,BEN,"Air transport, passengers carried",IS.AIR.PSGR,1986,108400.0
Burkina Faso,BFA,"Air transport, passengers carried",IS.AIR.PSGR,1986,158400.0
Bangladesh,BGD,"Air transport, passengers carried",IS.AIR.PSGR,1986,852400.0
Bulgaria,BGR,"Air transport, passengers carried",IS.AIR.PSGR,1986,1965300.0
Bahrain,BHR,"Air transport, passengers carried",IS.AIR.PSGR,1986,647400.0
"Bahamas, The",BHS,"Air transport, passengers carried",IS.AIR.PSGR,1986,958200.0
Bolivia,BOL,"Air transport, passengers carried",IS.AIR.PSGR,1986,1300700.0
Brazil,BRA,"Air transport, passengers carried",IS.AIR.PSGR,1986,17194700.0
Barbados,BRB,"Air transport, passengers carried",IS.AIR.PSGR,1986,52400.0
Brunei Darussalam,BRN,"Air transport, passengers carried",IS.AIR.PSGR,1986,206600.0
Botswana,BWA,"Air transport, passengers carried",IS.AIR.PSGR,1986,54000.0
Central African Republic,CAF,"Air transport, passengers carried",IS.AIR.PSGR,1986,128400.0
Canada,CAN,"Air transport, passengers carried",IS.AIR.PSGR,1986,20378500.0
Central Europe and the Baltics,CEB,"Air transport, passengers carried",IS.AIR.PSGR,1986,6920800.0
Switzerland,CHE,"Air transport, passengers carried",IS.AIR.PSGR,1986,6707800.0
Chile,CHL,"Air transport, passengers carried",IS.AIR.PSGR,1986,875200.0
China,CHN,"Air transport, passengers carried",IS.AIR.PSGR,1986,10000000.0
Cote d'Ivoire,CIV,"Air transport, passengers carried",IS.AIR.PSGR,1986,184900.0
Cameroon,CMR,"Air transport, passengers carried",IS.AIR.PSGR,1986,536100.0
"Congo, Dem. Rep.",COD,"Air transport, passengers carried",IS.AIR.PSGR,1986,168900.0
"Congo, Rep.",COG,"Air transport, passengers carried",IS.AIR.PSGR,1986,248400.0
Colombia,COL,"Air transport, passengers carried",IS.AIR.PSGR,1986,5731300.0
Comoros,COM,"Air transport, passengers carried",IS.AIR.PSGR,1986,25900.0
Cabo Verde,CPV,"Air transport, passengers carried",IS.AIR.PSGR,1986,150000.0
Costa Rica,CRI,"Air transport, passengers carried",IS.AIR.PSGR,1986,334700.0
Caribbean small states,CSS,"Air transport, passengers carried",IS.AIR.PSGR,1986,1822300.0
Cuba,CUB,"Air transport, passengers carried",IS.AIR.PSGR,1986,913200.0
Cyprus,CYP,"Air transport, passengers carried",IS.AIR.PSGR,1986,620500.0
Czechia,CZE,"Air transport, passengers carried",IS.AIR.PSGR,1986,991000.0
Germany,DEU,"Air transport, passengers carried",IS.AIR.PSGR,1986,15174000.0
Djibouti,DJI,"Air transport, passengers carried",IS.AIR.PSGR,1986,117000.0
Denmark,DNK,"Air transport, passengers carried",IS.AIR.PSGR,1986,3834000.0
Dominican Republic,DOM,"Air transport, passengers carried",IS.AIR.PSGR,1986,614500.0
Algeria,DZA,"Air transport, passengers carried",IS.AIR.PSGR,1986,3689900.0
East Asia & Pacific (excluding high income),EAP,"Air transport, passengers carried",IS.AIR.PSGR,1986,34762200.0
Early-demographic dividend,EAR,"Air transport, passengers carried",IS.AIR.PSGR,1986,97108600.0
East Asia & Pacific,EAS,"Air transport, passengers carried",IS.AIR.PSGR,1986,119684900.0
Ecuador,ECU,"Air transport, passengers carried",IS.AIR.PSGR,1986,697200.0
"Egypt, Arab Rep.",EGY,"Air transport, passengers carried",IS.AIR.PSGR,1986,2350100.0
Euro area,EMU,"Air transport, passengers carried",IS.AIR.PSGR,1986,94997000.0
Spain,ESP,"Air transport, passengers carried",IS.AIR.PSGR,1986,15403500.0
Ethiopia,ETH,"Air transport, passengers carried",IS.AIR.PSGR,1986,527500.0
European Union,EUU,"Air transport, passengers carried",IS.AIR.PSGR,1986,114465700.0
Fragile and conflict affected situations,FCS,"Air transport, passengers carried",IS.AIR.PSGR,1986,16257900.0
Finland,FIN,"Air transport, passengers carried",IS.AIR.PSGR,1986,2987800.0
Fiji,FJI,"Air transport, passengers carried",IS.AIR.PSGR,1986,313400.0
France,FRA,"Air transport, passengers carried",IS.AIR.PSGR,1986,25211400.0
Gabon,GAB,"Air transport, passengers carried",IS.AIR.PSGR,1986,459500.0
United Kingdom,GBR,"Air transport, passengers carried",IS.AIR.PSGR,1986,29373100.0
Ghana,GHA,"Air transport, passengers carried",IS.AIR.PSGR,1986,247900.0
Guinea,GIN,"Air transport, passengers carried",IS.AIR.PSGR,1986,25700.0
Guinea-Bissau,GNB,"Air transport, passengers carried",IS.AIR.PSGR,1986,19500.0
Equatorial Guinea,GNQ,"Air transport, passengers carried",IS.AIR.PSGR,1986,13700.0
Greece,GRC,"Air transport, passengers carried",IS.AIR.PSGR,1986,6479500.0
Guatemala,GTM,"Air transport, passengers carried",IS.AIR.PSGR,1986,103100.0
Guyana,GUY,"Air transport, passengers carried",IS.AIR.PSGR,1986,122500.0
High income,HIC,"Air transport, passengers carried",IS.AIR.PSGR,1986,699685196.0
Honduras,HND,"Air transport, passengers carried",IS.AIR.PSGR,1986,319600.0
Heavily indebted poor countries (HIPC),HPC,"Air transport, passengers carried",IS.AIR.PSGR,1986,7178000.0
Haiti,HTI,"Air transport, passengers carried",IS.AIR.PSGR,1986,0.0
Hungary,HUN,"Air transport, passengers carried",IS.AIR.PSGR,1986,1150600.0
IBRD only,IBD,"Air transport, passengers carried",IS.AIR.PSGR,1986,132087000.0
IDA & IBRD total,IBT,"Air transport, passengers carried",IS.AIR.PSGR,1986,150467600.0
IDA total,IDA,"Air transport, passengers carried",IS.AIR.PSGR,1986,18380600.0
IDA blend,IDB,"Air transport, passengers carried",IS.AIR.PSGR,1986,9424300.0
Indonesia,IDN,"Air transport, passengers carried",IS.AIR.PSGR,1986,7115400.0
IDA only,IDX,"Air transport, passengers carried",IS.AIR.PSGR,1986,8956300.0
India,IND,"Air transport, passengers carried",IS.AIR.PSGR,1986,11785200.0
Ireland,IRL,"Air transport, passengers carried",IS.AIR.PSGR,1986,1972000.0
"Iran, Islamic Rep.",IRN,"Air transport, passengers carried",IS.AIR.PSGR,1986,4670600.0
Iraq,IRQ,"Air transport, passengers carried",IS.AIR.PSGR,1986,535000.0
Iceland,ISL,"Air transport, passengers carried",IS.AIR.PSGR,1986,808400.0
Israel,ISR,"Air transport, passengers carried",IS.AIR.PSGR,1986,1828600.0
Italy,ITA,"Air transport, passengers carried",IS.AIR.PSGR,1986,13811100.0
Jamaica,JAM,"Air transport, passengers carried",IS.AIR.PSGR,1986,1058600.0
Jordan,JOR,"Air transport, passengers carried",IS.AIR.PSGR,1986,1132000.0
Japan,JPN,"Air transport, passengers carried",IS.AIR.PSGR,1986,52489800.0
Kenya,KEN,"Air transport, passengers carried",IS.AIR.PSGR,1986,611300.0
Kiribati,KIR,"Air transport, passengers carried",IS.AIR.PSGR,1986,32000.0
"Korea, Rep.",KOR,"Air transport, passengers carried",IS.AIR.PSGR,1986,7211400.0
Kuwait,KWT,"Air transport, passengers carried",IS.AIR.PSGR,1986,1465700.0
Latin America & Caribbean (excluding high income),LAC,"Air transport, passengers carried",IS.AIR.PSGR,1986,50101600.0
Lao PDR,LAO,"Air transport, passengers carried",IS.AIR.PSGR,1986,24500.0
Lebanon,LBN,"Air transport, passengers carried",IS.AIR.PSGR,1986,498700.0
Liberia,LBR,"Air transport, passengers carried",IS.AIR.PSGR,1986,42000.0
Libya,LBY,"Air transport, passengers carried",IS.AIR.PSGR,1986,1382900.0
Latin America & Caribbean,LCN,"Air transport, passengers carried",IS.AIR.PSGR,1986,60548200.0
Least developed countries: UN classification,LDC,"Air transport, passengers carried",IS.AIR.PSGR,1986,7547000.0
Low income,LIC,"Air transport, passengers carried",IS.AIR.PSGR,1986,4160000.0
Sri Lanka,LKA,"Air transport, passengers carried",IS.AIR.PSGR,1986,611400.0
Lower middle income,LMC,"Air transport, passengers carried",IS.AIR.PSGR,1986,38801100.0
Low & middle income,LMY,"Air transport, passengers carried",IS.AIR.PSGR,1986,137118200.0
Lesotho,LSO,"Air transport, passengers carried",IS.AIR.PSGR,1986,55300.0
Late-demographic dividend,LTE,"Air transport, passengers carried",IS.AIR.PSGR,1986,63012500.0
Luxembourg,LUX,"Air transport, passengers carried",IS.AIR.PSGR,1986,247700.0
Morocco,MAR,"Air transport, passengers carried",IS.AIR.PSGR,1986,1095500.0
Monaco,MCO,"Air transport, passengers carried",IS.AIR.PSGR,1986,37500.0
Madagascar,MDG,"Air transport, passengers carried",IS.AIR.PSGR,1986,355900.0
Maldives,MDV,"Air transport, passengers carried",IS.AIR.PSGR,1986,65000.0
Middle East & North Africa,MEA,"Air transport, passengers carried",IS.AIR.PSGR,1986,34087200.0
Mexico,MEX,"Air transport, passengers carried",IS.AIR.PSGR,1986,13824500.0
Middle income,MIC,"Air transport, passengers carried",IS.AIR.PSGR,1986,132958200.0
Mali,MLI,"Air transport, passengers carried",IS.AIR.PSGR,1986,69000.0
Malta,MLT,"Air transport, passengers carried",IS.AIR.PSGR,1986,411300.0
Myanmar,MMR,"Air transport, passengers carried",IS.AIR.PSGR,1986,511000.0
Middle East & North Africa (excluding high income),MNA,"Air transport, passengers carried",IS.AIR.PSGR,1986,17574800.0
Mozambique,MOZ,"Air transport, passengers carried",IS.AIR.PSGR,1986,226400.0
Mauritania,MRT,"Air transport, passengers carried",IS.AIR.PSGR,1986,233400.0
Mauritius,MUS,"Air transport, passengers carried",IS.AIR.PSGR,1986,199700.0
Malawi,MWI,"Air transport, passengers carried",IS.AIR.PSGR,1986,140200.0
Malaysia,MYS,"Air transport, passengers carried",IS.AIR.PSGR,1986,6310500.0
North America,NAC,"Air transport, passengers carried",IS.AIR.PSGR,1986,434932996.0
Niger,NER,"Air transport, passengers carried",IS.AIR.PSGR,1986,120000.0
Nigeria,NGA,"Air transport, passengers carried",IS.AIR.PSGR,1986,2134000.0
Nicaragua,NIC,"Air transport, passengers carried",IS.AIR.PSGR,1986,80900.0
Netherlands,NLD,"Air transport, passengers carried",IS.AIR.PSGR,1986,6382000.0
Norway,NOR,"Air transport, passengers carried",IS.AIR.PSGR,1986,7485200.0
Nepal,NPL,"Air transport, passengers carried",IS.AIR.PSGR,1986,436200.0
New Zealand,NZL,"Air transport, passengers carried",IS.AIR.PSGR,1986,4527300.0
OECD members,OED,"Air transport, passengers carried",IS.AIR.PSGR,1986,694577696.0
Oman,OMN,"Air transport, passengers carried",IS.AIR.PSGR,1986,647400.0
Pakistan,PAK,"Air transport, passengers carried",IS.AIR.PSGR,1986,4127200.0
Panama,PAN,"Air transport, passengers carried",IS.AIR.PSGR,1986,364200.0
Peru,PER,"Air transport, passengers carried",IS.AIR.PSGR,1986,2152900.0
Philippines,PHL,"Air transport, passengers carried",IS.AIR.PSGR,1986,4879600.0
Papua New Guinea,PNG,"Air transport, passengers carried",IS.AIR.PSGR,1986,807400.0
Poland,POL,"Air transport, passengers carried",IS.AIR.PSGR,1986,1573500.0
Pre-demographic dividend,PRE,"Air transport, passengers carried",IS.AIR.PSGR,1986,8586600.0
"Korea, Dem. People's Rep.",PRK,"Air transport, passengers carried",IS.AIR.PSGR,1986,200000.0
Portugal,PRT,"Air transport, passengers carried",IS.AIR.PSGR,1986,2422600.0
Paraguay,PRY,"Air transport, passengers carried",IS.AIR.PSGR,1986,184200.0
Pacific island small states,PSS,"Air transport, passengers carried",IS.AIR.PSGR,1986,455800.0
Post-demographic dividend,PST,"Air transport, passengers carried",IS.AIR.PSGR,1986,673840096.0
Qatar,QAT,"Air transport, passengers carried",IS.AIR.PSGR,1986,647400.0
Romania,ROU,"Air transport, passengers carried",IS.AIR.PSGR,1986,1240400.0
Rwanda,RWA,"Air transport, passengers carried",IS.AIR.PSGR,1986,4300.0
South Asia,SAS,"Air transport, passengers carried",IS.AIR.PSGR,1986,18061800.0
Saudi Arabia,SAU,"Air transport, passengers carried",IS.AIR.PSGR,1986,9929400.0
Sudan,SDN,"Air transport, passengers carried",IS.AIR.PSGR,1986,347400.0
Senegal,SEN,"Air transport, passengers carried",IS.AIR.PSGR,1986,144100.0
Singapore,SGP,"Air transport, passengers carried",IS.AIR.PSGR,1986,4990300.0
Solomon Islands,SLB,"Air transport, passengers carried",IS.AIR.PSGR,1986,64900.0
Sierra Leone,SLE,"Air transport, passengers carried",IS.AIR.PSGR,1986,59000.0
El Salvador,SLV,"Air transport, passengers carried",IS.AIR.PSGR,1986,467600.0
Somalia,SOM,"Air transport, passengers carried",IS.AIR.PSGR,1986,122000.0
Sub-Saharan Africa (excluding high income),SSA,"Air transport, passengers carried",IS.AIR.PSGR,1986,13895900.0
Sub-Saharan Africa,SSF,"Air transport, passengers carried",IS.AIR.PSGR,1986,14090900.0
Sao Tome and Principe,STP,"Air transport, passengers carried",IS.AIR.PSGR,1986,9000.0
Suriname,SUR,"Air transport, passengers carried",IS.AIR.PSGR,1986,89200.0
Sweden,SWE,"Air transport, passengers carried",IS.AIR.PSGR,1986,8713900.0
Eswatini,SWZ,"Air transport, passengers carried",IS.AIR.PSGR,1986,45000.0
Seychelles,SYC,"Air transport, passengers carried",IS.AIR.PSGR,1986,195000.0
Syrian Arab Republic,SYR,"Air transport, passengers carried",IS.AIR.PSGR,1986,458600.0
Chad,TCD,"Air transport, passengers carried",IS.AIR.PSGR,1986,104500.0
East Asia & Pacific (IDA & IBRD countries),TEA,"Air transport, passengers carried",IS.AIR.PSGR,1986,34562200.0
Togo,TGO,"Air transport, passengers carried",IS.AIR.PSGR,1986,78400.0
Thailand,THA,"Air transport, passengers carried",IS.AIR.PSGR,1986,4370000.0
Latin America & the Caribbean (IDA & IBRD countries),TLA,"Air transport, passengers carried",IS.AIR.PSGR,1986,58676800.0
Middle East & North Africa (IDA & IBRD countries),TMN,"Air transport, passengers carried",IS.AIR.PSGR,1986,17574800.0
Tonga,TON,"Air transport, passengers carried",IS.AIR.PSGR,1986,30200.0
South Asia (IDA & IBRD),TSA,"Air transport, passengers carried",IS.AIR.PSGR,1986,18061800.0
Sub-Saharan Africa (IDA & IBRD countries),TSS,"Air transport, passengers carried",IS.AIR.PSGR,1986,14090900.0
Trinidad and Tobago,TTO,"Air transport, passengers carried",IS.AIR.PSGR,1986,1342400.0
Tunisia,TUN,"Air transport, passengers carried",IS.AIR.PSGR,1986,1054800.0
Turkiye,TUR,"Air transport, passengers carried",IS.AIR.PSGR,1986,2721900.0
Tanzania,TZA,"Air transport, passengers carried",IS.AIR.PSGR,1986,441100.0
Uganda,UGA,"Air transport, passengers carried",IS.AIR.PSGR,1986,50000.0
Upper middle income,UMC,"Air transport, passengers carried",IS.AIR.PSGR,1986,94157100.0
Uruguay,URY,"Air transport, passengers carried",IS.AIR.PSGR,1986,340800.0
United States,USA,"Air transport, passengers carried",IS.AIR.PSGR,1986,414554496.0
"Venezuela, RB",VEN,"Air transport, passengers carried",IS.AIR.PSGR,1986,5790900.0
Viet Nam,VNM,"Air transport, passengers carried",IS.AIR.PSGR,1986,88000.0
Vanuatu,VUT,"Air transport, passengers carried",IS.AIR.PSGR,1986,15300.0
World,WLD,"Air transport, passengers carried",IS.AIR.PSGR,1986,842594296.0
"Yemen, Rep.",YEM,"Air transport, passengers carried",IS.AIR.PSGR,1986,589700.0
South Africa,ZAF,"Air transport, passengers carried",IS.AIR.PSGR,1986,3825000.0
Zambia,ZMB,"Air transport, passengers carried",IS.AIR.PSGR,1986,237700.0
Zimbabwe,ZWE,"Air transport, passengers carried",IS.AIR.PSGR,1986,451500.0
Africa Eastern and Southern,AFE,"Air transport, passengers carried",IS.AIR.PSGR,2002,14462573.0
Africa Western and Central,AFW,"Air transport, passengers carried",IS.AIR.PSGR,2002,2072438.0
Angola,AGO,"Air transport, passengers carried",IS.AIR.PSGR,2002,189619.0
Albania,ALB,"Air transport, passengers carried",IS.AIR.PSGR,2002,137569.0
Arab World,ARB,"Air transport, passengers carried",IS.AIR.PSGR,2002,49871837.0
United Arab Emirates,ARE,"Air transport, passengers carried",IS.AIR.PSGR,2002,9667005.0
Argentina,ARG,"Air transport, passengers carried",IS.AIR.PSGR,2002,5662905.0
Armenia,ARM,"Air transport, passengers carried",IS.AIR.PSGR,2002,407777.0
Antigua and Barbuda,ATG,"Air transport, passengers carried",IS.AIR.PSGR,2002,1286925.0
Australia,AUS,"Air transport, passengers carried",IS.AIR.PSGR,2002,39021581.0
Austria,AUT,"Air transport, passengers carried",IS.AIR.PSGR,2002,7070344.0
Azerbaijan,AZE,"Air transport, passengers carried",IS.AIR.PSGR,2002,575300.0
Belgium,BEL,"Air transport, passengers carried",IS.AIR.PSGR,2002,2341816.0
Burkina Faso,BFA,"Air transport, passengers carried",IS.AIR.PSGR,2002,53236.0
Bangladesh,BGD,"Air transport, passengers carried",IS.AIR.PSGR,2002,1536102.0
Bulgaria,BGR,"Air transport, passengers carried",IS.AIR.PSGR,2002,62798.0
Bahrain,BHR,"Air transport, passengers carried",IS.AIR.PSGR,2002,1255713.0
"Bahamas, The",BHS,"Air transport, passengers carried",IS.AIR.PSGR,2002,1543274.0
Bosnia and Herzegovina,BIH,"Air transport, passengers carried",IS.AIR.PSGR,2002,65643.0
Belarus,BLR,"Air transport, passengers carried",IS.AIR.PSGR,2002,204908.0
Bolivia,BOL,"Air transport, passengers carried",IS.AIR.PSGR,2002,1508700.0
Brazil,BRA,"Air transport, passengers carried",IS.AIR.PSGR,2002,35889538.0
Brunei Darussalam,BRN,"Air transport, passengers carried",IS.AIR.PSGR,2002,1035795.0
Bhutan,BTN,"Air transport, passengers carried",IS.AIR.PSGR,2002,40859.0
Botswana,BWA,"Air transport, passengers carried",IS.AIR.PSGR,2002,179041.0
Canada,CAN,"Air transport, passengers carried",IS.AIR.PSGR,2002,23323029.0
Central Europe and the Baltics,CEB,"Air transport, passengers carried",IS.AIR.PSGR,2002,11808082.0
Switzerland,CHE,"Air transport, passengers carried",IS.AIR.PSGR,2002,13295500.0
Chile,CHL,"Air transport, passengers carried",IS.AIR.PSGR,2002,4986727.0
China,CHN,"Air transport, passengers carried",IS.AIR.PSGR,2002,83671798.0
Cameroon,CMR,"Air transport, passengers carried",IS.AIR.PSGR,2002,243122.0
"Congo, Rep.",COG,"Air transport, passengers carried",IS.AIR.PSGR,2002,46967.0
Colombia,COL,"Air transport, passengers carried",IS.AIR.PSGR,2002,9424850.0
Cabo Verde,CPV,"Air transport, passengers carried",IS.AIR.PSGR,2002,236577.0
Costa Rica,CRI,"Air transport, passengers carried",IS.AIR.PSGR,2002,675146.0
Cuba,CUB,"Air transport, passengers carried",IS.AIR.PSGR,2002,588700.0
Cyprus,CYP,"Air transport, passengers carried",IS.AIR.PSGR,2002,1704780.0
Czechia,CZE,"Air transport, passengers carried",IS.AIR.PSGR,2002,2808793.0
Germany,DEU,"Air transport, passengers carried",IS.AIR.PSGR,2002,61889678.0
Denmark,DNK,"Air transport, passengers carried",IS.AIR.PSGR,2002,6322432.0
Algeria,DZA,"Air transport, passengers carried",IS.AIR.PSGR,2002,3002232.0
East Asia & Pacific (excluding high income),EAP,"Air transport, passengers carried",IS.AIR.PSGR,2002,144954360.0
Early-demographic dividend,EAR,"Air transport, passengers carried",IS.AIR.PSGR,2002,149570435.0
East Asia & Pacific,EAS,"Air transport, passengers carried",IS.AIR.PSGR,2002,374787907.0
Europe & Central Asia (excluding high income),ECA,"Air transport, passengers carried",IS.AIR.PSGR,2002,19211823.0
Europe & Central Asia,ECS,"Air transport, passengers carried",IS.AIR.PSGR,2002,426545437.0
Ecuador,ECU,"Air transport, passengers carried",IS.AIR.PSGR,2002,1184098.0
"Egypt, Arab Rep.",EGY,"Air transport, passengers carried",IS.AIR.PSGR,2002,4526688.0
Euro area,EMU,"Air transport, passengers carried",IS.AIR.PSGR,2002,259641964.0
Spain,ESP,"Air transport, passengers carried",IS.AIR.PSGR,2002,40380629.0
Estonia,EST,"Air transport, passengers carried",IS.AIR.PSGR,2002,304135.0
Ethiopia,ETH,"Air transport, passengers carried",IS.AIR.PSGR,2002,1103184.0
European Union,EUU,"Air transport, passengers carried",IS.AIR.PSGR,2002,287161373.0
Fragile and conflict affected situations,FCS,"Air transport, passengers carried",IS.AIR.PSGR,2002,16191622.0
Finland,FIN,"Air transport, passengers carried",IS.AIR.PSGR,2002,6415606.0
Fiji,FJI,"Air transport, passengers carried",IS.AIR.PSGR,2002,715000.0
France,FRA,"Air transport, passengers carried",IS.AIR.PSGR,2002,49305864.0
Gabon,GAB,"Air transport, passengers carried",IS.AIR.PSGR,2002,365877.0
United Kingdom,GBR,"Air transport, passengers carried",IS.AIR.PSGR,2002,72381196.0
Georgia,GEO,"Air transport, passengers carried",IS.AIR.PSGR,2002,246609.0
Ghana,GHA,"Air transport, passengers carried",IS.AIR.PSGR,2002,255630.0
Greece,GRC,"Air transport, passengers carried",IS.AIR.PSGR,2002,7579225.0
High income,HIC,"Air transport, passengers carried",IS.AIR.PSGR,2002,1307644929.0
"Hong Kong SAR, China",HKG,"Air transport, passengers carried",IS.AIR.PSGR,2002,15636216.0
Croatia,HRV,"Air transport, passengers carried",IS.AIR.PSGR,2002,1356000.0
Hungary,HUN,"Air transport, passengers carried",IS.AIR.PSGR,2002,2098760.0
IBRD only,IBD,"Air transport, passengers carried",IS.AIR.PSGR,2002,333136505.0
IDA & IBRD total,IBT,"Air transport, passengers carried",IS.AIR.PSGR,2002,354836889.0
IDA total,IDA,"Air transport, passengers carried",IS.AIR.PSGR,2002,21700384.0
IDA blend,IDB,"Air transport, passengers carried",IS.AIR.PSGR,2002,10439111.0
Indonesia,IDN,"Air transport, passengers carried",IS.AIR.PSGR,2002,12113452.0
IDA only,IDX,"Air transport, passengers carried",IS.AIR.PSGR,2002,11261273.0
India,IND,"Air transport, passengers carried",IS.AIR.PSGR,2002,17633019.0
Ireland,IRL,"Air transport, passengers carried",IS.AIR.PSGR,2002,19728801.0
"Iran, Islamic Rep.",IRN,"Air transport, passengers carried",IS.AIR.PSGR,2002,9891522.0
Iceland,ISL,"Air transport, passengers carried",IS.AIR.PSGR,2002,1198920.0
Israel,ISR,"Air transport, passengers carried",IS.AIR.PSGR,2002,3708138.0
Italy,ITA,"Air transport, passengers carried",IS.AIR.PSGR,2002,28244627.0
Jamaica,JAM,"Air transport, passengers carried",IS.AIR.PSGR,2002,2016000.0
Jordan,JOR,"Air transport, passengers carried",IS.AIR.PSGR,2002,1299699.0
Japan,JPN,"Air transport, passengers carried",IS.AIR.PSGR,2002,109037841.0
Kazakhstan,KAZ,"Air transport, passengers carried",IS.AIR.PSGR,2002,756959.0
Kenya,KEN,"Air transport, passengers carried",IS.AIR.PSGR,2002,1599843.0
Kyrgyz Republic,KGZ,"Air transport, passengers carried",IS.AIR.PSGR,2002,174369.0
Cambodia,KHM,"Air transport, passengers carried",IS.AIR.PSGR,2002,124847.0
"Korea, Rep.",KOR,"Air transport, passengers carried",IS.AIR.PSGR,2002,34831814.0
Kuwait,KWT,"Air transport, passengers carried",IS.AIR.PSGR,2002,2299218.0
Latin America & Caribbean (excluding high income),LAC,"Air transport, passengers carried",IS.AIR.PSGR,2002,80916912.0
Lao PDR,LAO,"Air transport, passengers carried",IS.AIR.PSGR,2002,219598.0
Lebanon,LBN,"Air transport, passengers carried",IS.AIR.PSGR,2002,874152.0
Libya,LBY,"Air transport, passengers carried",IS.AIR.PSGR,2002,559404.0
Latin America & Caribbean,LCN,"Air transport, passengers carried",IS.AIR.PSGR,2002,97945064.0
Least developed countries: UN classification,LDC,"Air transport, passengers carried",IS.AIR.PSGR,2002,7387912.0
Sri Lanka,LKA,"Air transport, passengers carried",IS.AIR.PSGR,2002,1740807.0
Lower middle income,LMC,"Air transport, passengers carried",IS.AIR.PSGR,2002,58133485.0
Low & middle income,LMY,"Air transport, passengers carried",IS.AIR.PSGR,2002,313390489.0
Late-demographic dividend,LTE,"Air transport, passengers carried",IS.AIR.PSGR,2002,258940139.0
Lithuania,LTU,"Air transport, passengers carried",IS.AIR.PSGR,2002,303865.0
Luxembourg,LUX,"Air transport, passengers carried",IS.AIR.PSGR,2002,822533.0
Latvia,LVA,"Air transport, passengers carried",IS.AIR.PSGR,2002,264991.0
"Macao SAR, China",MAC,"Air transport, passengers carried",IS.AIR.PSGR,2002,1728004.0
Morocco,MAR,"Air transport, passengers carried",IS.AIR.PSGR,2002,3049154.0
Monaco,MCO,"Air transport, passengers carried",IS.AIR.PSGR,2002,104255.0
Moldova,MDA,"Air transport, passengers carried",IS.AIR.PSGR,2002,129377.0
Madagascar,MDG,"Air transport, passengers carried",IS.AIR.PSGR,2002,266033.0
Maldives,MDV,"Air transport, passengers carried",IS.AIR.PSGR,2002,57902.0
Middle East & North Africa,MEA,"Air transport, passengers carried",IS.AIR.PSGR,2002,64355768.0
Mexico,MEX,"Air transport, passengers carried",IS.AIR.PSGR,2002,19618662.0
Marshall Islands,MHL,"Air transport, passengers carried",IS.AIR.PSGR,2002,24592.0
Middle income,MIC,"Air transport, passengers carried",IS.AIR.PSGR,2002,309237730.0
North Macedonia,MKD,"Air transport, passengers carried",IS.AIR.PSGR,2002,165735.0
Malta,MLT,"Air transport, passengers carried",IS.AIR.PSGR,2002,1398990.0
Myanmar,MMR,"Air transport, passengers carried",IS.AIR.PSGR,2002,1186162.0
Middle East & North Africa (excluding high income),MNA,"Air transport, passengers carried",IS.AIR.PSGR,2002,26788324.0
Mongolia,MNG,"Air transport, passengers carried",IS.AIR.PSGR,2002,269886.0
Mozambique,MOZ,"Air transport, passengers carried",IS.AIR.PSGR,2002,281513.0
Mauritania,MRT,"Air transport, passengers carried",IS.AIR.PSGR,2002,105541.0
Mauritius,MUS,"Air transport, passengers carried",IS.AIR.PSGR,2002,1029466.0
Malawi,MWI,"Air transport, passengers carried",IS.AIR.PSGR,2002,104711.0
Malaysia,MYS,"Air transport, passengers carried",IS.AIR.PSGR,2002,16281275.0
North America,NAC,"Air transport, passengers carried",IS.AIR.PSGR,2002,621733444.0
Namibia,NAM,"Air transport, passengers carried",IS.AIR.PSGR,2002,222009.0
Nigeria,NGA,"Air transport, passengers carried",IS.AIR.PSGR,2002,520278.0
Netherlands,NLD,"Air transport, passengers carried",IS.AIR.PSGR,2002,22931166.0
Norway,NOR,"Air transport, passengers carried",IS.AIR.PSGR,2002,13699204.0
Nepal,NPL,"Air transport, passengers carried",IS.AIR.PSGR,2002,352544.0
New Zealand,NZL,"Air transport, passengers carried",IS.AIR.PSGR,2002,11285424.0
OECD members,OED,"Air transport, passengers carried",IS.AIR.PSGR,2002,1247264642.0
Oman,OMN,"Air transport, passengers carried",IS.AIR.PSGR,2002,2103559.0
Pakistan,PAK,"Air transport, passengers carried",IS.AIR.PSGR,2002,4141009.0
Panama,PAN,"Air transport, passengers carried",IS.AIR.PSGR,2002,1047843.0
Peru,PER,"Air transport, passengers carried",IS.AIR.PSGR,2002,2085823.0
Philippines,PHL,"Air transport, passengers carried",IS.AIR.PSGR,2002,6449022.0
Papua New Guinea,PNG,"Air transport, passengers carried",IS.AIR.PSGR,2002,1234779.0
Poland,POL,"Air transport, passengers carried",IS.AIR.PSGR,2002,2845919.0
"Korea, Dem. People's Rep.",PRK,"Air transport, passengers carried",IS.AIR.PSGR,2002,84321.0
Portugal,PRT,"Air transport, passengers carried",IS.AIR.PSGR,2002,6795580.0
Paraguay,PRY,"Air transport, passengers carried",IS.AIR.PSGR,2002,267089.0
Pacific island small states,PSS,"Air transport, passengers carried",IS.AIR.PSGR,2002,1169195.0
Post-demographic dividend,PST,"Air transport, passengers carried",IS.AIR.PSGR,2002,1214443600.0
Qatar,QAT,"Air transport, passengers carried",IS.AIR.PSGR,2002,3570521.0
Romania,ROU,"Air transport, passengers carried",IS.AIR.PSGR,2002,959487.0
Russian Federation,RUS,"Air transport, passengers carried",IS.AIR.PSGR,2002,20892156.0
South Asia,SAS,"Air transport, passengers carried",IS.AIR.PSGR,2002,25502242.0
Saudi Arabia,SAU,"Air transport, passengers carried",IS.AIR.PSGR,2002,13564300.0
Sudan,SDN,"Air transport, passengers carried",IS.AIR.PSGR,2002,409178.0
Senegal,SEN,"Air transport, passengers carried",IS.AIR.PSGR,2002,231333.0
Singapore,SGP,"Air transport, passengers carried",IS.AIR.PSGR,2002,17256872.0
Solomon Islands,SLB,"Air transport, passengers carried",IS.AIR.PSGR,2002,84537.0
Sierra Leone,SLE,"Air transport, passengers carried",IS.AIR.PSGR,2002,13877.0
El Salvador,SLV,"Air transport, passengers carried",IS.AIR.PSGR,2002,1804307.0
Serbia,SRB,"Air transport, passengers carried",IS.AIR.PSGR,2002,1185479.0
Sub-Saharan Africa (excluding high income),SSA,"Air transport, passengers carried",IS.AIR.PSGR,2002,16016828.0
Sub-Saharan Africa,SSF,"Air transport, passengers carried",IS.AIR.PSGR,2002,16535011.0
Sao Tome and Principe,STP,"Air transport, passengers carried",IS.AIR.PSGR,2002,34496.0
Suriname,SUR,"Air transport, passengers carried",IS.AIR.PSGR,2002,191094.0
Slovak Republic,SVK,"Air transport, passengers carried",IS.AIR.PSGR,2002,82821.0
Slovenia,SVN,"Air transport, passengers carried",IS.AIR.PSGR,2002,720513.0
Sweden,SWE,"Air transport, passengers carried",IS.AIR.PSGR,2002,12421220.0
Seychelles,SYC,"Air transport, passengers carried",IS.AIR.PSGR,2002,518183.0
Syrian Arab Republic,SYR,"Air transport, passengers carried",IS.AIR.PSGR,2002,926850.0
East Asia & Pacific (IDA & IBRD countries),TEA,"Air transport, passengers carried",IS.AIR.PSGR,2002,144870039.0
Europe & Central Asia (IDA & IBRD countries),TEC,"Air transport, passengers carried",IS.AIR.PSGR,2002,45328183.0
Thailand,THA,"Air transport, passengers carried",IS.AIR.PSGR,2002,18111892.0
Tajikistan,TJK,"Air transport, passengers carried",IS.AIR.PSGR,2002,496905.0
Turkmenistan,TKM,"Air transport, passengers carried",IS.AIR.PSGR,2002,1407423.0
Latin America & the Caribbean (IDA & IBRD countries),TLA,"Air transport, passengers carried",IS.AIR.PSGR,2002,95813090.0
Middle East & North Africa (IDA & IBRD countries),TMN,"Air transport, passengers carried",IS.AIR.PSGR,2002,26788324.0
Tonga,TON,"Air transport, passengers carried",IS.AIR.PSGR,2002,58480.0
South Asia (IDA & IBRD),TSA,"Air transport, passengers carried",IS.AIR.PSGR,2002,25502242.0
Sub-Saharan Africa (IDA & IBRD countries),TSS,"Air transport, passengers carried",IS.AIR.PSGR,2002,16535011.0
Trinidad and Tobago,TTO,"Air transport, passengers carried",IS.AIR.PSGR,2002,1268879.0
Tunisia,TUN,"Air transport, passengers carried",IS.AIR.PSGR,2002,1789327.0
Turkiye,TUR,"Air transport, passengers carried",IS.AIR.PSGR,2002,10686877.0
Tanzania,TZA,"Air transport, passengers carried",IS.AIR.PSGR,2002,134470.0
Uganda,UGA,"Air transport, passengers carried",IS.AIR.PSGR,2002,40560.0
Ukraine,UKR,"Air transport, passengers carried",IS.AIR.PSGR,2002,1119889.0
Upper middle income,UMC,"Air transport, passengers carried",IS.AIR.PSGR,2002,251104245.0
Uruguay,URY,"Air transport, passengers carried",IS.AIR.PSGR,2002,525049.0
United States,USA,"Air transport, passengers carried",IS.AIR.PSGR,2002,598410415.0
Uzbekistan,UZB,"Air transport, passengers carried",IS.AIR.PSGR,2002,1451004.0
"Venezuela, RB",VEN,"Air transport, passengers carried",IS.AIR.PSGR,2002,6369455.0
Viet Nam,VNM,"Air transport, passengers carried",IS.AIR.PSGR,2002,4038133.0
Vanuatu,VUT,"Air transport, passengers carried",IS.AIR.PSGR,2002,104294.0
World,WLD,"Air transport, passengers carried",IS.AIR.PSGR,2002,1627404873.0
Samoa,WSM,"Air transport, passengers carried",IS.AIR.PSGR,2002,182292.0
"Yemen, Rep.",YEM,"Air transport, passengers carried",IS.AIR.PSGR,2002,869296.0
South Africa,ZAF,"Air transport, passengers carried",IS.AIR.PSGR,2002,8052660.0
Zambia,ZMB,"Air transport, passengers carried",IS.AIR.PSGR,2002,47075.0
Zimbabwe,ZWE,"Air transport, passengers carried",IS.AIR.PSGR,2002,250532.0
Africa Eastern and Southern,AFE,"Air transport, passengers carried",IS.AIR.PSGR,2004,17562611.0
Africa Western and Central,AFW,"Air transport, passengers carried",IS.AIR.PSGR,2004,2604956.0
Angola,AGO,"Air transport, passengers carried",IS.AIR.PSGR,2004,222032.0
Albania,ALB,"Air transport, passengers carried",IS.AIR.PSGR,2004,179543.0
Arab World,ARB,"Air transport, passengers carried",IS.AIR.PSGR,2004,60950501.0
United Arab Emirates,ARE,"Air transport, passengers carried",IS.AIR.PSGR,2004,14314326.0
Argentina,ARG,"Air transport, passengers carried",IS.AIR.PSGR,2004,6795484.0
Armenia,ARM,"Air transport, passengers carried",IS.AIR.PSGR,2004,509904.0
Antigua and Barbuda,ATG,"Air transport, passengers carried",IS.AIR.PSGR,2004,714000.0
Australia,AUS,"Air transport, passengers carried",IS.AIR.PSGR,2004,41596552.0
Austria,AUT,"Air transport, passengers carried",IS.AIR.PSGR,2004,7619372.0
Azerbaijan,AZE,"Air transport, passengers carried",IS.AIR.PSGR,2004,1007000.0
Belgium,BEL,"Air transport, passengers carried",IS.AIR.PSGR,2004,3264582.0
Burkina Faso,BFA,"Air transport, passengers carried",IS.AIR.PSGR,2004,61364.0
Bangladesh,BGD,"Air transport, passengers carried",IS.AIR.PSGR,2004,1650276.0
Bulgaria,BGR,"Air transport, passengers carried",IS.AIR.PSGR,2004,476277.0
Bahrain,BHR,"Air transport, passengers carried",IS.AIR.PSGR,2004,2284547.0
"Bahamas, The",BHS,"Air transport, passengers carried",IS.AIR.PSGR,2004,900000.0
Belarus,BLR,"Air transport, passengers carried",IS.AIR.PSGR,2004,274185.0
Bolivia,BOL,"Air transport, passengers carried",IS.AIR.PSGR,2004,1824313.0
Brazil,BRA,"Air transport, passengers carried",IS.AIR.PSGR,2004,35263795.0
Brunei Darussalam,BRN,"Air transport, passengers carried",IS.AIR.PSGR,2004,1079578.0
Bhutan,BTN,"Air transport, passengers carried",IS.AIR.PSGR,2004,45456.0
Botswana,BWA,"Air transport, passengers carried",IS.AIR.PSGR,2004,212951.0
Canada,CAN,"Air transport, passengers carried",IS.AIR.PSGR,2004,40701307.0
Central Europe and the Baltics,CEB,"Air transport, passengers carried",IS.AIR.PSGR,2004,16768232.0
Switzerland,CHE,"Air transport, passengers carried",IS.AIR.PSGR,2004,9287315.0
Chile,CHL,"Air transport, passengers carried",IS.AIR.PSGR,2004,5463753.0
China,CHN,"Air transport, passengers carried",IS.AIR.PSGR,2004,119789024.0
Cameroon,CMR,"Air transport, passengers carried",IS.AIR.PSGR,2004,355610.0
Colombia,COL,"Air transport, passengers carried",IS.AIR.PSGR,2004,8829094.0
Cabo Verde,CPV,"Air transport, passengers carried",IS.AIR.PSGR,2004,560000.0
Costa Rica,CRI,"Air transport, passengers carried",IS.AIR.PSGR,2004,901402.0
Cuba,CUB,"Air transport, passengers carried",IS.AIR.PSGR,2004,743256.0
Cyprus,CYP,"Air transport, passengers carried",IS.AIR.PSGR,2004,2013254.0
Czechia,CZE,"Air transport, passengers carried",IS.AIR.PSGR,2004,4219478.0
Germany,DEU,"Air transport, passengers carried",IS.AIR.PSGR,2004,82099657.0
Denmark,DNK,"Air transport, passengers carried",IS.AIR.PSGR,2004,6428701.0
Algeria,DZA,"Air transport, passengers carried",IS.AIR.PSGR,2004,3236364.0
East Asia & Pacific (excluding high income),EAP,"Air transport, passengers carried",IS.AIR.PSGR,2004,202945818.0
Early-demographic dividend,EAR,"Air transport, passengers carried",IS.AIR.PSGR,2004,190654278.0
East Asia & Pacific,EAS,"Air transport, passengers carried",IS.AIR.PSGR,2004,429868117.0
Europe & Central Asia (excluding high income),ECA,"Air transport, passengers carried",IS.AIR.PSGR,2004,25379444.0
Europe & Central Asia,ECS,"Air transport, passengers carried",IS.AIR.PSGR,2004,506766844.0
Ecuador,ECU,"Air transport, passengers carried",IS.AIR.PSGR,2004,1828303.0
"Egypt, Arab Rep.",EGY,"Air transport, passengers carried",IS.AIR.PSGR,2004,4621310.0
Euro area,EMU,"Air transport, passengers carried",IS.AIR.PSGR,2004,317642184.0
Spain,ESP,"Air transport, passengers carried",IS.AIR.PSGR,2004,45539952.0
Estonia,EST,"Air transport, passengers carried",IS.AIR.PSGR,2004,509556.0
Ethiopia,ETH,"Air transport, passengers carried",IS.AIR.PSGR,2004,1403293.0
European Union,EUU,"Air transport, passengers carried",IS.AIR.PSGR,2004,347767674.0
Fragile and conflict affected situations,FCS,"Air transport, passengers carried",IS.AIR.PSGR,2004,16934120.0
Finland,FIN,"Air transport, passengers carried",IS.AIR.PSGR,2004,7049416.0
Fiji,FJI,"Air transport, passengers carried",IS.AIR.PSGR,2004,836719.0
France,FRA,"Air transport, passengers carried",IS.AIR.PSGR,2004,48543473.0
Gabon,GAB,"Air transport, passengers carried",IS.AIR.PSGR,2004,430873.0
United Kingdom,GBR,"Air transport, passengers carried",IS.AIR.PSGR,2004,86054762.0
Georgia,GEO,"Air transport, passengers carried",IS.AIR.PSGR,2004,228560.0
Ghana,GHA,"Air transport, passengers carried",IS.AIR.PSGR,2004,96444.0
Greece,GRC,"Air transport, passengers carried",IS.AIR.PSGR,2004,9276954.0
High income,HIC,"Air transport, passengers carried",IS.AIR.PSGR,2004,1485950726.0
"Hong Kong SAR, China",HKG,"Air transport, passengers carried",IS.AIR.PSGR,2004,17892816.0
Croatia,HRV,"Air transport, passengers carried",IS.AIR.PSGR,2004,1743000.0
Hungary,HUN,"Air transport, passengers carried",IS.AIR.PSGR,2004,2546234.0
IBRD only,IBD,"Air transport, passengers carried",IS.AIR.PSGR,2004,418837879.0
IDA & IBRD total,IBT,"Air transport, passengers carried",IS.AIR.PSGR,2004,444743421.0
IDA total,IDA,"Air transport, passengers carried",IS.AIR.PSGR,2004,25905542.0
IDA blend,IDB,"Air transport, passengers carried",IS.AIR.PSGR,2004,11971594.0
Indonesia,IDN,"Air transport, passengers carried",IS.AIR.PSGR,2004,26780550.0
IDA only,IDX,"Air transport, passengers carried",IS.AIR.PSGR,2004,13933948.0
India,IND,"Air transport, passengers carried",IS.AIR.PSGR,2004,23934074.0
Ireland,IRL,"Air transport, passengers carried",IS.AIR.PSGR,2004,34748853.0
"Iran, Islamic Rep.",IRN,"Air transport, passengers carried",IS.AIR.PSGR,2004,11877705.0
Iceland,ISL,"Air transport, passengers carried",IS.AIR.PSGR,2004,1332811.0
Israel,ISR,"Air transport, passengers carried",IS.AIR.PSGR,2004,4968931.0
Italy,ITA,"Air transport, passengers carried",IS.AIR.PSGR,2004,35922093.0
Jamaica,JAM,"Air transport, passengers carried",IS.AIR.PSGR,2004,2007765.0
Jordan,JOR,"Air transport, passengers carried",IS.AIR.PSGR,2004,1660235.0
Japan,JPN,"Air transport, passengers carried",IS.AIR.PSGR,2004,101740600.0
Kazakhstan,KAZ,"Air transport, passengers carried",IS.AIR.PSGR,2004,834760.0
Kenya,KEN,"Air transport, passengers carried",IS.AIR.PSGR,2004,2005473.0
Kyrgyz Republic,KGZ,"Air transport, passengers carried",IS.AIR.PSGR,2004,245570.0
Cambodia,KHM,"Air transport, passengers carried",IS.AIR.PSGR,2004,162132.0
"Korea, Rep.",KOR,"Air transport, passengers carried",IS.AIR.PSGR,2004,34511494.0
Kuwait,KWT,"Air transport, passengers carried",IS.AIR.PSGR,2004,2496441.0
Latin America & Caribbean (excluding high income),LAC,"Air transport, passengers carried",IS.AIR.PSGR,2004,85640345.0
Lao PDR,LAO,"Air transport, passengers carried",IS.AIR.PSGR,2004,271706.0
Lebanon,LBN,"Air transport, passengers carried",IS.AIR.PSGR,2004,1086730.0
Libya,LBY,"Air transport, passengers carried",IS.AIR.PSGR,2004,850185.0
Latin America & Caribbean,LCN,"Air transport, passengers carried",IS.AIR.PSGR,2004,100859199.0
Least developed countries: UN classification,LDC,"Air transport, passengers carried",IS.AIR.PSGR,2004,9056444.0
Sri Lanka,LKA,"Air transport, passengers carried",IS.AIR.PSGR,2004,2412889.0
Lower middle income,LMC,"Air transport, passengers carried",IS.AIR.PSGR,2004,70498736.0
Low & middle income,LMY,"Air transport, passengers carried",IS.AIR.PSGR,2004,397800671.0
Late-demographic dividend,LTE,"Air transport, passengers carried",IS.AIR.PSGR,2004,331760561.0
Lithuania,LTU,"Air transport, passengers carried",IS.AIR.PSGR,2004,447883.0
Luxembourg,LUX,"Air transport, passengers carried",IS.AIR.PSGR,2004,855840.0
Latvia,LVA,"Air transport, passengers carried",IS.AIR.PSGR,2004,593662.0
"Macao SAR, China",MAC,"Air transport, passengers carried",IS.AIR.PSGR,2004,1800237.0
Morocco,MAR,"Air transport, passengers carried",IS.AIR.PSGR,2004,3004353.0
Monaco,MCO,"Air transport, passengers carried",IS.AIR.PSGR,2004,83916.0
Moldova,MDA,"Air transport, passengers carried",IS.AIR.PSGR,2004,200615.0
Madagascar,MDG,"Air transport, passengers carried",IS.AIR.PSGR,2004,513508.0
Maldives,MDV,"Air transport, passengers carried",IS.AIR.PSGR,2004,75875.0
Middle East & North Africa,MEA,"Air transport, passengers carried",IS.AIR.PSGR,2004,78560904.0
Mexico,MEX,"Air transport, passengers carried",IS.AIR.PSGR,2004,21167881.0
Marshall Islands,MHL,"Air transport, passengers carried",IS.AIR.PSGR,2004,28970.0
Middle income,MIC,"Air transport, passengers carried",IS.AIR.PSGR,2004,392586282.0
North Macedonia,MKD,"Air transport, passengers carried",IS.AIR.PSGR,2004,210875.0
Malta,MLT,"Air transport, passengers carried",IS.AIR.PSGR,2004,1365223.0
Myanmar,MMR,"Air transport, passengers carried",IS.AIR.PSGR,2004,1392244.0
Middle East & North Africa (excluding high income),MNA,"Air transport, passengers carried",IS.AIR.PSGR,2004,30468644.0
Montenegro,MNE,"Air transport, passengers carried",IS.AIR.PSGR,2004,337046.0
Mongolia,MNG,"Air transport, passengers carried",IS.AIR.PSGR,2004,310158.0
Mozambique,MOZ,"Air transport, passengers carried",IS.AIR.PSGR,2004,293873.0
Mauritania,MRT,"Air transport, passengers carried",IS.AIR.PSGR,2004,128329.0
Mauritius,MUS,"Air transport, passengers carried",IS.AIR.PSGR,2004,1088696.0
Malawi,MWI,"Air transport, passengers carried",IS.AIR.PSGR,2004,122477.0
Malaysia,MYS,"Air transport, passengers carried",IS.AIR.PSGR,2004,19226564.0
North America,NAC,"Air transport, passengers carried",IS.AIR.PSGR,2004,718811915.0
Namibia,NAM,"Air transport, passengers carried",IS.AIR.PSGR,2004,282915.0
Nigeria,NGA,"Air transport, passengers carried",IS.AIR.PSGR,2004,540461.0
Netherlands,NLD,"Air transport, passengers carried",IS.AIR.PSGR,2004,25595676.0
Norway,NOR,"Air transport, passengers carried",IS.AIR.PSGR,2004,12277222.0
Nepal,NPL,"Air transport, passengers carried",IS.AIR.PSGR,2004,444691.0
New Zealand,NZL,"Air transport, passengers carried",IS.AIR.PSGR,2004,11305401.0
OECD members,OED,"Air transport, passengers carried",IS.AIR.PSGR,2004,1413357107.0
Oman,OMN,"Air transport, passengers carried",IS.AIR.PSGR,2004,3267088.0
Other small states,OSS,"Air transport, passengers carried",IS.AIR.PSGR,2004,11194003.0
Pakistan,PAK,"Air transport, passengers carried",IS.AIR.PSGR,2004,5097477.0
Panama,PAN,"Air transport, passengers carried",IS.AIR.PSGR,2004,1500673.0
Peru,PER,"Air transport, passengers carried",IS.AIR.PSGR,2004,3225128.0
Philippines,PHL,"Air transport, passengers carried",IS.AIR.PSGR,2004,7387965.0
Papua New Guinea,PNG,"Air transport, passengers carried",IS.AIR.PSGR,2004,762784.0
Poland,POL,"Air transport, passengers carried",IS.AIR.PSGR,2004,3493094.0
"Korea, Dem. People's Rep.",PRK,"Air transport, passengers carried",IS.AIR.PSGR,2004,93808.0
Portugal,PRT,"Air transport, passengers carried",IS.AIR.PSGR,2004,9052471.0
Paraguay,PRY,"Air transport, passengers carried",IS.AIR.PSGR,2004,373456.0
Pacific island small states,PSS,"Air transport, passengers carried",IS.AIR.PSGR,2004,1376595.0
Post-demographic dividend,PST,"Air transport, passengers carried",IS.AIR.PSGR,2004,1360640668.0
Qatar,QAT,"Air transport, passengers carried",IS.AIR.PSGR,2004,4453071.0
Romania,ROU,"Air transport, passengers carried",IS.AIR.PSGR,2004,1337781.0
Russian Federation,RUS,"Air transport, passengers carried",IS.AIR.PSGR,2004,25948923.0
South Asia,SAS,"Air transport, passengers carried",IS.AIR.PSGR,2004,33660738.0
Saudi Arabia,SAU,"Air transport, passengers carried",IS.AIR.PSGR,2004,14942633.0
Sudan,SDN,"Air transport, passengers carried",IS.AIR.PSGR,2004,473127.0
Senegal,SEN,"Air transport, passengers carried",IS.AIR.PSGR,2004,416372.0
Singapore,SGP,"Air transport, passengers carried",IS.AIR.PSGR,2004,16995621.0
Solomon Islands,SLB,"Air transport, passengers carried",IS.AIR.PSGR,2004,84676.0
Sierra Leone,SLE,"Air transport, passengers carried",IS.AIR.PSGR,2004,15503.0
El Salvador,SLV,"Air transport, passengers carried",IS.AIR.PSGR,2004,2391159.0
Serbia,SRB,"Air transport, passengers carried",IS.AIR.PSGR,2004,1076473.0
Sub-Saharan Africa (excluding high income),SSA,"Air transport, passengers carried",IS.AIR.PSGR,2004,19705682.0
Sub-Saharan Africa,SSF,"Air transport, passengers carried",IS.AIR.PSGR,2004,20167567.0
Sao Tome and Principe,STP,"Air transport, passengers carried",IS.AIR.PSGR,2004,40076.0
Suriname,SUR,"Air transport, passengers carried",IS.AIR.PSGR,2004,289309.0
Slovak Republic,SVK,"Air transport, passengers carried",IS.AIR.PSGR,2004,636276.0
Slovenia,SVN,"Air transport, passengers carried",IS.AIR.PSGR,2004,764991.0
Sweden,SWE,"Air transport, passengers carried",IS.AIR.PSGR,2004,11623925.0
Seychelles,SYC,"Air transport, passengers carried",IS.AIR.PSGR,2004,461885.0
Syrian Arab Republic,SYR,"Air transport, passengers carried",IS.AIR.PSGR,2004,1169646.0
East Asia & Pacific (IDA & IBRD countries),TEA,"Air transport, passengers carried",IS.AIR.PSGR,2004,202852010.0
Europe & Central Asia (IDA & IBRD countries),TEC,"Air transport, passengers carried",IS.AIR.PSGR,2004,58378519.0
Thailand,THA,"Air transport, passengers carried",IS.AIR.PSGR,2004,20342582.0
Tajikistan,TJK,"Air transport, passengers carried",IS.AIR.PSGR,2004,598456.0
Turkmenistan,TKM,"Air transport, passengers carried",IS.AIR.PSGR,2004,1612479.0
Latin America & the Caribbean (IDA & IBRD countries),TLA,"Air transport, passengers carried",IS.AIR.PSGR,2004,99215943.0
Middle East & North Africa (IDA & IBRD countries),TMN,"Air transport, passengers carried",IS.AIR.PSGR,2004,30468644.0
Tonga,TON,"Air transport, passengers carried",IS.AIR.PSGR,2004,75416.0
South Asia (IDA & IBRD),TSA,"Air transport, passengers carried",IS.AIR.PSGR,2004,33660738.0
Sub-Saharan Africa (IDA & IBRD countries),TSS,"Air transport, passengers carried",IS.AIR.PSGR,2004,20167567.0
Trinidad and Tobago,TTO,"Air transport, passengers carried",IS.AIR.PSGR,2004,1132392.0
Tunisia,TUN,"Air transport, passengers carried",IS.AIR.PSGR,2004,1940037.0
Turkiye,TUR,"Air transport, passengers carried",IS.AIR.PSGR,2004,14275835.0
Tanzania,TZA,"Air transport, passengers carried",IS.AIR.PSGR,2004,243087.0
Uganda,UGA,"Air transport, passengers carried",IS.AIR.PSGR,2004,45711.0
Ukraine,UKR,"Air transport, passengers carried",IS.AIR.PSGR,2004,2200094.0
Upper middle income,UMC,"Air transport, passengers carried",IS.AIR.PSGR,2004,322087546.0
Uruguay,URY,"Air transport, passengers carried",IS.AIR.PSGR,2004,564149.0
United States,USA,"Air transport, passengers carried",IS.AIR.PSGR,2004,678110608.0
Uzbekistan,UZB,"Air transport, passengers carried",IS.AIR.PSGR,2004,1588049.0
"Venezuela, RB",VEN,"Air transport, passengers carried",IS.AIR.PSGR,2004,4943887.0
Viet Nam,VNM,"Air transport, passengers carried",IS.AIR.PSGR,2004,5049706.0
Vanuatu,VUT,"Air transport, passengers carried",IS.AIR.PSGR,2004,103939.0
World,WLD,"Air transport, passengers carried",IS.AIR.PSGR,2004,1888695284.0
Samoa,WSM,"Air transport, passengers carried",IS.AIR.PSGR,2004,246875.0
"Yemen, Rep.",YEM,"Air transport, passengers carried",IS.AIR.PSGR,2004,1022079.0
South Africa,ZAF,"Air transport, passengers carried",IS.AIR.PSGR,2004,9878598.0
Zambia,ZMB,"Air transport, passengers carried",IS.AIR.PSGR,2004,49888.0
Zimbabwe,ZWE,"Air transport, passengers carried",IS.AIR.PSGR,2004,225021.0
Africa Eastern and Southern,AFE,"Air transport, passengers carried",IS.AIR.PSGR,1984,9474400.0
Afghanistan,AFG,"Air transport, passengers carried",IS.AIR.PSGR,1984,220400.0
Africa Western and Central,AFW,"Air transport, passengers carried",IS.AIR.PSGR,1984,5311800.0
Angola,AGO,"Air transport, passengers carried",IS.AIR.PSGR,1984,689600.0
Arab World,ARB,"Air transport, passengers carried",IS.AIR.PSGR,1984,30019300.0
United Arab Emirates,ARE,"Air transport, passengers carried",IS.AIR.PSGR,1984,674200.0
Argentina,ARG,"Air transport, passengers carried",IS.AIR.PSGR,1984,5163600.0
Antigua and Barbuda,ATG,"Air transport, passengers carried",IS.AIR.PSGR,1984,420000.0
Australia,AUS,"Air transport, passengers carried",IS.AIR.PSGR,1984,13236800.0
Austria,AUT,"Air transport, passengers carried",IS.AIR.PSGR,1984,1514000.0
Burundi,BDI,"Air transport, passengers carried",IS.AIR.PSGR,1984,8800.0
Belgium,BEL,"Air transport, passengers carried",IS.AIR.PSGR,1984,2031600.0
Benin,BEN,"Air transport, passengers carried",IS.AIR.PSGR,1984,80400.0
Burkina Faso,BFA,"Air transport, passengers carried",IS.AIR.PSGR,1984,93400.0
Bangladesh,BGD,"Air transport, passengers carried",IS.AIR.PSGR,1984,741800.0
Bulgaria,BGR,"Air transport, passengers carried",IS.AIR.PSGR,1984,1950000.0
Bahrain,BHR,"Air transport, passengers carried",IS.AIR.PSGR,1984,674200.0
"Bahamas, The",BHS,"Air transport, passengers carried",IS.AIR.PSGR,1984,705900.0
Bolivia,BOL,"Air transport, passengers carried",IS.AIR.PSGR,1984,1359500.0
Brazil,BRA,"Air transport, passengers carried",IS.AIR.PSGR,1984,12948400.0
Barbados,BRB,"Air transport, passengers carried",IS.AIR.PSGR,1984,55000.0
Brunei Darussalam,BRN,"Air transport, passengers carried",IS.AIR.PSGR,1984,184400.0
Botswana,BWA,"Air transport, passengers carried",IS.AIR.PSGR,1984,54500.0
Central African Republic,CAF,"Air transport, passengers carried",IS.AIR.PSGR,1984,117700.0
Canada,CAN,"Air transport, passengers carried",IS.AIR.PSGR,1984,19382600.0
Central Europe and the Baltics,CEB,"Air transport, passengers carried",IS.AIR.PSGR,1984,6658500.0
Switzerland,CHE,"Air transport, passengers carried",IS.AIR.PSGR,1984,6254500.0
Chile,CHL,"Air transport, passengers carried",IS.AIR.PSGR,1984,730800.0
China,CHN,"Air transport, passengers carried",IS.AIR.PSGR,1984,5000000.0
Cote d'Ivoire,CIV,"Air transport, passengers carried",IS.AIR.PSGR,1984,397700.0
Cameroon,CMR,"Air transport, passengers carried",IS.AIR.PSGR,1984,676500.0
"Congo, Dem. Rep.",COD,"Air transport, passengers carried",IS.AIR.PSGR,1984,338000.0
"Congo, Rep.",COG,"Air transport, passengers carried",IS.AIR.PSGR,1984,227700.0
Colombia,COL,"Air transport, passengers carried",IS.AIR.PSGR,1984,5737400.0
Comoros,COM,"Air transport, passengers carried",IS.AIR.PSGR,1984,27000.0
Cabo Verde,CPV,"Air transport, passengers carried",IS.AIR.PSGR,1984,127000.0
Costa Rica,CRI,"Air transport, passengers carried",IS.AIR.PSGR,1984,322500.0
Caribbean small states,CSS,"Air transport, passengers carried",IS.AIR.PSGR,1984,1397900.0
Cuba,CUB,"Air transport, passengers carried",IS.AIR.PSGR,1984,839100.0
Cyprus,CYP,"Air transport, passengers carried",IS.AIR.PSGR,1984,563000.0
Czechia,CZE,"Air transport, passengers carried",IS.AIR.PSGR,1984,910700.0
Germany,DEU,"Air transport, passengers carried",IS.AIR.PSGR,1984,14051800.0
Djibouti,DJI,"Air transport, passengers carried",IS.AIR.PSGR,1984,115000.0
Denmark,DNK,"Air transport, passengers carried",IS.AIR.PSGR,1984,3229200.0
Dominican Republic,DOM,"Air transport, passengers carried",IS.AIR.PSGR,1984,605000.0
Algeria,DZA,"Air transport, passengers carried",IS.AIR.PSGR,1984,3781000.0
East Asia & Pacific (excluding high income),EAP,"Air transport, passengers carried",IS.AIR.PSGR,1984,27209100.0
Early-demographic dividend,EAR,"Air transport, passengers carried",IS.AIR.PSGR,1984,94420700.0
East Asia & Pacific,EAS,"Air transport, passengers carried",IS.AIR.PSGR,1984,104993100.0
Ecuador,ECU,"Air transport, passengers carried",IS.AIR.PSGR,1984,634000.0
"Egypt, Arab Rep.",EGY,"Air transport, passengers carried",IS.AIR.PSGR,1984,2786200.0
Euro area,EMU,"Air transport, passengers carried",IS.AIR.PSGR,1984,89014400.0
Spain,ESP,"Air transport, passengers carried",IS.AIR.PSGR,1984,14283900.0
Ethiopia,ETH,"Air transport, passengers carried",IS.AIR.PSGR,1984,398800.0
European Union,EUU,"Air transport, passengers carried",IS.AIR.PSGR,1984,106237300.0
Fragile and conflict affected situations,FCS,"Air transport, passengers carried",IS.AIR.PSGR,1984,14980500.0
Finland,FIN,"Air transport, passengers carried",IS.AIR.PSGR,1984,2991300.0
Fiji,FJI,"Air transport, passengers carried",IS.AIR.PSGR,1984,324800.0
France,FRA,"Air transport, passengers carried",IS.AIR.PSGR,1984,23694300.0
Gabon,GAB,"Air transport, passengers carried",IS.AIR.PSGR,1984,436100.0
United Kingdom,GBR,"Air transport, passengers carried",IS.AIR.PSGR,1984,25825700.0
Ghana,GHA,"Air transport, passengers carried",IS.AIR.PSGR,1984,261000.0
Guinea,GIN,"Air transport, passengers carried",IS.AIR.PSGR,1984,132000.0
Guinea-Bissau,GNB,"Air transport, passengers carried",IS.AIR.PSGR,1984,21900.0
Equatorial Guinea,GNQ,"Air transport, passengers carried",IS.AIR.PSGR,1984,13400.0
Greece,GRC,"Air transport, passengers carried",IS.AIR.PSGR,1984,6878400.0
Guatemala,GTM,"Air transport, passengers carried",IS.AIR.PSGR,1984,124000.0
Guyana,GUY,"Air transport, passengers carried",IS.AIR.PSGR,1984,100000.0
High income,HIC,"Air transport, passengers carried",IS.AIR.PSGR,1984,604035088.0
Honduras,HND,"Air transport, passengers carried",IS.AIR.PSGR,1984,439500.0
Heavily indebted poor countries (HIPC),HPC,"Air transport, passengers carried",IS.AIR.PSGR,1984,7991800.0
Haiti,HTI,"Air transport, passengers carried",IS.AIR.PSGR,1984,0.0
Hungary,HUN,"Air transport, passengers carried",IS.AIR.PSGR,1984,1038500.0
IBRD only,IBD,"Air transport, passengers carried",IS.AIR.PSGR,1984,117638000.0
IDA & IBRD total,IBT,"Air transport, passengers carried",IS.AIR.PSGR,1984,135574400.0
IDA total,IDA,"Air transport, passengers carried",IS.AIR.PSGR,1984,17936400.0
IDA blend,IDB,"Air transport, passengers carried",IS.AIR.PSGR,1984,8609400.0
Indonesia,IDN,"Air transport, passengers carried",IS.AIR.PSGR,1984,6494300.0
IDA only,IDX,"Air transport, passengers carried",IS.AIR.PSGR,1984,9327000.0
India,IND,"Air transport, passengers carried",IS.AIR.PSGR,1984,10125700.0
Ireland,IRL,"Air transport, passengers carried",IS.AIR.PSGR,1984,1838500.0
"Iran, Islamic Rep.",IRN,"Air transport, passengers carried",IS.AIR.PSGR,1984,4087800.0
Iraq,IRQ,"Air transport, passengers carried",IS.AIR.PSGR,1984,435000.0
Iceland,ISL,"Air transport, passengers carried",IS.AIR.PSGR,1984,710100.0
Israel,ISR,"Air transport, passengers carried",IS.AIR.PSGR,1984,1669400.0
Italy,ITA,"Air transport, passengers carried",IS.AIR.PSGR,1984,12593600.0
Jamaica,JAM,"Air transport, passengers carried",IS.AIR.PSGR,1984,826000.0
Jordan,JOR,"Air transport, passengers carried",IS.AIR.PSGR,1984,1327600.0
Japan,JPN,"Air transport, passengers carried",IS.AIR.PSGR,1984,50452800.0
Kenya,KEN,"Air transport, passengers carried",IS.AIR.PSGR,1984,479200.0
Kiribati,KIR,"Air transport, passengers carried",IS.AIR.PSGR,1984,65500.0
"Korea, Rep.",KOR,"Air transport, passengers carried",IS.AIR.PSGR,1984,5353300.0
Kuwait,KWT,"Air transport, passengers carried",IS.AIR.PSGR,1984,1497900.0
Latin America & Caribbean (excluding high income),LAC,"Air transport, passengers carried",IS.AIR.PSGR,1984,45797200.0
Lao PDR,LAO,"Air transport, passengers carried",IS.AIR.PSGR,1984,15700.0
Lebanon,LBN,"Air transport, passengers carried",IS.AIR.PSGR,1984,410700.0
Liberia,LBR,"Air transport, passengers carried",IS.AIR.PSGR,1984,50000.0
Libya,LBY,"Air transport, passengers carried",IS.AIR.PSGR,1984,1583800.0
Latin America & Caribbean,LCN,"Air transport, passengers carried",IS.AIR.PSGR,1984,54487400.0
Least developed countries: UN classification,LDC,"Air transport, passengers carried",IS.AIR.PSGR,1984,7523200.0
Low income,LIC,"Air transport, passengers carried",IS.AIR.PSGR,1984,4251100.0
Sri Lanka,LKA,"Air transport, passengers carried",IS.AIR.PSGR,1984,681300.0
Lower middle income,LMC,"Air transport, passengers carried",IS.AIR.PSGR,1984,36833100.0
Low & middle income,LMY,"Air transport, passengers carried",IS.AIR.PSGR,1984,123804400.0
Lesotho,LSO,"Air transport, passengers carried",IS.AIR.PSGR,1984,48700.0
Late-demographic dividend,LTE,"Air transport, passengers carried",IS.AIR.PSGR,1984,51251500.0
Luxembourg,LUX,"Air transport, passengers carried",IS.AIR.PSGR,1984,243200.0
Morocco,MAR,"Air transport, passengers carried",IS.AIR.PSGR,1984,1000700.0
Monaco,MCO,"Air transport, passengers carried",IS.AIR.PSGR,1984,73200.0
Madagascar,MDG,"Air transport, passengers carried",IS.AIR.PSGR,1984,360000.0
Maldives,MDV,"Air transport, passengers carried",IS.AIR.PSGR,1984,40000.0
Middle East & North Africa,MEA,"Air transport, passengers carried",IS.AIR.PSGR,1984,35296900.0
Mexico,MEX,"Air transport, passengers carried",IS.AIR.PSGR,1984,14440200.0
Middle income,MIC,"Air transport, passengers carried",IS.AIR.PSGR,1984,119553300.0
Mali,MLI,"Air transport, passengers carried",IS.AIR.PSGR,1984,70000.0
Malta,MLT,"Air transport, passengers carried",IS.AIR.PSGR,1984,364100.0
Myanmar,MMR,"Air transport, passengers carried",IS.AIR.PSGR,1984,487000.0
Middle East & North Africa (excluding high income),MNA,"Air transport, passengers carried",IS.AIR.PSGR,1984,17702900.0
Mozambique,MOZ,"Air transport, passengers carried",IS.AIR.PSGR,1984,325200.0
Mauritania,MRT,"Air transport, passengers carried",IS.AIR.PSGR,1984,201700.0
Mauritius,MUS,"Air transport, passengers carried",IS.AIR.PSGR,1984,155000.0
Malawi,MWI,"Air transport, passengers carried",IS.AIR.PSGR,1984,127000.0
Malaysia,MYS,"Air transport, passengers carried",IS.AIR.PSGR,1984,5685400.0
North America,NAC,"Air transport, passengers carried",IS.AIR.PSGR,1984,359574088.0
Niger,NER,"Air transport, passengers carried",IS.AIR.PSGR,1984,117700.0
Nigeria,NGA,"Air transport, passengers carried",IS.AIR.PSGR,1984,1945900.0
Nicaragua,NIC,"Air transport, passengers carried",IS.AIR.PSGR,1984,85000.0
Netherlands,NLD,"Air transport, passengers carried",IS.AIR.PSGR,1984,5654900.0
Norway,NOR,"Air transport, passengers carried",IS.AIR.PSGR,1984,6113900.0
Nepal,NPL,"Air transport, passengers carried",IS.AIR.PSGR,1984,395500.0
New Zealand,NZL,"Air transport, passengers carried",IS.AIR.PSGR,1984,3764900.0
OECD members,OED,"Air transport, passengers carried",IS.AIR.PSGR,1984,598958588.0
Oman,OMN,"Air transport, passengers carried",IS.AIR.PSGR,1984,674200.0
Pakistan,PAK,"Air transport, passengers carried",IS.AIR.PSGR,1984,3641900.0
Panama,PAN,"Air transport, passengers carried",IS.AIR.PSGR,1984,371600.0
Peru,PER,"Air transport, passengers carried",IS.AIR.PSGR,1984,1616800.0
Philippines,PHL,"Air transport, passengers carried",IS.AIR.PSGR,1984,4394000.0
Papua New Guinea,PNG,"Air transport, passengers carried",IS.AIR.PSGR,1984,711400.0
Poland,POL,"Air transport, passengers carried",IS.AIR.PSGR,1984,1595900.0
Pre-demographic dividend,PRE,"Air transport, passengers carried",IS.AIR.PSGR,1984,8906500.0
"Korea, Dem. People's Rep.",PRK,"Air transport, passengers carried",IS.AIR.PSGR,1984,197500.0
Portugal,PRT,"Air transport, passengers carried",IS.AIR.PSGR,1984,2311800.0
Paraguay,PRY,"Air transport, passengers carried",IS.AIR.PSGR,1984,179000.0
Pacific island small states,PSS,"Air transport, passengers carried",IS.AIR.PSGR,1984,478500.0
Post-demographic dividend,PST,"Air transport, passengers carried",IS.AIR.PSGR,1984,577758388.0
Qatar,QAT,"Air transport, passengers carried",IS.AIR.PSGR,1984,674200.0
Romania,ROU,"Air transport, passengers carried",IS.AIR.PSGR,1984,1163400.0
Rwanda,RWA,"Air transport, passengers carried",IS.AIR.PSGR,1984,4600.0
South Asia,SAS,"Air transport, passengers carried",IS.AIR.PSGR,1984,15846600.0
Saudi Arabia,SAU,"Air transport, passengers carried",IS.AIR.PSGR,1984,11365800.0
Sudan,SDN,"Air transport, passengers carried",IS.AIR.PSGR,1984,485000.0
Senegal,SEN,"Air transport, passengers carried",IS.AIR.PSGR,1984,126300.0
Singapore,SGP,"Air transport, passengers carried",IS.AIR.PSGR,1984,4791800.0
Solomon Islands,SLB,"Air transport, passengers carried",IS.AIR.PSGR,1984,63700.0
Sierra Leone,SLE,"Air transport, passengers carried",IS.AIR.PSGR,1984,56000.0
El Salvador,SLV,"Air transport, passengers carried",IS.AIR.PSGR,1984,360200.0
Somalia,SOM,"Air transport, passengers carried",IS.AIR.PSGR,1984,130000.0
Sub-Saharan Africa (excluding high income),SSA,"Air transport, passengers carried",IS.AIR.PSGR,1984,14673200.0
Sub-Saharan Africa,SSF,"Air transport, passengers carried",IS.AIR.PSGR,1984,14786200.0
Suriname,SUR,"Air transport, passengers carried",IS.AIR.PSGR,1984,117000.0
Sweden,SWE,"Air transport, passengers carried",IS.AIR.PSGR,1984,7335200.0
Eswatini,SWZ,"Air transport, passengers carried",IS.AIR.PSGR,1984,34300.0
Seychelles,SYC,"Air transport, passengers carried",IS.AIR.PSGR,1984,113000.0
Syrian Arab Republic,SYR,"Air transport, passengers carried",IS.AIR.PSGR,1984,464400.0
Chad,TCD,"Air transport, passengers carried",IS.AIR.PSGR,1984,87700.0
East Asia & Pacific (IDA & IBRD countries),TEA,"Air transport, passengers carried",IS.AIR.PSGR,1984,27011600.0
Togo,TGO,"Air transport, passengers carried",IS.AIR.PSGR,1984,71700.0
Thailand,THA,"Air transport, passengers carried",IS.AIR.PSGR,1984,3671300.0
Latin America & the Caribbean (IDA & IBRD countries),TLA,"Air transport, passengers carried",IS.AIR.PSGR,1984,52942400.0
Middle East & North Africa (IDA & IBRD countries),TMN,"Air transport, passengers carried",IS.AIR.PSGR,1984,17702900.0
Tonga,TON,"Air transport, passengers carried",IS.AIR.PSGR,1984,7800.0
South Asia (IDA & IBRD),TSA,"Air transport, passengers carried",IS.AIR.PSGR,1984,15846600.0
Sub-Saharan Africa (IDA & IBRD countries),TSS,"Air transport, passengers carried",IS.AIR.PSGR,1984,14786200.0
Trinidad and Tobago,TTO,"Air transport, passengers carried",IS.AIR.PSGR,1984,1398000.0
Tunisia,TUN,"Air transport, passengers carried",IS.AIR.PSGR,1984,1254900.0
Turkiye,TUR,"Air transport, passengers carried",IS.AIR.PSGR,1984,2575400.0
Tanzania,TZA,"Air transport, passengers carried",IS.AIR.PSGR,1984,498500.0
Uganda,UGA,"Air transport, passengers carried",IS.AIR.PSGR,1984,49500.0
Upper middle income,UMC,"Air transport, passengers carried",IS.AIR.PSGR,1984,82720200.0
Uruguay,URY,"Air transport, passengers carried",IS.AIR.PSGR,1984,338100.0
United States,USA,"Air transport, passengers carried",IS.AIR.PSGR,1984,340191488.0
"Venezuela, RB",VEN,"Air transport, passengers carried",IS.AIR.PSGR,1984,4570800.0
Viet Nam,VNM,"Air transport, passengers carried",IS.AIR.PSGR,1984,74000.0
Vanuatu,VUT,"Air transport, passengers carried",IS.AIR.PSGR,1984,16700.0
World,WLD,"Air transport, passengers carried",IS.AIR.PSGR,1984,732410288.0
"Yemen, Rep.",YEM,"Air transport, passengers carried",IS.AIR.PSGR,1984,455800.0
South Africa,ZAF,"Air transport, passengers carried",IS.AIR.PSGR,1984,4461400.0
Zambia,ZMB,"Air transport, passengers carried",IS.AIR.PSGR,1984,245600.0
Zimbabwe,ZWE,"Air transport, passengers carried",IS.AIR.PSGR,1984,440700.0
Africa Eastern and Southern,AFE,"Air transport, passengers carried",IS.AIR.PSGR,1982,9088900.0
Afghanistan,AFG,"Air transport, passengers carried",IS.AIR.PSGR,1982,181000.0
Africa Western and Central,AFW,"Air transport, passengers carried",IS.AIR.PSGR,1982,5190100.0
Angola,AGO,"Air transport, passengers carried",IS.AIR.PSGR,1982,890500.0
Arab World,ARB,"Air transport, passengers carried",IS.AIR.PSGR,1982,27570500.0
United Arab Emirates,ARE,"Air transport, passengers carried",IS.AIR.PSGR,1982,569800.0
Argentina,ARG,"Air transport, passengers carried",IS.AIR.PSGR,1982,4595900.0
Antigua and Barbuda,ATG,"Air transport, passengers carried",IS.AIR.PSGR,1982,376800.0
Australia,AUS,"Air transport, passengers carried",IS.AIR.PSGR,1982,13187900.0
Austria,AUT,"Air transport, passengers carried",IS.AIR.PSGR,1982,1447600.0
Burundi,BDI,"Air transport, passengers carried",IS.AIR.PSGR,1982,5500.0
Belgium,BEL,"Air transport, passengers carried",IS.AIR.PSGR,1982,2000800.0
Benin,BEN,"Air transport, passengers carried",IS.AIR.PSGR,1982,78300.0
Burkina Faso,BFA,"Air transport, passengers carried",IS.AIR.PSGR,1982,78200.0
Bangladesh,BGD,"Air transport, passengers carried",IS.AIR.PSGR,1982,621500.0
Bulgaria,BGR,"Air transport, passengers carried",IS.AIR.PSGR,1982,1675000.0
Bahrain,BHR,"Air transport, passengers carried",IS.AIR.PSGR,1982,569800.0
"Bahamas, The",BHS,"Air transport, passengers carried",IS.AIR.PSGR,1982,724000.0
Bolivia,BOL,"Air transport, passengers carried",IS.AIR.PSGR,1982,1160100.0
Brazil,BRA,"Air transport, passengers carried",IS.AIR.PSGR,1982,13168300.0
Barbados,BRB,"Air transport, passengers carried",IS.AIR.PSGR,1982,43800.0
Botswana,BWA,"Air transport, passengers carried",IS.AIR.PSGR,1982,46700.0
Central African Republic,CAF,"Air transport, passengers carried",IS.AIR.PSGR,1982,112300.0
Canada,CAN,"Air transport, passengers carried",IS.AIR.PSGR,1982,19653800.0
Central Europe and the Baltics,CEB,"Air transport, passengers carried",IS.AIR.PSGR,1982,5223200.0
Switzerland,CHE,"Air transport, passengers carried",IS.AIR.PSGR,1982,6252200.0
Chile,CHL,"Air transport, passengers carried",IS.AIR.PSGR,1982,822400.0
China,CHN,"Air transport, passengers carried",IS.AIR.PSGR,1982,3942000.0
Cote d'Ivoire,CIV,"Air transport, passengers carried",IS.AIR.PSGR,1982,382300.0
Cameroon,CMR,"Air transport, passengers carried",IS.AIR.PSGR,1982,634000.0
"Congo, Dem. Rep.",COD,"Air transport, passengers carried",IS.AIR.PSGR,1982,377700.0
"Congo, Rep.",COG,"Air transport, passengers carried",IS.AIR.PSGR,1982,158300.0
Colombia,COL,"Air transport, passengers carried",IS.AIR.PSGR,1982,6701500.0
Cabo Verde,CPV,"Air transport, passengers carried",IS.AIR.PSGR,1982,104000.0
Costa Rica,CRI,"Air transport, passengers carried",IS.AIR.PSGR,1982,458600.0
Caribbean small states,CSS,"Air transport, passengers carried",IS.AIR.PSGR,1982,1344600.0
Cuba,CUB,"Air transport, passengers carried",IS.AIR.PSGR,1982,135000.0
Cyprus,CYP,"Air transport, passengers carried",IS.AIR.PSGR,1982,454300.0
Czechia,CZE,"Air transport, passengers carried",IS.AIR.PSGR,1982,852600.0
Germany,DEU,"Air transport, passengers carried",IS.AIR.PSGR,1982,12755000.0
Djibouti,DJI,"Air transport, passengers carried",IS.AIR.PSGR,1982,93000.0
Denmark,DNK,"Air transport, passengers carried",IS.AIR.PSGR,1982,3536900.0
Dominican Republic,DOM,"Air transport, passengers carried",IS.AIR.PSGR,1982,413900.0
Algeria,DZA,"Air transport, passengers carried",IS.AIR.PSGR,1982,3150000.0
East Asia & Pacific (excluding high income),EAP,"Air transport, passengers carried",IS.AIR.PSGR,1982,23994200.0
Early-demographic dividend,EAR,"Air transport, passengers carried",IS.AIR.PSGR,1982,84299300.0
East Asia & Pacific,EAS,"Air transport, passengers carried",IS.AIR.PSGR,1982,95443200.0
Ecuador,ECU,"Air transport, passengers carried",IS.AIR.PSGR,1982,676300.0
"Egypt, Arab Rep.",EGY,"Air transport, passengers carried",IS.AIR.PSGR,1982,2433200.0
Euro area,EMU,"Air transport, passengers carried",IS.AIR.PSGR,1982,83756300.0
Spain,ESP,"Air transport, passengers carried",IS.AIR.PSGR,1982,14637600.0
Ethiopia,ETH,"Air transport, passengers carried",IS.AIR.PSGR,1982,335300.0
European Union,EUU,"Air transport, passengers carried",IS.AIR.PSGR,1982,98607500.0
Fragile and conflict affected situations,FCS,"Air transport, passengers carried",IS.AIR.PSGR,1982,16017600.0
Finland,FIN,"Air transport, passengers carried",IS.AIR.PSGR,1982,2815100.0
Fiji,FJI,"Air transport, passengers carried",IS.AIR.PSGR,1982,330000.0
France,FRA,"Air transport, passengers carried",IS.AIR.PSGR,1982,22372400.0
Gabon,GAB,"Air transport, passengers carried",IS.AIR.PSGR,1982,421000.0
United Kingdom,GBR,"Air transport, passengers carried",IS.AIR.PSGR,1982,23872500.0
Ghana,GHA,"Air transport, passengers carried",IS.AIR.PSGR,1982,230000.0
Guinea,GIN,"Air transport, passengers carried",IS.AIR.PSGR,1982,131000.0
Guinea-Bissau,GNB,"Air transport, passengers carried",IS.AIR.PSGR,1982,20600.0
Equatorial Guinea,GNQ,"Air transport, passengers carried",IS.AIR.PSGR,1982,13300.0
Greece,GRC,"Air transport, passengers carried",IS.AIR.PSGR,1982,5633900.0
Guatemala,GTM,"Air transport, passengers carried",IS.AIR.PSGR,1982,114600.0
Guyana,GUY,"Air transport, passengers carried",IS.AIR.PSGR,1982,93000.0
High income,HIC,"Air transport, passengers carried",IS.AIR.PSGR,1982,536223308.0
Honduras,HND,"Air transport, passengers carried",IS.AIR.PSGR,1982,377000.0
Heavily indebted poor countries (HIPC),HPC,"Air transport, passengers carried",IS.AIR.PSGR,1982,7394400.0
Haiti,HTI,"Air transport, passengers carried",IS.AIR.PSGR,1982,0.0
Hungary,HUN,"Air transport, passengers carried",IS.AIR.PSGR,1982,1020700.0
IBRD only,IBD,"Air transport, passengers carried",IS.AIR.PSGR,1982,107946700.0
IDA & IBRD total,IBT,"Air transport, passengers carried",IS.AIR.PSGR,1982,124759200.0
IDA total,IDA,"Air transport, passengers carried",IS.AIR.PSGR,1982,16812500.0
IDA blend,IDB,"Air transport, passengers carried",IS.AIR.PSGR,1982,8118200.0
Indonesia,IDN,"Air transport, passengers carried",IS.AIR.PSGR,1982,6028700.0
IDA only,IDX,"Air transport, passengers carried",IS.AIR.PSGR,1982,8694300.0
India,IND,"Air transport, passengers carried",IS.AIR.PSGR,1982,8391700.0
Ireland,IRL,"Air transport, passengers carried",IS.AIR.PSGR,1982,1949100.0
"Iran, Islamic Rep.",IRN,"Air transport, passengers carried",IS.AIR.PSGR,1982,2127800.0
Iraq,IRQ,"Air transport, passengers carried",IS.AIR.PSGR,1982,480600.0
Iceland,ISL,"Air transport, passengers carried",IS.AIR.PSGR,1982,574300.0
Israel,ISR,"Air transport, passengers carried",IS.AIR.PSGR,1982,1480800.0
Italy,ITA,"Air transport, passengers carried",IS.AIR.PSGR,1982,11611000.0
Jamaica,JAM,"Air transport, passengers carried",IS.AIR.PSGR,1982,729600.0
Jordan,JOR,"Air transport, passengers carried",IS.AIR.PSGR,1982,1667300.0
Japan,JPN,"Air transport, passengers carried",IS.AIR.PSGR,1982,46394200.0
Kenya,KEN,"Air transport, passengers carried",IS.AIR.PSGR,1982,391300.0
Kiribati,KIR,"Air transport, passengers carried",IS.AIR.PSGR,1982,60000.0
"Korea, Rep.",KOR,"Air transport, passengers carried",IS.AIR.PSGR,1982,4201500.0
Kuwait,KWT,"Air transport, passengers carried",IS.AIR.PSGR,1982,1460700.0
Latin America & Caribbean (excluding high income),LAC,"Air transport, passengers carried",IS.AIR.PSGR,1982,43676600.0
Lao PDR,LAO,"Air transport, passengers carried",IS.AIR.PSGR,1982,14700.0
Lebanon,LBN,"Air transport, passengers carried",IS.AIR.PSGR,1982,571000.0
Liberia,LBR,"Air transport, passengers carried",IS.AIR.PSGR,1982,40900.0
Libya,LBY,"Air transport, passengers carried",IS.AIR.PSGR,1982,1557800.0
Latin America & Caribbean,LCN,"Air transport, passengers carried",IS.AIR.PSGR,1982,53473200.0
Least developed countries: UN classification,LDC,"Air transport, passengers carried",IS.AIR.PSGR,1982,7312600.0
Low income,LIC,"Air transport, passengers carried",IS.AIR.PSGR,1982,4133500.0
Sri Lanka,LKA,"Air transport, passengers carried",IS.AIR.PSGR,1982,572700.0
Lower middle income,LMC,"Air transport, passengers carried",IS.AIR.PSGR,1982,33597900.0
Low & middle income,LMY,"Air transport, passengers carried",IS.AIR.PSGR,1982,112591600.0
Lesotho,LSO,"Air transport, passengers carried",IS.AIR.PSGR,1982,54800.0
Late-demographic dividend,LTE,"Air transport, passengers carried",IS.AIR.PSGR,1982,48636300.0
Luxembourg,LUX,"Air transport, passengers carried",IS.AIR.PSGR,1982,203700.0
Morocco,MAR,"Air transport, passengers carried",IS.AIR.PSGR,1982,974100.0
Monaco,MCO,"Air transport, passengers carried",IS.AIR.PSGR,1982,44000.0
Madagascar,MDG,"Air transport, passengers carried",IS.AIR.PSGR,1982,410200.0
Maldives,MDV,"Air transport, passengers carried",IS.AIR.PSGR,1982,34000.0
Middle East & North Africa,MEA,"Air transport, passengers carried",IS.AIR.PSGR,1982,30856600.0
Mexico,MEX,"Air transport, passengers carried",IS.AIR.PSGR,1982,12777300.0
Middle income,MIC,"Air transport, passengers carried",IS.AIR.PSGR,1982,108458100.0
Mali,MLI,"Air transport, passengers carried",IS.AIR.PSGR,1982,79000.0
Malta,MLT,"Air transport, passengers carried",IS.AIR.PSGR,1982,401700.0
Myanmar,MMR,"Air transport, passengers carried",IS.AIR.PSGR,1982,515000.0
Middle East & North Africa (excluding high income),MNA,"Air transport, passengers carried",IS.AIR.PSGR,1982,15082400.0
Mozambique,MOZ,"Air transport, passengers carried",IS.AIR.PSGR,1982,391100.0
Mauritania,MRT,"Air transport, passengers carried",IS.AIR.PSGR,1982,147300.0
Mauritius,MUS,"Air transport, passengers carried",IS.AIR.PSGR,1982,106400.0
Malawi,MWI,"Air transport, passengers carried",IS.AIR.PSGR,1982,130300.0
Malaysia,MYS,"Air transport, passengers carried",IS.AIR.PSGR,1982,5241700.0
North America,NAC,"Air transport, passengers carried",IS.AIR.PSGR,1982,310646408.0
Niger,NER,"Air transport, passengers carried",IS.AIR.PSGR,1982,116300.0
Nigeria,NGA,"Air transport, passengers carried",IS.AIR.PSGR,1982,2138400.0
Nicaragua,NIC,"Air transport, passengers carried",IS.AIR.PSGR,1982,100000.0
Netherlands,NLD,"Air transport, passengers carried",IS.AIR.PSGR,1982,5201900.0
Norway,NOR,"Air transport, passengers carried",IS.AIR.PSGR,1982,5210400.0
Nepal,NPL,"Air transport, passengers carried",IS.AIR.PSGR,1982,400200.0
New Zealand,NZL,"Air transport, passengers carried",IS.AIR.PSGR,1982,3073900.0
OECD members,OED,"Air transport, passengers carried",IS.AIR.PSGR,1982,532905608.0
Oman,OMN,"Air transport, passengers carried",IS.AIR.PSGR,1982,569800.0
Pakistan,PAK,"Air transport, passengers carried",IS.AIR.PSGR,1982,3328800.0
Panama,PAN,"Air transport, passengers carried",IS.AIR.PSGR,1982,332200.0
Peru,PER,"Air transport, passengers carried",IS.AIR.PSGR,1982,1739700.0
Philippines,PHL,"Air transport, passengers carried",IS.AIR.PSGR,1982,3866900.0
Papua New Guinea,PNG,"Air transport, passengers carried",IS.AIR.PSGR,1982,560400.0
Poland,POL,"Air transport, passengers carried",IS.AIR.PSGR,1982,755500.0
Pre-demographic dividend,PRE,"Air transport, passengers carried",IS.AIR.PSGR,1982,8987200.0
"Korea, Dem. People's Rep.",PRK,"Air transport, passengers carried",IS.AIR.PSGR,1982,185000.0
Portugal,PRT,"Air transport, passengers carried",IS.AIR.PSGR,1982,2272200.0
Paraguay,PRY,"Air transport, passengers carried",IS.AIR.PSGR,1982,167000.0
Pacific island small states,PSS,"Air transport, passengers carried",IS.AIR.PSGR,1982,457900.0
Post-demographic dividend,PST,"Air transport, passengers carried",IS.AIR.PSGR,1982,512515308.0
Qatar,QAT,"Air transport, passengers carried",IS.AIR.PSGR,1982,569800.0
Romania,ROU,"Air transport, passengers carried",IS.AIR.PSGR,1982,919400.0
Rwanda,RWA,"Air transport, passengers carried",IS.AIR.PSGR,1982,25900.0
South Asia,SAS,"Air transport, passengers carried",IS.AIR.PSGR,1982,13529900.0
Saudi Arabia,SAU,"Air transport, passengers carried",IS.AIR.PSGR,1982,10151800.0
Sudan,SDN,"Air transport, passengers carried",IS.AIR.PSGR,1982,477600.0
Senegal,SEN,"Air transport, passengers carried",IS.AIR.PSGR,1982,118300.0
Singapore,SGP,"Air transport, passengers carried",IS.AIR.PSGR,1982,4591500.0
Solomon Islands,SLB,"Air transport, passengers carried",IS.AIR.PSGR,1982,51100.0
Sierra Leone,SLE,"Air transport, passengers carried",IS.AIR.PSGR,1982,34000.0
El Salvador,SLV,"Air transport, passengers carried",IS.AIR.PSGR,1982,254800.0
Somalia,SOM,"Air transport, passengers carried",IS.AIR.PSGR,1982,99300.0
Sub-Saharan Africa (excluding high income),SSA,"Air transport, passengers carried",IS.AIR.PSGR,1982,14213900.0
Sub-Saharan Africa,SSF,"Air transport, passengers carried",IS.AIR.PSGR,1982,14279000.0
Suriname,SUR,"Air transport, passengers carried",IS.AIR.PSGR,1982,107000.0
Sweden,SWE,"Air transport, passengers carried",IS.AIR.PSGR,1982,6091100.0
Eswatini,SWZ,"Air transport, passengers carried",IS.AIR.PSGR,1982,24400.0
Seychelles,SYC,"Air transport, passengers carried",IS.AIR.PSGR,1982,65100.0
Syrian Arab Republic,SYR,"Air transport, passengers carried",IS.AIR.PSGR,1982,466400.0
Chad,TCD,"Air transport, passengers carried",IS.AIR.PSGR,1982,82800.0
East Asia & Pacific (IDA & IBRD countries),TEA,"Air transport, passengers carried",IS.AIR.PSGR,1982,23809200.0
Togo,TGO,"Air transport, passengers carried",IS.AIR.PSGR,1982,69800.0
Thailand,THA,"Air transport, passengers carried",IS.AIR.PSGR,1982,3154900.0
Latin America & the Caribbean (IDA & IBRD countries),TLA,"Air transport, passengers carried",IS.AIR.PSGR,1982,52614200.0
Middle East & North Africa (IDA & IBRD countries),TMN,"Air transport, passengers carried",IS.AIR.PSGR,1982,15082400.0
South Asia (IDA & IBRD),TSA,"Air transport, passengers carried",IS.AIR.PSGR,1982,13529900.0
Sub-Saharan Africa (IDA & IBRD countries),TSS,"Air transport, passengers carried",IS.AIR.PSGR,1982,14279000.0
Trinidad and Tobago,TTO,"Air transport, passengers carried",IS.AIR.PSGR,1982,1380700.0
Tunisia,TUN,"Air transport, passengers carried",IS.AIR.PSGR,1982,1209100.0
Turkiye,TUR,"Air transport, passengers carried",IS.AIR.PSGR,1982,2094600.0
Tanzania,TZA,"Air transport, passengers carried",IS.AIR.PSGR,1982,401700.0
Uganda,UGA,"Air transport, passengers carried",IS.AIR.PSGR,1982,62200.0
Upper middle income,UMC,"Air transport, passengers carried",IS.AIR.PSGR,1982,74860200.0
Uruguay,URY,"Air transport, passengers carried",IS.AIR.PSGR,1982,356500.0
United States,USA,"Air transport, passengers carried",IS.AIR.PSGR,1982,290992608.0
"Venezuela, RB",VEN,"Air transport, passengers carried",IS.AIR.PSGR,1982,5667200.0
Viet Nam,VNM,"Air transport, passengers carried",IS.AIR.PSGR,1982,27000.0
Vanuatu,VUT,"Air transport, passengers carried",IS.AIR.PSGR,1982,16800.0
World,WLD,"Air transport, passengers carried",IS.AIR.PSGR,1982,654482108.0
"Yemen, Rep.",YEM,"Air transport, passengers carried",IS.AIR.PSGR,1982,352100.0
South Africa,ZAF,"Air transport, passengers carried",IS.AIR.PSGR,1982,4091200.0
Zambia,ZMB,"Air transport, passengers carried",IS.AIR.PSGR,1982,253100.0
Zimbabwe,ZWE,"Air transport, passengers carried",IS.AIR.PSGR,1982,448600.0
Africa Eastern and Southern,AFE,"Air transport, passengers carried",IS.AIR.PSGR,1983,8973900.0
Afghanistan,AFG,"Air transport, passengers carried",IS.AIR.PSGR,1983,200200.0
Africa Western and Central,AFW,"Air transport, passengers carried",IS.AIR.PSGR,1983,5423600.0
Angola,AGO,"Air transport, passengers carried",IS.AIR.PSGR,1983,952500.0
Arab World,ARB,"Air transport, passengers carried",IS.AIR.PSGR,1983,29098800.0
United Arab Emirates,ARE,"Air transport, passengers carried",IS.AIR.PSGR,1983,601800.0
Argentina,ARG,"Air transport, passengers carried",IS.AIR.PSGR,1983,4399600.0
Antigua and Barbuda,ATG,"Air transport, passengers carried",IS.AIR.PSGR,1983,385000.0
Australia,AUS,"Air transport, passengers carried",IS.AIR.PSGR,1983,12601500.0
Austria,AUT,"Air transport, passengers carried",IS.AIR.PSGR,1983,1498400.0
Burundi,BDI,"Air transport, passengers carried",IS.AIR.PSGR,1983,6000.0
Belgium,BEL,"Air transport, passengers carried",IS.AIR.PSGR,1983,1956600.0
Benin,BEN,"Air transport, passengers carried",IS.AIR.PSGR,1983,79500.0
Burkina Faso,BFA,"Air transport, passengers carried",IS.AIR.PSGR,1983,93200.0
Bangladesh,BGD,"Air transport, passengers carried",IS.AIR.PSGR,1983,623000.0
Bulgaria,BGR,"Air transport, passengers carried",IS.AIR.PSGR,1983,1790000.0
Bahrain,BHR,"Air transport, passengers carried",IS.AIR.PSGR,1983,601800.0
"Bahamas, The",BHS,"Air transport, passengers carried",IS.AIR.PSGR,1983,699000.0
Bolivia,BOL,"Air transport, passengers carried",IS.AIR.PSGR,1983,1299000.0
Brazil,BRA,"Air transport, passengers carried",IS.AIR.PSGR,1983,12605900.0
Barbados,BRB,"Air transport, passengers carried",IS.AIR.PSGR,1983,34500.0
Botswana,BWA,"Air transport, passengers carried",IS.AIR.PSGR,1983,50300.0
Central African Republic,CAF,"Air transport, passengers carried",IS.AIR.PSGR,1983,114400.0
Canada,CAN,"Air transport, passengers carried",IS.AIR.PSGR,1983,18107900.0
Central Europe and the Baltics,CEB,"Air transport, passengers carried",IS.AIR.PSGR,1983,5941300.0
Switzerland,CHE,"Air transport, passengers carried",IS.AIR.PSGR,1983,6266800.0
Chile,CHL,"Air transport, passengers carried",IS.AIR.PSGR,1983,651900.0
China,CHN,"Air transport, passengers carried",IS.AIR.PSGR,1983,3836000.0
Cote d'Ivoire,CIV,"Air transport, passengers carried",IS.AIR.PSGR,1983,388500.0
Cameroon,CMR,"Air transport, passengers carried",IS.AIR.PSGR,1983,631000.0
"Congo, Dem. Rep.",COD,"Air transport, passengers carried",IS.AIR.PSGR,1983,330700.0
"Congo, Rep.",COG,"Air transport, passengers carried",IS.AIR.PSGR,1983,216900.0
Colombia,COL,"Air transport, passengers carried",IS.AIR.PSGR,1983,6583900.0
Cabo Verde,CPV,"Air transport, passengers carried",IS.AIR.PSGR,1983,122200.0
Costa Rica,CRI,"Air transport, passengers carried",IS.AIR.PSGR,1983,379600.0
Caribbean small states,CSS,"Air transport, passengers carried",IS.AIR.PSGR,1983,1317500.0
Cuba,CUB,"Air transport, passengers carried",IS.AIR.PSGR,1983,839400.0
Cyprus,CYP,"Air transport, passengers carried",IS.AIR.PSGR,1983,485300.0
Czechia,CZE,"Air transport, passengers carried",IS.AIR.PSGR,1983,908400.0
Germany,DEU,"Air transport, passengers carried",IS.AIR.PSGR,1983,13099900.0
Djibouti,DJI,"Air transport, passengers carried",IS.AIR.PSGR,1983,110000.0
Denmark,DNK,"Air transport, passengers carried",IS.AIR.PSGR,1983,3947700.0
Dominican Republic,DOM,"Air transport, passengers carried",IS.AIR.PSGR,1983,446700.0
Algeria,DZA,"Air transport, passengers carried",IS.AIR.PSGR,1983,3410500.0
East Asia & Pacific (excluding high income),EAP,"Air transport, passengers carried",IS.AIR.PSGR,1983,24162000.0
Early-demographic dividend,EAR,"Air transport, passengers carried",IS.AIR.PSGR,1983,88030100.0
East Asia & Pacific,EAS,"Air transport, passengers carried",IS.AIR.PSGR,1983,95932600.0
Ecuador,ECU,"Air transport, passengers carried",IS.AIR.PSGR,1983,618000.0
"Egypt, Arab Rep.",EGY,"Air transport, passengers carried",IS.AIR.PSGR,1983,2617700.0
Euro area,EMU,"Air transport, passengers carried",IS.AIR.PSGR,1983,85330500.0
Spain,ESP,"Air transport, passengers carried",IS.AIR.PSGR,1983,14538000.0
Ethiopia,ETH,"Air transport, passengers carried",IS.AIR.PSGR,1983,357500.0
European Union,EUU,"Air transport, passengers carried",IS.AIR.PSGR,1983,101810300.0
Fragile and conflict affected situations,FCS,"Air transport, passengers carried",IS.AIR.PSGR,1983,16043200.0
Finland,FIN,"Air transport, passengers carried",IS.AIR.PSGR,1983,2797300.0
Fiji,FJI,"Air transport, passengers carried",IS.AIR.PSGR,1983,309300.0
France,FRA,"Air transport, passengers carried",IS.AIR.PSGR,1983,23278100.0
Gabon,GAB,"Air transport, passengers carried",IS.AIR.PSGR,1983,428300.0
United Kingdom,GBR,"Air transport, passengers carried",IS.AIR.PSGR,1983,23376200.0
Ghana,GHA,"Air transport, passengers carried",IS.AIR.PSGR,1983,271400.0
Guinea,GIN,"Air transport, passengers carried",IS.AIR.PSGR,1983,129200.0
Guinea-Bissau,GNB,"Air transport, passengers carried",IS.AIR.PSGR,1983,21000.0
Equatorial Guinea,GNQ,"Air transport, passengers carried",IS.AIR.PSGR,1983,13300.0
Greece,GRC,"Air transport, passengers carried",IS.AIR.PSGR,1983,5811800.0
Guatemala,GTM,"Air transport, passengers carried",IS.AIR.PSGR,1983,99500.0
Guyana,GUY,"Air transport, passengers carried",IS.AIR.PSGR,1983,93000.0
High income,HIC,"Air transport, passengers carried",IS.AIR.PSGR,1983,563285796.0
Honduras,HND,"Air transport, passengers carried",IS.AIR.PSGR,1983,435900.0
Heavily indebted poor countries (HIPC),HPC,"Air transport, passengers carried",IS.AIR.PSGR,1983,7618200.0
Haiti,HTI,"Air transport, passengers carried",IS.AIR.PSGR,1983,0.0
Hungary,HUN,"Air transport, passengers carried",IS.AIR.PSGR,1983,957300.0
IBRD only,IBD,"Air transport, passengers carried",IS.AIR.PSGR,1983,110742700.0
IDA & IBRD total,IBT,"Air transport, passengers carried",IS.AIR.PSGR,1983,128064000.0
IDA total,IDA,"Air transport, passengers carried",IS.AIR.PSGR,1983,17321300.0
IDA blend,IDB,"Air transport, passengers carried",IS.AIR.PSGR,1983,8415100.0
Indonesia,IDN,"Air transport, passengers carried",IS.AIR.PSGR,1983,5567500.0
IDA only,IDX,"Air transport, passengers carried",IS.AIR.PSGR,1983,8906200.0
India,IND,"Air transport, passengers carried",IS.AIR.PSGR,1983,9164800.0
Ireland,IRL,"Air transport, passengers carried",IS.AIR.PSGR,1983,1780800.0
"Iran, Islamic Rep.",IRN,"Air transport, passengers carried",IS.AIR.PSGR,1983,3190900.0
Iraq,IRQ,"Air transport, passengers carried",IS.AIR.PSGR,1983,454000.0
Iceland,ISL,"Air transport, passengers carried",IS.AIR.PSGR,1983,601400.0
Israel,ISR,"Air transport, passengers carried",IS.AIR.PSGR,1983,1578700.0
Italy,ITA,"Air transport, passengers carried",IS.AIR.PSGR,1983,11996600.0
Jamaica,JAM,"Air transport, passengers carried",IS.AIR.PSGR,1983,716300.0
Jordan,JOR,"Air transport, passengers carried",IS.AIR.PSGR,1983,1457300.0
Japan,JPN,"Air transport, passengers carried",IS.AIR.PSGR,1983,46554000.0
Kenya,KEN,"Air transport, passengers carried",IS.AIR.PSGR,1983,435500.0
Kiribati,KIR,"Air transport, passengers carried",IS.AIR.PSGR,1983,60000.0
"Korea, Rep.",KOR,"Air transport, passengers carried",IS.AIR.PSGR,1983,4861500.0
Kuwait,KWT,"Air transport, passengers carried",IS.AIR.PSGR,1983,1534500.0
Latin America & Caribbean (excluding high income),LAC,"Air transport, passengers carried",IS.AIR.PSGR,1983,44675500.0
Lao PDR,LAO,"Air transport, passengers carried",IS.AIR.PSGR,1983,14000.0
Lebanon,LBN,"Air transport, passengers carried",IS.AIR.PSGR,1983,695800.0
Liberia,LBR,"Air transport, passengers carried",IS.AIR.PSGR,1983,44000.0
Libya,LBY,"Air transport, passengers carried",IS.AIR.PSGR,1983,1860000.0
Latin America & Caribbean,LCN,"Air transport, passengers carried",IS.AIR.PSGR,1983,53517600.0
Least developed countries: UN classification,LDC,"Air transport, passengers carried",IS.AIR.PSGR,1983,7409200.0
Low income,LIC,"Air transport, passengers carried",IS.AIR.PSGR,1983,4210500.0
Sri Lanka,LKA,"Air transport, passengers carried",IS.AIR.PSGR,1983,616500.0
Lower middle income,LMC,"Air transport, passengers carried",IS.AIR.PSGR,1983,35575200.0
Low & middle income,LMY,"Air transport, passengers carried",IS.AIR.PSGR,1983,116815600.0
Lesotho,LSO,"Air transport, passengers carried",IS.AIR.PSGR,1983,61000.0
Late-demographic dividend,LTE,"Air transport, passengers carried",IS.AIR.PSGR,1983,48639000.0
Luxembourg,LUX,"Air transport, passengers carried",IS.AIR.PSGR,1983,224100.0
Morocco,MAR,"Air transport, passengers carried",IS.AIR.PSGR,1983,932200.0
Monaco,MCO,"Air transport, passengers carried",IS.AIR.PSGR,1983,44000.0
Madagascar,MDG,"Air transport, passengers carried",IS.AIR.PSGR,1983,347300.0
Maldives,MDV,"Air transport, passengers carried",IS.AIR.PSGR,1983,38000.0
Middle East & North Africa,MEA,"Air transport, passengers carried",IS.AIR.PSGR,1983,33496000.0
Mexico,MEX,"Air transport, passengers carried",IS.AIR.PSGR,1983,13923500.0
Middle income,MIC,"Air transport, passengers carried",IS.AIR.PSGR,1983,112605100.0
Mali,MLI,"Air transport, passengers carried",IS.AIR.PSGR,1983,77000.0
Malta,MLT,"Air transport, passengers carried",IS.AIR.PSGR,1983,366300.0
Myanmar,MMR,"Air transport, passengers carried",IS.AIR.PSGR,1983,517000.0
Middle East & North Africa (excluding high income),MNA,"Air transport, passengers carried",IS.AIR.PSGR,1983,16939000.0
Mozambique,MOZ,"Air transport, passengers carried",IS.AIR.PSGR,1983,404700.0
Mauritania,MRT,"Air transport, passengers carried",IS.AIR.PSGR,1983,148500.0
Mauritius,MUS,"Air transport, passengers carried",IS.AIR.PSGR,1983,122900.0
Malawi,MWI,"Air transport, passengers carried",IS.AIR.PSGR,1983,96900.0
Malaysia,MYS,"Air transport, passengers carried",IS.AIR.PSGR,1983,5360900.0
North America,NAC,"Air transport, passengers carried",IS.AIR.PSGR,1983,333707996.0
Niger,NER,"Air transport, passengers carried",IS.AIR.PSGR,1983,117500.0
Nigeria,NGA,"Air transport, passengers carried",IS.AIR.PSGR,1983,2221300.0
Nicaragua,NIC,"Air transport, passengers carried",IS.AIR.PSGR,1983,95000.0
Netherlands,NLD,"Air transport, passengers carried",IS.AIR.PSGR,1983,5278900.0
Norway,NOR,"Air transport, passengers carried",IS.AIR.PSGR,1983,5610800.0
Nepal,NPL,"Air transport, passengers carried",IS.AIR.PSGR,1983,363700.0
New Zealand,NZL,"Air transport, passengers carried",IS.AIR.PSGR,1983,3222000.0
OECD members,OED,"Air transport, passengers carried",IS.AIR.PSGR,1983,560323496.0
Oman,OMN,"Air transport, passengers carried",IS.AIR.PSGR,1983,601800.0
Pakistan,PAK,"Air transport, passengers carried",IS.AIR.PSGR,1983,3466900.0
Panama,PAN,"Air transport, passengers carried",IS.AIR.PSGR,1983,323400.0
Peru,PER,"Air transport, passengers carried",IS.AIR.PSGR,1983,1698200.0
Philippines,PHL,"Air transport, passengers carried",IS.AIR.PSGR,1983,4319800.0
Papua New Guinea,PNG,"Air transport, passengers carried",IS.AIR.PSGR,1983,533800.0
Poland,POL,"Air transport, passengers carried",IS.AIR.PSGR,1983,1287000.0
Pre-demographic dividend,PRE,"Air transport, passengers carried",IS.AIR.PSGR,1983,9138600.0
"Korea, Dem. People's Rep.",PRK,"Air transport, passengers carried",IS.AIR.PSGR,1983,196000.0
Portugal,PRT,"Air transport, passengers carried",IS.AIR.PSGR,1983,2218400.0
Paraguay,PRY,"Air transport, passengers carried",IS.AIR.PSGR,1983,163500.0
Pacific island small states,PSS,"Air transport, passengers carried",IS.AIR.PSGR,1983,448500.0
Post-demographic dividend,PST,"Air transport, passengers carried",IS.AIR.PSGR,1983,539249896.0
Qatar,QAT,"Air transport, passengers carried",IS.AIR.PSGR,1983,601800.0
Romania,ROU,"Air transport, passengers carried",IS.AIR.PSGR,1983,998600.0
Rwanda,RWA,"Air transport, passengers carried",IS.AIR.PSGR,1983,4400.0
South Asia,SAS,"Air transport, passengers carried",IS.AIR.PSGR,1983,14473100.0
Saudi Arabia,SAU,"Air transport, passengers carried",IS.AIR.PSGR,1983,10670300.0
Sudan,SDN,"Air transport, passengers carried",IS.AIR.PSGR,1983,473000.0
Senegal,SEN,"Air transport, passengers carried",IS.AIR.PSGR,1983,124500.0
Singapore,SGP,"Air transport, passengers carried",IS.AIR.PSGR,1983,4531600.0
Solomon Islands,SLB,"Air transport, passengers carried",IS.AIR.PSGR,1983,54600.0
Sierra Leone,SLE,"Air transport, passengers carried",IS.AIR.PSGR,1983,26400.0
El Salvador,SLV,"Air transport, passengers carried",IS.AIR.PSGR,1983,265500.0
Somalia,SOM,"Air transport, passengers carried",IS.AIR.PSGR,1983,117200.0
Sub-Saharan Africa (excluding high income),SSA,"Air transport, passengers carried",IS.AIR.PSGR,1983,14332400.0
Sub-Saharan Africa,SSF,"Air transport, passengers carried",IS.AIR.PSGR,1983,14397500.0
Suriname,SUR,"Air transport, passengers carried",IS.AIR.PSGR,1983,106000.0
Sweden,SWE,"Air transport, passengers carried",IS.AIR.PSGR,1983,6590800.0
Eswatini,SWZ,"Air transport, passengers carried",IS.AIR.PSGR,1983,29000.0
Seychelles,SYC,"Air transport, passengers carried",IS.AIR.PSGR,1983,65100.0
Syrian Arab Republic,SYR,"Air transport, passengers carried",IS.AIR.PSGR,1983,486600.0
Chad,TCD,"Air transport, passengers carried",IS.AIR.PSGR,1983,84500.0
East Asia & Pacific (IDA & IBRD countries),TEA,"Air transport, passengers carried",IS.AIR.PSGR,1983,23966000.0
Togo,TGO,"Air transport, passengers carried",IS.AIR.PSGR,1983,71000.0
Thailand,THA,"Air transport, passengers carried",IS.AIR.PSGR,1983,3357000.0
Latin America & the Caribbean (IDA & IBRD countries),TLA,"Air transport, passengers carried",IS.AIR.PSGR,1983,51979200.0
Middle East & North Africa (IDA & IBRD countries),TMN,"Air transport, passengers carried",IS.AIR.PSGR,1983,16939000.0
South Asia (IDA & IBRD),TSA,"Air transport, passengers carried",IS.AIR.PSGR,1983,14473100.0
Sub-Saharan Africa (IDA & IBRD countries),TSS,"Air transport, passengers carried",IS.AIR.PSGR,1983,14397500.0
Trinidad and Tobago,TTO,"Air transport, passengers carried",IS.AIR.PSGR,1983,1344700.0
Tunisia,TUN,"Air transport, passengers carried",IS.AIR.PSGR,1983,1258100.0
Turkiye,TUR,"Air transport, passengers carried",IS.AIR.PSGR,1983,2233600.0
Tanzania,TZA,"Air transport, passengers carried",IS.AIR.PSGR,1983,407100.0
Uganda,UGA,"Air transport, passengers carried",IS.AIR.PSGR,1983,75100.0
Upper middle income,UMC,"Air transport, passengers carried",IS.AIR.PSGR,1983,77029900.0
Uruguay,URY,"Air transport, passengers carried",IS.AIR.PSGR,1983,310400.0
United States,USA,"Air transport, passengers carried",IS.AIR.PSGR,1983,315600096.0
"Venezuela, RB",VEN,"Air transport, passengers carried",IS.AIR.PSGR,1983,5000200.0
Viet Nam,VNM,"Air transport, passengers carried",IS.AIR.PSGR,1983,11500.0
Vanuatu,VUT,"Air transport, passengers carried",IS.AIR.PSGR,1983,24600.0
World,WLD,"Air transport, passengers carried",IS.AIR.PSGR,1983,685101596.0
"Yemen, Rep.",YEM,"Air transport, passengers carried",IS.AIR.PSGR,1983,465900.0
South Africa,ZAF,"Air transport, passengers carried",IS.AIR.PSGR,1983,3951800.0
Zambia,ZMB,"Air transport, passengers carried",IS.AIR.PSGR,1983,236700.0
Zimbabwe,ZWE,"Air transport, passengers carried",IS.AIR.PSGR,1983,449200.0
Africa Eastern and Southern,AFE,"Air transport, passengers carried",IS.AIR.PSGR,1981,9063100.0
Afghanistan,AFG,"Air transport, passengers carried",IS.AIR.PSGR,1981,129100.0
Africa Western and Central,AFW,"Air transport, passengers carried",IS.AIR.PSGR,1981,5147600.0
Angola,AGO,"Air transport, passengers carried",IS.AIR.PSGR,1981,801100.0
Arab World,ARB,"Air transport, passengers carried",IS.AIR.PSGR,1981,25883200.0
United Arab Emirates,ARE,"Air transport, passengers carried",IS.AIR.PSGR,1981,577800.0
Argentina,ARG,"Air transport, passengers carried",IS.AIR.PSGR,1981,4890100.0
Antigua and Barbuda,ATG,"Air transport, passengers carried",IS.AIR.PSGR,1981,389000.0
Australia,AUS,"Air transport, passengers carried",IS.AIR.PSGR,1981,13219500.0
Austria,AUT,"Air transport, passengers carried",IS.AIR.PSGR,1981,1358100.0
Burundi,BDI,"Air transport, passengers carried",IS.AIR.PSGR,1981,5000.0
Belgium,BEL,"Air transport, passengers carried",IS.AIR.PSGR,1981,2053000.0
Benin,BEN,"Air transport, passengers carried",IS.AIR.PSGR,1981,74800.0
Burkina Faso,BFA,"Air transport, passengers carried",IS.AIR.PSGR,1981,75800.0
Bangladesh,BGD,"Air transport, passengers carried",IS.AIR.PSGR,1981,591400.0
Bulgaria,BGR,"Air transport, passengers carried",IS.AIR.PSGR,1981,1787000.0
Bahrain,BHR,"Air transport, passengers carried",IS.AIR.PSGR,1981,577800.0
"Bahamas, The",BHS,"Air transport, passengers carried",IS.AIR.PSGR,1981,740000.0
Bolivia,BOL,"Air transport, passengers carried",IS.AIR.PSGR,1981,1220300.0
Brazil,BRA,"Air transport, passengers carried",IS.AIR.PSGR,1981,12594600.0
Barbados,BRB,"Air transport, passengers carried",IS.AIR.PSGR,1981,60800.0
Botswana,BWA,"Air transport, passengers carried",IS.AIR.PSGR,1981,50000.0
Central African Republic,CAF,"Air transport, passengers carried",IS.AIR.PSGR,1981,129100.0
Canada,CAN,"Air transport, passengers carried",IS.AIR.PSGR,1981,22097100.0
Central Europe and the Baltics,CEB,"Air transport, passengers carried",IS.AIR.PSGR,1981,6431500.0
Switzerland,CHE,"Air transport, passengers carried",IS.AIR.PSGR,1981,6220600.0
Chile,CHL,"Air transport, passengers carried",IS.AIR.PSGR,1981,885700.0
China,CHN,"Air transport, passengers carried",IS.AIR.PSGR,1981,3236000.0
Cote d'Ivoire,CIV,"Air transport, passengers carried",IS.AIR.PSGR,1981,379100.0
Cameroon,CMR,"Air transport, passengers carried",IS.AIR.PSGR,1981,485500.0
"Congo, Dem. Rep.",COD,"Air transport, passengers carried",IS.AIR.PSGR,1981,492600.0
"Congo, Rep.",COG,"Air transport, passengers carried",IS.AIR.PSGR,1981,154100.0
Colombia,COL,"Air transport, passengers carried",IS.AIR.PSGR,1981,4570100.0
Cabo Verde,CPV,"Air transport, passengers carried",IS.AIR.PSGR,1981,103100.0
Costa Rica,CRI,"Air transport, passengers carried",IS.AIR.PSGR,1981,427600.0
Caribbean small states,CSS,"Air transport, passengers carried",IS.AIR.PSGR,1981,1415300.0
Cuba,CUB,"Air transport, passengers carried",IS.AIR.PSGR,1981,650700.0
Cyprus,CYP,"Air transport, passengers carried",IS.AIR.PSGR,1981,455000.0
Czechia,CZE,"Air transport, passengers carried",IS.AIR.PSGR,1981,955000.0
Germany,DEU,"Air transport, passengers carried",IS.AIR.PSGR,1981,12964400.0
Djibouti,DJI,"Air transport, passengers carried",IS.AIR.PSGR,1981,88700.0
Denmark,DNK,"Air transport, passengers carried",IS.AIR.PSGR,1981,3065000.0
Dominican Republic,DOM,"Air transport, passengers carried",IS.AIR.PSGR,1981,440300.0
Algeria,DZA,"Air transport, passengers carried",IS.AIR.PSGR,1981,3000000.0
East Asia & Pacific (excluding high income),EAP,"Air transport, passengers carried",IS.AIR.PSGR,1981,22763000.0
Early-demographic dividend,EAR,"Air transport, passengers carried",IS.AIR.PSGR,1981,81825400.0
East Asia & Pacific,EAS,"Air transport, passengers carried",IS.AIR.PSGR,1981,95951900.0
Ecuador,ECU,"Air transport, passengers carried",IS.AIR.PSGR,1981,691700.0
"Egypt, Arab Rep.",EGY,"Air transport, passengers carried",IS.AIR.PSGR,1981,2232600.0
Euro area,EMU,"Air transport, passengers carried",IS.AIR.PSGR,1981,80934800.0
Spain,ESP,"Air transport, passengers carried",IS.AIR.PSGR,1981,14601800.0
Ethiopia,ETH,"Air transport, passengers carried",IS.AIR.PSGR,1981,327600.0
European Union,EUU,"Air transport, passengers carried",IS.AIR.PSGR,1981,96063300.0
Fragile and conflict affected situations,FCS,"Air transport, passengers carried",IS.AIR.PSGR,1981,15712200.0
Finland,FIN,"Air transport, passengers carried",IS.AIR.PSGR,1981,2751100.0
Fiji,FJI,"Air transport, passengers carried",IS.AIR.PSGR,1981,319300.0
France,FRA,"Air transport, passengers carried",IS.AIR.PSGR,1981,21591200.0
Gabon,GAB,"Air transport, passengers carried",IS.AIR.PSGR,1981,340000.0
United Kingdom,GBR,"Air transport, passengers carried",IS.AIR.PSGR,1981,24578700.0
Ghana,GHA,"Air transport, passengers carried",IS.AIR.PSGR,1981,288800.0
Guinea,GIN,"Air transport, passengers carried",IS.AIR.PSGR,1981,128000.0
Guinea-Bissau,GNB,"Air transport, passengers carried",IS.AIR.PSGR,1981,22200.0
Equatorial Guinea,GNQ,"Air transport, passengers carried",IS.AIR.PSGR,1981,13300.0
Greece,GRC,"Air transport, passengers carried",IS.AIR.PSGR,1981,4900700.0
Guatemala,GTM,"Air transport, passengers carried",IS.AIR.PSGR,1981,124400.0
Guyana,GUY,"Air transport, passengers carried",IS.AIR.PSGR,1981,81500.0
High income,HIC,"Air transport, passengers carried",IS.AIR.PSGR,1981,527271600.0
Honduras,HND,"Air transport, passengers carried",IS.AIR.PSGR,1981,410600.0
Heavily indebted poor countries (HIPC),HPC,"Air transport, passengers carried",IS.AIR.PSGR,1981,7255200.0
Haiti,HTI,"Air transport, passengers carried",IS.AIR.PSGR,1981,0.0
Hungary,HUN,"Air transport, passengers carried",IS.AIR.PSGR,1981,1017000.0
IBRD only,IBD,"Air transport, passengers carried",IS.AIR.PSGR,1981,104081600.0
IDA & IBRD total,IBT,"Air transport, passengers carried",IS.AIR.PSGR,1981,120427500.0
IDA total,IDA,"Air transport, passengers carried",IS.AIR.PSGR,1981,16345900.0
IDA blend,IDB,"Air transport, passengers carried",IS.AIR.PSGR,1981,7985200.0
Indonesia,IDN,"Air transport, passengers carried",IS.AIR.PSGR,1981,6098100.0
IDA only,IDX,"Air transport, passengers carried",IS.AIR.PSGR,1981,8360700.0
India,IND,"Air transport, passengers carried",IS.AIR.PSGR,1981,7574500.0
Ireland,IRL,"Air transport, passengers carried",IS.AIR.PSGR,1981,1978600.0
"Iran, Islamic Rep.",IRN,"Air transport, passengers carried",IS.AIR.PSGR,1981,1539700.0
Iraq,IRQ,"Air transport, passengers carried",IS.AIR.PSGR,1981,457000.0
Iceland,ISL,"Air transport, passengers carried",IS.AIR.PSGR,1981,522100.0
Israel,ISR,"Air transport, passengers carried",IS.AIR.PSGR,1981,1585200.0
Italy,ITA,"Air transport, passengers carried",IS.AIR.PSGR,1981,10493300.0
Jamaica,JAM,"Air transport, passengers carried",IS.AIR.PSGR,1981,727800.0
Jordan,JOR,"Air transport, passengers carried",IS.AIR.PSGR,1981,1443300.0
Japan,JPN,"Air transport, passengers carried",IS.AIR.PSGR,1981,48061200.0
Kenya,KEN,"Air transport, passengers carried",IS.AIR.PSGR,1981,408700.0
Kiribati,KIR,"Air transport, passengers carried",IS.AIR.PSGR,1981,59000.0
"Korea, Rep.",KOR,"Air transport, passengers carried",IS.AIR.PSGR,1981,4186700.0
Kuwait,KWT,"Air transport, passengers carried",IS.AIR.PSGR,1981,1252500.0
Latin America & Caribbean (excluding high income),LAC,"Air transport, passengers carried",IS.AIR.PSGR,1981,42988400.0
Lao PDR,LAO,"Air transport, passengers carried",IS.AIR.PSGR,1981,14500.0
Lebanon,LBN,"Air transport, passengers carried",IS.AIR.PSGR,1981,843800.0
Liberia,LBR,"Air transport, passengers carried",IS.AIR.PSGR,1981,30400.0
Libya,LBY,"Air transport, passengers carried",IS.AIR.PSGR,1981,1486000.0
Latin America & Caribbean,LCN,"Air transport, passengers carried",IS.AIR.PSGR,1981,52315700.0
Least developed countries: UN classification,LDC,"Air transport, passengers carried",IS.AIR.PSGR,1981,6950300.0
Low income,LIC,"Air transport, passengers carried",IS.AIR.PSGR,1981,4082100.0
Sri Lanka,LKA,"Air transport, passengers carried",IS.AIR.PSGR,1981,405200.0
Lower middle income,LMC,"Air transport, passengers carried",IS.AIR.PSGR,1981,31769400.0
Low & middle income,LMY,"Air transport, passengers carried",IS.AIR.PSGR,1981,108200800.0
Lesotho,LSO,"Air transport, passengers carried",IS.AIR.PSGR,1981,36600.0
Late-demographic dividend,LTE,"Air transport, passengers carried",IS.AIR.PSGR,1981,45741200.0
Luxembourg,LUX,"Air transport, passengers carried",IS.AIR.PSGR,1981,163200.0
Morocco,MAR,"Air transport, passengers carried",IS.AIR.PSGR,1981,929600.0
Monaco,MCO,"Air transport, passengers carried",IS.AIR.PSGR,1981,44000.0
Madagascar,MDG,"Air transport, passengers carried",IS.AIR.PSGR,1981,444900.0
Maldives,MDV,"Air transport, passengers carried",IS.AIR.PSGR,1981,33800.0
Middle East & North Africa,MEA,"Air transport, passengers carried",IS.AIR.PSGR,1981,28680800.0
Mexico,MEX,"Air transport, passengers carried",IS.AIR.PSGR,1981,13853300.0
Middle income,MIC,"Air transport, passengers carried",IS.AIR.PSGR,1981,104118700.0
Mali,MLI,"Air transport, passengers carried",IS.AIR.PSGR,1981,71000.0
Malta,MLT,"Air transport, passengers carried",IS.AIR.PSGR,1981,397900.0
Myanmar,MMR,"Air transport, passengers carried",IS.AIR.PSGR,1981,500000.0
Middle East & North Africa (excluding high income),MNA,"Air transport, passengers carried",IS.AIR.PSGR,1981,13987100.0
Mozambique,MOZ,"Air transport, passengers carried",IS.AIR.PSGR,1981,291500.0
Mauritania,MRT,"Air transport, passengers carried",IS.AIR.PSGR,1981,144100.0
Mauritius,MUS,"Air transport, passengers carried",IS.AIR.PSGR,1981,102200.0
Malawi,MWI,"Air transport, passengers carried",IS.AIR.PSGR,1981,107600.0
Malaysia,MYS,"Air transport, passengers carried",IS.AIR.PSGR,1981,5347700.0
North America,NAC,"Air transport, passengers carried",IS.AIR.PSGR,1981,303183500.0
Niger,NER,"Air transport, passengers carried",IS.AIR.PSGR,1981,114100.0
Nigeria,NGA,"Air transport, passengers carried",IS.AIR.PSGR,1981,2300200.0
Nicaragua,NIC,"Air transport, passengers carried",IS.AIR.PSGR,1981,97000.0
Netherlands,NLD,"Air transport, passengers carried",IS.AIR.PSGR,1981,5058000.0
Norway,NOR,"Air transport, passengers carried",IS.AIR.PSGR,1981,4979400.0
Nepal,NPL,"Air transport, passengers carried",IS.AIR.PSGR,1981,364500.0
New Zealand,NZL,"Air transport, passengers carried",IS.AIR.PSGR,1981,3316100.0
OECD members,OED,"Air transport, passengers carried",IS.AIR.PSGR,1981,524004700.0
Oman,OMN,"Air transport, passengers carried",IS.AIR.PSGR,1981,577800.0
Pakistan,PAK,"Air transport, passengers carried",IS.AIR.PSGR,1981,3096800.0
Panama,PAN,"Air transport, passengers carried",IS.AIR.PSGR,1981,309200.0
Peru,PER,"Air transport, passengers carried",IS.AIR.PSGR,1981,1777100.0
Philippines,PHL,"Air transport, passengers carried",IS.AIR.PSGR,1981,3542700.0
Papua New Guinea,PNG,"Air transport, passengers carried",IS.AIR.PSGR,1981,553500.0
Poland,POL,"Air transport, passengers carried",IS.AIR.PSGR,1981,1592800.0
Pre-demographic dividend,PRE,"Air transport, passengers carried",IS.AIR.PSGR,1981,8800000.0
"Korea, Dem. People's Rep.",PRK,"Air transport, passengers carried",IS.AIR.PSGR,1981,184400.0
Portugal,PRT,"Air transport, passengers carried",IS.AIR.PSGR,1981,2168500.0
Paraguay,PRY,"Air transport, passengers carried",IS.AIR.PSGR,1981,127000.0
Post-demographic dividend,PST,"Air transport, passengers carried",IS.AIR.PSGR,1981,504208800.0
Qatar,QAT,"Air transport, passengers carried",IS.AIR.PSGR,1981,577800.0
Romania,ROU,"Air transport, passengers carried",IS.AIR.PSGR,1981,1079700.0
Rwanda,RWA,"Air transport, passengers carried",IS.AIR.PSGR,1981,9700.0
South Asia,SAS,"Air transport, passengers carried",IS.AIR.PSGR,1981,12195300.0
Saudi Arabia,SAU,"Air transport, passengers carried",IS.AIR.PSGR,1981,9146900.0
Sudan,SDN,"Air transport, passengers carried",IS.AIR.PSGR,1981,465300.0
Senegal,SEN,"Air transport, passengers carried",IS.AIR.PSGR,1981,116100.0
Singapore,SGP,"Air transport, passengers carried",IS.AIR.PSGR,1981,4405400.0
Solomon Islands,SLB,"Air transport, passengers carried",IS.AIR.PSGR,1981,46200.0
Sierra Leone,SLE,"Air transport, passengers carried",IS.AIR.PSGR,1981,30200.0
El Salvador,SLV,"Air transport, passengers carried",IS.AIR.PSGR,1981,241800.0
Somalia,SOM,"Air transport, passengers carried",IS.AIR.PSGR,1981,115800.0
Sub-Saharan Africa (excluding high income),SSA,"Air transport, passengers carried",IS.AIR.PSGR,1981,14195700.0
Sub-Saharan Africa,SSF,"Air transport, passengers carried",IS.AIR.PSGR,1981,14210700.0
Suriname,SUR,"Air transport, passengers carried",IS.AIR.PSGR,1981,144000.0
Sweden,SWE,"Air transport, passengers carried",IS.AIR.PSGR,1981,5632000.0
Eswatini,SWZ,"Air transport, passengers carried",IS.AIR.PSGR,1981,28800.0
Seychelles,SYC,"Air transport, passengers carried",IS.AIR.PSGR,1981,15000.0
Syrian Arab Republic,SYR,"Air transport, passengers carried",IS.AIR.PSGR,1981,515500.0
Chad,TCD,"Air transport, passengers carried",IS.AIR.PSGR,1981,80100.0
East Asia & Pacific (IDA & IBRD countries),TEA,"Air transport, passengers carried",IS.AIR.PSGR,1981,22578600.0
Togo,TGO,"Air transport, passengers carried",IS.AIR.PSGR,1981,67600.0
Thailand,THA,"Air transport, passengers carried",IS.AIR.PSGR,1981,2834600.0
Latin America & the Caribbean (IDA & IBRD countries),TLA,"Air transport, passengers carried",IS.AIR.PSGR,1981,50925000.0
Middle East & North Africa (IDA & IBRD countries),TMN,"Air transport, passengers carried",IS.AIR.PSGR,1981,13987100.0
South Asia (IDA & IBRD),TSA,"Air transport, passengers carried",IS.AIR.PSGR,1981,12195300.0
Sub-Saharan Africa (IDA & IBRD countries),TSS,"Air transport, passengers carried",IS.AIR.PSGR,1981,14210700.0
Trinidad and Tobago,TTO,"Air transport, passengers carried",IS.AIR.PSGR,1981,1301500.0
Tunisia,TUN,"Air transport, passengers carried",IS.AIR.PSGR,1981,1140900.0
Turkiye,TUR,"Air transport, passengers carried",IS.AIR.PSGR,1981,2071300.0
Tanzania,TZA,"Air transport, passengers carried",IS.AIR.PSGR,1981,324800.0
Uganda,UGA,"Air transport, passengers carried",IS.AIR.PSGR,1981,62600.0
Upper middle income,UMC,"Air transport, passengers carried",IS.AIR.PSGR,1981,72349300.0
Uruguay,URY,"Air transport, passengers carried",IS.AIR.PSGR,1981,412600.0
United States,USA,"Air transport, passengers carried",IS.AIR.PSGR,1981,281086400.0
"Venezuela, RB",VEN,"Air transport, passengers carried",IS.AIR.PSGR,1981,5147000.0
Viet Nam,VNM,"Air transport, passengers carried",IS.AIR.PSGR,1981,27000.0
World,WLD,"Air transport, passengers carried",IS.AIR.PSGR,1981,640619400.0
"Yemen, Rep.",YEM,"Air transport, passengers carried",IS.AIR.PSGR,1981,310000.0
South Africa,ZAF,"Air transport, passengers carried",IS.AIR.PSGR,1981,4159800.0
Zambia,ZMB,"Air transport, passengers carried",IS.AIR.PSGR,1981,278300.0
Zimbabwe,ZWE,"Air transport, passengers carried",IS.AIR.PSGR,1981,535200.0
Africa Eastern and Southern,AFE,"Air transport, passengers carried",IS.AIR.PSGR,2009,23800085.0
Angola,AGO,"Air transport, passengers carried",IS.AIR.PSGR,2009,274869.0
Albania,ALB,"Air transport, passengers carried",IS.AIR.PSGR,2009,231263.0
Arab World,ARB,"Air transport, passengers carried",IS.AIR.PSGR,2009,95372047.0
United Arab Emirates,ARE,"Air transport, passengers carried",IS.AIR.PSGR,2009,31761631.0
Argentina,ARG,"Air transport, passengers carried",IS.AIR.PSGR,2009,5694547.0
Armenia,ARM,"Air transport, passengers carried",IS.AIR.PSGR,2009,653320.0
Antigua and Barbuda,ATG,"Air transport, passengers carried",IS.AIR.PSGR,2009,747969.0
Australia,AUS,"Air transport, passengers carried",IS.AIR.PSGR,2009,50026967.0
Austria,AUT,"Air transport, passengers carried",IS.AIR.PSGR,2009,8520740.0
Azerbaijan,AZE,"Air transport, passengers carried",IS.AIR.PSGR,2009,839514.0
Belgium,BEL,"Air transport, passengers carried",IS.AIR.PSGR,2009,4858700.0
Burkina Faso,BFA,"Air transport, passengers carried",IS.AIR.PSGR,2009,79345.0
Bangladesh,BGD,"Air transport, passengers carried",IS.AIR.PSGR,2009,1409414.0
Bulgaria,BGR,"Air transport, passengers carried",IS.AIR.PSGR,2009,798165.0
Bahrain,BHR,"Air transport, passengers carried",IS.AIR.PSGR,2009,5215512.0
"Bahamas, The",BHS,"Air transport, passengers carried",IS.AIR.PSGR,2009,979042.0
Bosnia and Herzegovina,BIH,"Air transport, passengers carried",IS.AIR.PSGR,2009,79977.0
Belarus,BLR,"Air transport, passengers carried",IS.AIR.PSGR,2009,333252.0
Bolivia,BOL,"Air transport, passengers carried",IS.AIR.PSGR,2009,1537032.0
Brazil,BRA,"Air transport, passengers carried",IS.AIR.PSGR,2009,67945578.0
Brunei Darussalam,BRN,"Air transport, passengers carried",IS.AIR.PSGR,2009,999375.0
Bhutan,BTN,"Air transport, passengers carried",IS.AIR.PSGR,2009,49056.0
Botswana,BWA,"Air transport, passengers carried",IS.AIR.PSGR,2009,233515.0
Canada,CAN,"Air transport, passengers carried",IS.AIR.PSGR,2009,52583516.0
Central Europe and the Baltics,CEB,"Air transport, passengers carried",IS.AIR.PSGR,2009,24733789.0
Switzerland,CHE,"Air transport, passengers carried",IS.AIR.PSGR,2009,14701206.0
Chile,CHL,"Air transport, passengers carried",IS.AIR.PSGR,2009,8097314.0
China,CHN,"Air transport, passengers carried",IS.AIR.PSGR,2009,229062099.0
Cameroon,CMR,"Air transport, passengers carried",IS.AIR.PSGR,2009,466050.0
Colombia,COL,"Air transport, passengers carried",IS.AIR.PSGR,2009,12115330.0
Cabo Verde,CPV,"Air transport, passengers carried",IS.AIR.PSGR,2009,776469.0
Costa Rica,CRI,"Air transport, passengers carried",IS.AIR.PSGR,2009,932581.0
Cuba,CUB,"Air transport, passengers carried",IS.AIR.PSGR,2009,780484.0
Cyprus,CYP,"Air transport, passengers carried",IS.AIR.PSGR,2009,1943949.0
Czechia,CZE,"Air transport, passengers carried",IS.AIR.PSGR,2009,5048360.0
Germany,DEU,"Air transport, passengers carried",IS.AIR.PSGR,2009,103396735.0
Algeria,DZA,"Air transport, passengers carried",IS.AIR.PSGR,2009,4370917.0
East Asia & Pacific (excluding high income),EAP,"Air transport, passengers carried",IS.AIR.PSGR,2009,326293542.0
Early-demographic dividend,EAR,"Air transport, passengers carried",IS.AIR.PSGR,2009,259076645.0
East Asia & Pacific,EAS,"Air transport, passengers carried",IS.AIR.PSGR,2009,555699740.0
Europe & Central Asia (excluding high income),ECA,"Air transport, passengers carried",IS.AIR.PSGR,2009,44437712.0
Europe & Central Asia,ECS,"Air transport, passengers carried",IS.AIR.PSGR,2009,615350087.0
Ecuador,ECU,"Air transport, passengers carried",IS.AIR.PSGR,2009,2896528.0
"Egypt, Arab Rep.",EGY,"Air transport, passengers carried",IS.AIR.PSGR,2009,6215870.0
Euro area,EMU,"Air transport, passengers carried",IS.AIR.PSGR,2009,403561685.0
Spain,ESP,"Air transport, passengers carried",IS.AIR.PSGR,2009,49289158.0
Estonia,EST,"Air transport, passengers carried",IS.AIR.PSGR,2009,395532.0
Ethiopia,ETH,"Air transport, passengers carried",IS.AIR.PSGR,2009,2914056.0
European Union,EUU,"Air transport, passengers carried",IS.AIR.PSGR,2009,419908189.0
Fragile and conflict affected situations,FCS,"Air transport, passengers carried",IS.AIR.PSGR,2009,22127432.0
Finland,FIN,"Air transport, passengers carried",IS.AIR.PSGR,2009,7423265.0
Fiji,FJI,"Air transport, passengers carried",IS.AIR.PSGR,2009,1146591.0
France,FRA,"Air transport, passengers carried",IS.AIR.PSGR,2009,58318312.0
Gabon,GAB,"Air transport, passengers carried",IS.AIR.PSGR,2009,524867.0
United Kingdom,GBR,"Air transport, passengers carried",IS.AIR.PSGR,2009,102464509.0
Georgia,GEO,"Air transport, passengers carried",IS.AIR.PSGR,2009,294400.0
Greece,GRC,"Air transport, passengers carried",IS.AIR.PSGR,2009,8795133.0
Guam,GUM,"Air transport, passengers carried",IS.AIR.PSGR,2009,1172372.0
High income,HIC,"Air transport, passengers carried",IS.AIR.PSGR,2009,1626892732.0
"Hong Kong SAR, China",HKG,"Air transport, passengers carried",IS.AIR.PSGR,2009,23973030.0
Croatia,HRV,"Air transport, passengers carried",IS.AIR.PSGR,2009,1679197.0
Hungary,HUN,"Air transport, passengers carried",IS.AIR.PSGR,2009,2952885.0
IBRD only,IBD,"Air transport, passengers carried",IS.AIR.PSGR,2009,652248785.0
IDA & IBRD total,IBT,"Air transport, passengers carried",IS.AIR.PSGR,2009,683927328.0
IDA total,IDA,"Air transport, passengers carried",IS.AIR.PSGR,2009,31678543.0
IDA blend,IDB,"Air transport, passengers carried",IS.AIR.PSGR,2009,14965530.0
Indonesia,IDN,"Air transport, passengers carried",IS.AIR.PSGR,2009,27421235.0
IDA only,IDX,"Air transport, passengers carried",IS.AIR.PSGR,2009,16713013.0
India,IND,"Air transport, passengers carried",IS.AIR.PSGR,2009,54446373.0
Ireland,IRL,"Air transport, passengers carried",IS.AIR.PSGR,2009,77747207.0
"Iran, Islamic Rep.",IRN,"Air transport, passengers carried",IS.AIR.PSGR,2009,13052716.0
Iceland,ISL,"Air transport, passengers carried",IS.AIR.PSGR,2009,1364651.0
Israel,ISR,"Air transport, passengers carried",IS.AIR.PSGR,2009,4605452.0
Italy,ITA,"Air transport, passengers carried",IS.AIR.PSGR,2009,33194501.0
Jamaica,JAM,"Air transport, passengers carried",IS.AIR.PSGR,2009,1380000.0
Jordan,JOR,"Air transport, passengers carried",IS.AIR.PSGR,2009,2323750.0
Japan,JPN,"Air transport, passengers carried",IS.AIR.PSGR,2009,86896527.0
Kazakhstan,KAZ,"Air transport, passengers carried",IS.AIR.PSGR,2009,1192714.0
Kenya,KEN,"Air transport, passengers carried",IS.AIR.PSGR,2009,2948920.0
Kyrgyz Republic,KGZ,"Air transport, passengers carried",IS.AIR.PSGR,2009,309488.0
Cambodia,KHM,"Air transport, passengers carried",IS.AIR.PSGR,2009,183503.0
"Korea, Rep.",KOR,"Air transport, passengers carried",IS.AIR.PSGR,2009,34168590.0
Kuwait,KWT,"Air transport, passengers carried",IS.AIR.PSGR,2009,2597076.0
Latin America & Caribbean (excluding high income),LAC,"Air transport, passengers carried",IS.AIR.PSGR,2009,117582038.0
Lao PDR,LAO,"Air transport, passengers carried",IS.AIR.PSGR,2009,302596.0
Lebanon,LBN,"Air transport, passengers carried",IS.AIR.PSGR,2009,1308382.0
Libya,LBY,"Air transport, passengers carried",IS.AIR.PSGR,2009,1147234.0
Latin America & Caribbean,LCN,"Air transport, passengers carried",IS.AIR.PSGR,2009,140453020.0
Least developed countries: UN classification,LDC,"Air transport, passengers carried",IS.AIR.PSGR,2009,11608385.0
Sri Lanka,LKA,"Air transport, passengers carried",IS.AIR.PSGR,2009,2417713.0
Lower middle income,LMC,"Air transport, passengers carried",IS.AIR.PSGR,2009,118063704.0
Low & middle income,LMY,"Air transport, passengers carried",IS.AIR.PSGR,2009,617714805.0
Late-demographic dividend,LTE,"Air transport, passengers carried",IS.AIR.PSGR,2009,572829124.0
Lithuania,LTU,"Air transport, passengers carried",IS.AIR.PSGR,2009,616514.0
Luxembourg,LUX,"Air transport, passengers carried",IS.AIR.PSGR,2009,681482.0
Latvia,LVA,"Air transport, passengers carried",IS.AIR.PSGR,2009,1301848.0
"Macao SAR, China",MAC,"Air transport, passengers carried",IS.AIR.PSGR,2009,1427324.0
Morocco,MAR,"Air transport, passengers carried",IS.AIR.PSGR,2009,4930683.0
Monaco,MCO,"Air transport, passengers carried",IS.AIR.PSGR,2009,63876.0
Moldova,MDA,"Air transport, passengers carried",IS.AIR.PSGR,2009,402423.0
Madagascar,MDG,"Air transport, passengers carried",IS.AIR.PSGR,2009,499526.0
Maldives,MDV,"Air transport, passengers carried",IS.AIR.PSGR,2009,85448.0
Middle East & North Africa,MEA,"Air transport, passengers carried",IS.AIR.PSGR,2009,114274202.0
Mexico,MEX,"Air transport, passengers carried",IS.AIR.PSGR,2009,15728171.0
Marshall Islands,MHL,"Air transport, passengers carried",IS.AIR.PSGR,2009,27692.0
Middle income,MIC,"Air transport, passengers carried",IS.AIR.PSGR,2009,610388035.0
North Macedonia,MKD,"Air transport, passengers carried",IS.AIR.PSGR,2009,86868.0
Malta,MLT,"Air transport, passengers carried",IS.AIR.PSGR,2009,1992900.0
Myanmar,MMR,"Air transport, passengers carried",IS.AIR.PSGR,2009,1527346.0
Middle East & North Africa (excluding high income),MNA,"Air transport, passengers carried",IS.AIR.PSGR,2009,38021520.0
Mongolia,MNG,"Air transport, passengers carried",IS.AIR.PSGR,2009,257233.0
Mozambique,MOZ,"Air transport, passengers carried",IS.AIR.PSGR,2009,490019.0
Mauritania,MRT,"Air transport, passengers carried",IS.AIR.PSGR,2009,142355.0
Mauritius,MUS,"Air transport, passengers carried",IS.AIR.PSGR,2009,1092580.0
Malawi,MWI,"Air transport, passengers carried",IS.AIR.PSGR,2009,157007.0
Malaysia,MYS,"Air transport, passengers carried",IS.AIR.PSGR,2009,23766316.0
North America,NAC,"Air transport, passengers carried",IS.AIR.PSGR,2009,732006924.0
Namibia,NAM,"Air transport, passengers carried",IS.AIR.PSGR,2009,454855.0
Nigeria,NGA,"Air transport, passengers carried",IS.AIR.PSGR,2009,1365343.0
Netherlands,NLD,"Air transport, passengers carried",IS.AIR.PSGR,2009,29108547.0
Nepal,NPL,"Air transport, passengers carried",IS.AIR.PSGR,2009,484394.0
Nauru,NRU,"Air transport, passengers carried",IS.AIR.PSGR,2009,210424.0
New Zealand,NZL,"Air transport, passengers carried",IS.AIR.PSGR,2009,12104116.0
OECD members,OED,"Air transport, passengers carried",IS.AIR.PSGR,2009,1516777735.0
Oman,OMN,"Air transport, passengers carried",IS.AIR.PSGR,2009,2360682.0
Pakistan,PAK,"Air transport, passengers carried",IS.AIR.PSGR,2009,5303268.0
Panama,PAN,"Air transport, passengers carried",IS.AIR.PSGR,2009,6348000.0
Peru,PER,"Air transport, passengers carried",IS.AIR.PSGR,2009,5843195.0
Philippines,PHL,"Air transport, passengers carried",IS.AIR.PSGR,2009,10480898.0
Papua New Guinea,PNG,"Air transport, passengers carried",IS.AIR.PSGR,2009,847353.0
Poland,POL,"Air transport, passengers carried",IS.AIR.PSGR,2009,4279072.0
"Korea, Dem. People's Rep.",PRK,"Air transport, passengers carried",IS.AIR.PSGR,2009,101237.0
Portugal,PRT,"Air transport, passengers carried",IS.AIR.PSGR,2009,9903771.0
Paraguay,PRY,"Air transport, passengers carried",IS.AIR.PSGR,2009,428493.0
Pacific island small states,PSS,"Air transport, passengers carried",IS.AIR.PSGR,2009,1861811.0
Post-demographic dividend,PST,"Air transport, passengers carried",IS.AIR.PSGR,2009,1409097909.0
Qatar,QAT,"Air transport, passengers carried",IS.AIR.PSGR,2009,10211229.0
Romania,ROU,"Air transport, passengers carried",IS.AIR.PSGR,2009,3268022.0
Russian Federation,RUS,"Air transport, passengers carried",IS.AIR.PSGR,2009,34402844.0
South Asia,SAS,"Air transport, passengers carried",IS.AIR.PSGR,2009,64195666.0
Saudi Arabia,SAU,"Air transport, passengers carried",IS.AIR.PSGR,2009,17508200.0
Sudan,SDN,"Air transport, passengers carried",IS.AIR.PSGR,2009,606558.0
Senegal,SEN,"Air transport, passengers carried",IS.AIR.PSGR,2009,572609.0
Singapore,SGP,"Air transport, passengers carried",IS.AIR.PSGR,2009,18427473.0
Solomon Islands,SLB,"Air transport, passengers carried",IS.AIR.PSGR,2009,94027.0
Sierra Leone,SLE,"Air transport, passengers carried",IS.AIR.PSGR,2009,21784.0
El Salvador,SLV,"Air transport, passengers carried",IS.AIR.PSGR,2009,1996982.0
Serbia,SRB,"Air transport, passengers carried",IS.AIR.PSGR,2009,926618.0
Sub-Saharan Africa (excluding high income),SSA,"Air transport, passengers carried",IS.AIR.PSGR,2009,27184327.0
Sub-Saharan Africa,SSF,"Air transport, passengers carried",IS.AIR.PSGR,2009,27748907.0
Sao Tome and Principe,STP,"Air transport, passengers carried",IS.AIR.PSGR,2009,50716.0
Suriname,SUR,"Air transport, passengers carried",IS.AIR.PSGR,2009,303117.0
Slovak Republic,SVK,"Air transport, passengers carried",IS.AIR.PSGR,2009,3440816.0
Slovenia,SVN,"Air transport, passengers carried",IS.AIR.PSGR,2009,953378.0
Seychelles,SYC,"Air transport, passengers carried",IS.AIR.PSGR,2009,564580.0
Syrian Arab Republic,SYR,"Air transport, passengers carried",IS.AIR.PSGR,2009,1342518.0
East Asia & Pacific (IDA & IBRD countries),TEA,"Air transport, passengers carried",IS.AIR.PSGR,2009,326402729.0
Europe & Central Asia (IDA & IBRD countries),TEC,"Air transport, passengers carried",IS.AIR.PSGR,2009,88865012.0
Thailand,THA,"Air transport, passengers carried",IS.AIR.PSGR,2009,19618735.0
Tajikistan,TJK,"Air transport, passengers carried",IS.AIR.PSGR,2009,764505.0
Turkmenistan,TKM,"Air transport, passengers carried",IS.AIR.PSGR,2009,1706055.0
Latin America & the Caribbean (IDA & IBRD countries),TLA,"Air transport, passengers carried",IS.AIR.PSGR,2009,138693494.0
Middle East & North Africa (IDA & IBRD countries),TMN,"Air transport, passengers carried",IS.AIR.PSGR,2009,38021520.0
South Asia (IDA & IBRD),TSA,"Air transport, passengers carried",IS.AIR.PSGR,2009,64195666.0
Sub-Saharan Africa (IDA & IBRD countries),TSS,"Air transport, passengers carried",IS.AIR.PSGR,2009,27748907.0
Trinidad and Tobago,TTO,"Air transport, passengers carried",IS.AIR.PSGR,2009,1014016.0
Tunisia,TUN,"Air transport, passengers carried",IS.AIR.PSGR,2009,2278964.0
Turkiye,TUR,"Air transport, passengers carried",IS.AIR.PSGR,2009,31339441.0
Tanzania,TZA,"Air transport, passengers carried",IS.AIR.PSGR,2009,683541.0
Uganda,UGA,"Air transport, passengers carried",IS.AIR.PSGR,2009,64234.0
Ukraine,UKR,"Air transport, passengers carried",IS.AIR.PSGR,2009,3427818.0
Upper middle income,UMC,"Air transport, passengers carried",IS.AIR.PSGR,2009,492324331.0
Uruguay,URY,"Air transport, passengers carried",IS.AIR.PSGR,2009,563632.0
United States,USA,"Air transport, passengers carried",IS.AIR.PSGR,2009,679423408.0
Uzbekistan,UZB,"Air transport, passengers carried",IS.AIR.PSGR,2009,1850056.0
"Venezuela, RB",VEN,"Air transport, passengers carried",IS.AIR.PSGR,2009,5121009.0
Viet Nam,VNM,"Air transport, passengers carried",IS.AIR.PSGR,2009,11073604.0
Vanuatu,VUT,"Air transport, passengers carried",IS.AIR.PSGR,2009,112169.0
World,WLD,"Air transport, passengers carried",IS.AIR.PSGR,2009,2249728546.0
Samoa,WSM,"Air transport, passengers carried",IS.AIR.PSGR,2009,270908.0
"Yemen, Rep.",YEM,"Air transport, passengers carried",IS.AIR.PSGR,2009,1050486.0
South Africa,ZAF,"Air transport, passengers carried",IS.AIR.PSGR,2009,12503629.0
Zimbabwe,ZWE,"Air transport, passengers carried",IS.AIR.PSGR,2009,261480.0
Africa Eastern and Southern,AFE,"Air transport, passengers carried",IS.AIR.PSGR,1980,8614600.0
Afghanistan,AFG,"Air transport, passengers carried",IS.AIR.PSGR,1980,76200.0
Africa Western and Central,AFW,"Air transport, passengers carried",IS.AIR.PSGR,1980,4404900.0
Angola,AGO,"Air transport, passengers carried",IS.AIR.PSGR,1980,635200.0
Arab World,ARB,"Air transport, passengers carried",IS.AIR.PSGR,1980,24725900.0
United Arab Emirates,ARE,"Air transport, passengers carried",IS.AIR.PSGR,1980,521500.0
Argentina,ARG,"Air transport, passengers carried",IS.AIR.PSGR,1980,5588500.0
Australia,AUS,"Air transport, passengers carried",IS.AIR.PSGR,1980,13648800.0
Austria,AUT,"Air transport, passengers carried",IS.AIR.PSGR,1980,1284500.0
Burundi,BDI,"Air transport, passengers carried",IS.AIR.PSGR,1980,11000.0
Belgium,BEL,"Air transport, passengers carried",IS.AIR.PSGR,1980,1974200.0
Benin,BEN,"Air transport, passengers carried",IS.AIR.PSGR,1980,61100.0
Burkina Faso,BFA,"Air transport, passengers carried",IS.AIR.PSGR,1980,72800.0
Bangladesh,BGD,"Air transport, passengers carried",IS.AIR.PSGR,1980,613700.0
Bulgaria,BGR,"Air transport, passengers carried",IS.AIR.PSGR,1980,1787500.0
Bahrain,BHR,"Air transport, passengers carried",IS.AIR.PSGR,1980,521500.0
"Bahamas, The",BHS,"Air transport, passengers carried",IS.AIR.PSGR,1980,345000.0
Bolivia,BOL,"Air transport, passengers carried",IS.AIR.PSGR,1980,1342000.0
Brazil,BRA,"Air transport, passengers carried",IS.AIR.PSGR,1980,13008100.0
Barbados,BRB,"Air transport, passengers carried",IS.AIR.PSGR,1980,45500.0
Botswana,BWA,"Air transport, passengers carried",IS.AIR.PSGR,1980,39000.0
Central African Republic,CAF,"Air transport, passengers carried",IS.AIR.PSGR,1980,136100.0
Canada,CAN,"Air transport, passengers carried",IS.AIR.PSGR,1980,22453000.0
Central Europe and the Baltics,CEB,"Air transport, passengers carried",IS.AIR.PSGR,1980,6945200.0
Switzerland,CHE,"Air transport, passengers carried",IS.AIR.PSGR,1980,5930100.0
Chile,CHL,"Air transport, passengers carried",IS.AIR.PSGR,1980,668800.0
China,CHN,"Air transport, passengers carried",IS.AIR.PSGR,1980,2568000.0
Cote d'Ivoire,CIV,"Air transport, passengers carried",IS.AIR.PSGR,1980,151100.0
Cameroon,CMR,"Air transport, passengers carried",IS.AIR.PSGR,1980,480000.0
"Congo, Dem. Rep.",COD,"Air transport, passengers carried",IS.AIR.PSGR,1980,439200.0
"Congo, Rep.",COG,"Air transport, passengers carried",IS.AIR.PSGR,1980,117100.0
Colombia,COL,"Air transport, passengers carried",IS.AIR.PSGR,1980,4808200.0
Cabo Verde,CPV,"Air transport, passengers carried",IS.AIR.PSGR,1980,75000.0
Costa Rica,CRI,"Air transport, passengers carried",IS.AIR.PSGR,1980,431200.0
Caribbean small states,CSS,"Air transport, passengers carried",IS.AIR.PSGR,1980,562000.0
Cuba,CUB,"Air transport, passengers carried",IS.AIR.PSGR,1980,675600.0
Cyprus,CYP,"Air transport, passengers carried",IS.AIR.PSGR,1980,440800.0
Czechia,CZE,"Air transport, passengers carried",IS.AIR.PSGR,1980,1460800.0
Germany,DEU,"Air transport, passengers carried",IS.AIR.PSGR,1980,13046400.0
Djibouti,DJI,"Air transport, passengers carried",IS.AIR.PSGR,1980,62500.0
Denmark,DNK,"Air transport, passengers carried",IS.AIR.PSGR,1980,3329700.0
Dominican Republic,DOM,"Air transport, passengers carried",IS.AIR.PSGR,1980,466300.0
Algeria,DZA,"Air transport, passengers carried",IS.AIR.PSGR,1980,2950000.0
East Asia & Pacific (excluding high income),EAP,"Air transport, passengers carried",IS.AIR.PSGR,1980,19463300.0
Early-demographic dividend,EAR,"Air transport, passengers carried",IS.AIR.PSGR,1980,77945100.0
East Asia & Pacific,EAS,"Air transport, passengers carried",IS.AIR.PSGR,1980,89147600.0
Ecuador,ECU,"Air transport, passengers carried",IS.AIR.PSGR,1980,701000.0
"Egypt, Arab Rep.",EGY,"Air transport, passengers carried",IS.AIR.PSGR,1980,2027700.0
Euro area,EMU,"Air transport, passengers carried",IS.AIR.PSGR,1980,78070300.0
Spain,ESP,"Air transport, passengers carried",IS.AIR.PSGR,1980,15089000.0
Ethiopia,ETH,"Air transport, passengers carried",IS.AIR.PSGR,1980,242900.0
European Union,EUU,"Air transport, passengers carried",IS.AIR.PSGR,1980,93554600.0
Fragile and conflict affected situations,FCS,"Air transport, passengers carried",IS.AIR.PSGR,1980,14837000.0
Finland,FIN,"Air transport, passengers carried",IS.AIR.PSGR,1980,2512200.0
Fiji,FJI,"Air transport, passengers carried",IS.AIR.PSGR,1980,322000.0
France,FRA,"Air transport, passengers carried",IS.AIR.PSGR,1980,19521000.0
Gabon,GAB,"Air transport, passengers carried",IS.AIR.PSGR,1980,331100.0
United Kingdom,GBR,"Air transport, passengers carried",IS.AIR.PSGR,1980,25551200.0
Ghana,GHA,"Air transport, passengers carried",IS.AIR.PSGR,1980,279000.0
Guinea,GIN,"Air transport, passengers carried",IS.AIR.PSGR,1980,80000.0
Guinea-Bissau,GNB,"Air transport, passengers carried",IS.AIR.PSGR,1980,22200.0
Equatorial Guinea,GNQ,"Air transport, passengers carried",IS.AIR.PSGR,1980,13300.0
Greece,GRC,"Air transport, passengers carried",IS.AIR.PSGR,1980,4891300.0
Guatemala,GTM,"Air transport, passengers carried",IS.AIR.PSGR,1980,118900.0
Guyana,GUY,"Air transport, passengers carried",IS.AIR.PSGR,1980,27500.0
High income,HIC,"Air transport, passengers carried",IS.AIR.PSGR,1980,534590688.0
Honduras,HND,"Air transport, passengers carried",IS.AIR.PSGR,1980,507800.0
Heavily indebted poor countries (HIPC),HPC,"Air transport, passengers carried",IS.AIR.PSGR,1980,6969100.0
Haiti,HTI,"Air transport, passengers carried",IS.AIR.PSGR,1980,0.0
Hungary,HUN,"Air transport, passengers carried",IS.AIR.PSGR,1980,874300.0
IBRD only,IBD,"Air transport, passengers carried",IS.AIR.PSGR,1980,98439300.0
IDA & IBRD total,IBT,"Air transport, passengers carried",IS.AIR.PSGR,1980,113491300.0
IDA total,IDA,"Air transport, passengers carried",IS.AIR.PSGR,1980,15052000.0
IDA blend,IDB,"Air transport, passengers carried",IS.AIR.PSGR,1980,7356200.0
Indonesia,IDN,"Air transport, passengers carried",IS.AIR.PSGR,1980,5059100.0
IDA only,IDX,"Air transport, passengers carried",IS.AIR.PSGR,1980,7695800.0
India,IND,"Air transport, passengers carried",IS.AIR.PSGR,1980,6603100.0
Ireland,IRL,"Air transport, passengers carried",IS.AIR.PSGR,1980,1830200.0
"Iran, Islamic Rep.",IRN,"Air transport, passengers carried",IS.AIR.PSGR,1980,1998100.0
Iraq,IRQ,"Air transport, passengers carried",IS.AIR.PSGR,1980,619900.0
Iceland,ISL,"Air transport, passengers carried",IS.AIR.PSGR,1980,541500.0
Israel,ISR,"Air transport, passengers carried",IS.AIR.PSGR,1980,1483300.0
Italy,ITA,"Air transport, passengers carried",IS.AIR.PSGR,1980,9955800.0
Jamaica,JAM,"Air transport, passengers carried",IS.AIR.PSGR,1980,722700.0
Jordan,JOR,"Air transport, passengers carried",IS.AIR.PSGR,1980,1112600.0
Japan,JPN,"Air transport, passengers carried",IS.AIR.PSGR,1980,45144500.0
Kenya,KEN,"Air transport, passengers carried",IS.AIR.PSGR,1980,392500.0
"Korea, Rep.",KOR,"Air transport, passengers carried",IS.AIR.PSGR,1980,3566600.0
Kuwait,KWT,"Air transport, passengers carried",IS.AIR.PSGR,1980,1076200.0
Latin America & Caribbean (excluding high income),LAC,"Air transport, passengers carried",IS.AIR.PSGR,1980,43892800.0
Lao PDR,LAO,"Air transport, passengers carried",IS.AIR.PSGR,1980,13000.0
Lebanon,LBN,"Air transport, passengers carried",IS.AIR.PSGR,1980,930300.0
Liberia,LBR,"Air transport, passengers carried",IS.AIR.PSGR,1980,10600.0
Libya,LBY,"Air transport, passengers carried",IS.AIR.PSGR,1980,1168800.0
Latin America & Caribbean,LCN,"Air transport, passengers carried",IS.AIR.PSGR,1980,51822900.0
Least developed countries: UN classification,LDC,"Air transport, passengers carried",IS.AIR.PSGR,1980,6523600.0
Low income,LIC,"Air transport, passengers carried",IS.AIR.PSGR,1980,3876500.0
Sri Lanka,LKA,"Air transport, passengers carried",IS.AIR.PSGR,1980,235000.0
Lower middle income,LMC,"Air transport, passengers carried",IS.AIR.PSGR,1980,28819300.0
Low & middle income,LMY,"Air transport, passengers carried",IS.AIR.PSGR,1980,102148900.0
Lesotho,LSO,"Air transport, passengers carried",IS.AIR.PSGR,1980,36300.0
Late-demographic dividend,LTE,"Air transport, passengers carried",IS.AIR.PSGR,1980,42895300.0
Luxembourg,LUX,"Air transport, passengers carried",IS.AIR.PSGR,1980,161500.0
Morocco,MAR,"Air transport, passengers carried",IS.AIR.PSGR,1980,947400.0
Monaco,MCO,"Air transport, passengers carried",IS.AIR.PSGR,1980,44000.0
Madagascar,MDG,"Air transport, passengers carried",IS.AIR.PSGR,1980,447700.0
Maldives,MDV,"Air transport, passengers carried",IS.AIR.PSGR,1980,27000.0
Middle East & North Africa,MEA,"Air transport, passengers carried",IS.AIR.PSGR,1980,27858700.0
Mexico,MEX,"Air transport, passengers carried",IS.AIR.PSGR,1980,12889800.0
Middle income,MIC,"Air transport, passengers carried",IS.AIR.PSGR,1980,98272400.0
Mali,MLI,"Air transport, passengers carried",IS.AIR.PSGR,1980,71000.0
Malta,MLT,"Air transport, passengers carried",IS.AIR.PSGR,1980,401500.0
Myanmar,MMR,"Air transport, passengers carried",IS.AIR.PSGR,1980,481000.0
Middle East & North Africa (excluding high income),MNA,"Air transport, passengers carried",IS.AIR.PSGR,1980,13570500.0
Mozambique,MOZ,"Air transport, passengers carried",IS.AIR.PSGR,1980,282200.0
Mauritania,MRT,"Air transport, passengers carried",IS.AIR.PSGR,1980,141100.0
Mauritius,MUS,"Air transport, passengers carried",IS.AIR.PSGR,1980,83700.0
Malawi,MWI,"Air transport, passengers carried",IS.AIR.PSGR,1980,94000.0
Malaysia,MYS,"Air transport, passengers carried",IS.AIR.PSGR,1980,4516400.0
North America,NAC,"Air transport, passengers carried",IS.AIR.PSGR,1980,317782088.0
Niger,NER,"Air transport, passengers carried",IS.AIR.PSGR,1980,111100.0
Nigeria,NGA,"Air transport, passengers carried",IS.AIR.PSGR,1980,1938500.0
Nicaragua,NIC,"Air transport, passengers carried",IS.AIR.PSGR,1980,115000.0
Netherlands,NLD,"Air transport, passengers carried",IS.AIR.PSGR,1980,4983800.0
Norway,NOR,"Air transport, passengers carried",IS.AIR.PSGR,1980,4804400.0
Nepal,NPL,"Air transport, passengers carried",IS.AIR.PSGR,1980,379900.0
New Zealand,NZL,"Air transport, passengers carried",IS.AIR.PSGR,1980,3497500.0
OECD members,OED,"Air transport, passengers carried",IS.AIR.PSGR,1980,531814388.0
Oman,OMN,"Air transport, passengers carried",IS.AIR.PSGR,1980,521500.0
Pakistan,PAK,"Air transport, passengers carried",IS.AIR.PSGR,1980,3029200.0
Panama,PAN,"Air transport, passengers carried",IS.AIR.PSGR,1980,355200.0
Peru,PER,"Air transport, passengers carried",IS.AIR.PSGR,1980,1980100.0
Philippines,PHL,"Air transport, passengers carried",IS.AIR.PSGR,1980,3245600.0
Papua New Guinea,PNG,"Air transport, passengers carried",IS.AIR.PSGR,1980,558600.0
Poland,POL,"Air transport, passengers carried",IS.AIR.PSGR,1980,1710500.0
Pre-demographic dividend,PRE,"Air transport, passengers carried",IS.AIR.PSGR,1980,8054300.0
"Korea, Dem. People's Rep.",PRK,"Air transport, passengers carried",IS.AIR.PSGR,1980,192200.0
Portugal,PRT,"Air transport, passengers carried",IS.AIR.PSGR,1980,1978100.0
Paraguay,PRY,"Air transport, passengers carried",IS.AIR.PSGR,1980,129000.0
Post-demographic dividend,PST,"Air transport, passengers carried",IS.AIR.PSGR,1980,512934188.0
Qatar,QAT,"Air transport, passengers carried",IS.AIR.PSGR,1980,521500.0
Romania,ROU,"Air transport, passengers carried",IS.AIR.PSGR,1980,1112100.0
South Asia,SAS,"Air transport, passengers carried",IS.AIR.PSGR,1980,10964100.0
Saudi Arabia,SAU,"Air transport, passengers carried",IS.AIR.PSGR,1980,9241200.0
Sudan,SDN,"Air transport, passengers carried",IS.AIR.PSGR,1980,519000.0
Senegal,SEN,"Air transport, passengers carried",IS.AIR.PSGR,1980,113100.0
Singapore,SGP,"Air transport, passengers carried",IS.AIR.PSGR,1980,3826900.0
Solomon Islands,SLB,"Air transport, passengers carried",IS.AIR.PSGR,1980,42400.0
Sierra Leone,SLE,"Air transport, passengers carried",IS.AIR.PSGR,1980,30000.0
El Salvador,SLV,"Air transport, passengers carried",IS.AIR.PSGR,1980,264600.0
Somalia,SOM,"Air transport, passengers carried",IS.AIR.PSGR,1980,90000.0
Sub-Saharan Africa (excluding high income),SSA,"Air transport, passengers carried",IS.AIR.PSGR,1980,13004500.0
Sub-Saharan Africa,SSF,"Air transport, passengers carried",IS.AIR.PSGR,1980,13019500.0
Suriname,SUR,"Air transport, passengers carried",IS.AIR.PSGR,1980,144000.0
Sweden,SWE,"Air transport, passengers carried",IS.AIR.PSGR,1980,5209400.0
Eswatini,SWZ,"Air transport, passengers carried",IS.AIR.PSGR,1980,31000.0
Seychelles,SYC,"Air transport, passengers carried",IS.AIR.PSGR,1980,15000.0
Syrian Arab Republic,SYR,"Air transport, passengers carried",IS.AIR.PSGR,1980,465000.0
Chad,TCD,"Air transport, passengers carried",IS.AIR.PSGR,1980,106100.0
East Asia & Pacific (IDA & IBRD countries),TEA,"Air transport, passengers carried",IS.AIR.PSGR,1980,19271100.0
Togo,TGO,"Air transport, passengers carried",IS.AIR.PSGR,1980,64600.0
Thailand,THA,"Air transport, passengers carried",IS.AIR.PSGR,1980,2459000.0
Latin America & the Caribbean (IDA & IBRD countries),TLA,"Air transport, passengers carried",IS.AIR.PSGR,1980,50802300.0
Middle East & North Africa (IDA & IBRD countries),TMN,"Air transport, passengers carried",IS.AIR.PSGR,1980,13570500.0
South Asia (IDA & IBRD),TSA,"Air transport, passengers carried",IS.AIR.PSGR,1980,10964100.0
Sub-Saharan Africa (IDA & IBRD countries),TSS,"Air transport, passengers carried",IS.AIR.PSGR,1980,13019500.0
Trinidad and Tobago,TTO,"Air transport, passengers carried",IS.AIR.PSGR,1980,877200.0
Tunisia,TUN,"Air transport, passengers carried",IS.AIR.PSGR,1980,978200.0
Turkiye,TUR,"Air transport, passengers carried",IS.AIR.PSGR,1980,1253700.0
Tanzania,TZA,"Air transport, passengers carried",IS.AIR.PSGR,1980,387600.0
Uganda,UGA,"Air transport, passengers carried",IS.AIR.PSGR,1980,82600.0
Upper middle income,UMC,"Air transport, passengers carried",IS.AIR.PSGR,1980,69453100.0
Uruguay,URY,"Air transport, passengers carried",IS.AIR.PSGR,1980,477600.0
United States,USA,"Air transport, passengers carried",IS.AIR.PSGR,1980,295329088.0
"Venezuela, RB",VEN,"Air transport, passengers carried",IS.AIR.PSGR,1980,5133300.0
Viet Nam,VNM,"Air transport, passengers carried",IS.AIR.PSGR,1980,6000.0
World,WLD,"Air transport, passengers carried",IS.AIR.PSGR,1980,641872888.0
"Yemen, Rep.",YEM,"Air transport, passengers carried",IS.AIR.PSGR,1980,310000.0
South Africa,ZAF,"Air transport, passengers carried",IS.AIR.PSGR,1980,4116000.0
Zambia,ZMB,"Air transport, passengers carried",IS.AIR.PSGR,1980,257400.0
Zimbabwe,ZWE,"Air transport, passengers carried",IS.AIR.PSGR,1980,412300.0
Africa Eastern and Southern,AFE,"Air transport, passengers carried",IS.AIR.PSGR,2008,23988552.0
Angola,AGO,"Air transport, passengers carried",IS.AIR.PSGR,2008,283887.0
Albania,ALB,"Air transport, passengers carried",IS.AIR.PSGR,2008,243691.0
Arab World,ARB,"Air transport, passengers carried",IS.AIR.PSGR,2008,53542019.0
Argentina,ARG,"Air transport, passengers carried",IS.AIR.PSGR,2008,6147290.0
Armenia,ARM,"Air transport, passengers carried",IS.AIR.PSGR,2008,623688.0
Antigua and Barbuda,ATG,"Air transport, passengers carried",IS.AIR.PSGR,2008,813010.0
Australia,AUS,"Air transport, passengers carried",IS.AIR.PSGR,2008,51488427.0
Austria,AUT,"Air transport, passengers carried",IS.AIR.PSGR,2008,9140680.0
Azerbaijan,AZE,"Air transport, passengers carried",IS.AIR.PSGR,2008,756338.0
Belgium,BEL,"Air transport, passengers carried",IS.AIR.PSGR,2008,5878585.0
Burkina Faso,BFA,"Air transport, passengers carried",IS.AIR.PSGR,2008,80543.0
Bangladesh,BGD,"Air transport, passengers carried",IS.AIR.PSGR,2008,1224222.0
Bulgaria,BGR,"Air transport, passengers carried",IS.AIR.PSGR,2008,1073496.0
"Bahamas, The",BHS,"Air transport, passengers carried",IS.AIR.PSGR,2008,1088876.0
Bosnia and Herzegovina,BIH,"Air transport, passengers carried",IS.AIR.PSGR,2008,56313.0
Belarus,BLR,"Air transport, passengers carried",IS.AIR.PSGR,2008,351165.0
Bolivia,BOL,"Air transport, passengers carried",IS.AIR.PSGR,2008,1718196.0
Brazil,BRA,"Air transport, passengers carried",IS.AIR.PSGR,2008,58763225.0
Brunei Darussalam,BRN,"Air transport, passengers carried",IS.AIR.PSGR,2008,1075754.0
Bhutan,BTN,"Air transport, passengers carried",IS.AIR.PSGR,2008,52805.0
Botswana,BWA,"Air transport, passengers carried",IS.AIR.PSGR,2008,236182.0
Canada,CAN,"Air transport, passengers carried",IS.AIR.PSGR,2008,53718757.0
Central Europe and the Baltics,CEB,"Air transport, passengers carried",IS.AIR.PSGR,2008,25261998.0
Switzerland,CHE,"Air transport, passengers carried",IS.AIR.PSGR,2008,14352757.0
Chile,CHL,"Air transport, passengers carried",IS.AIR.PSGR,2008,8021939.0
China,CHN,"Air transport, passengers carried",IS.AIR.PSGR,2008,191001220.0
Cameroon,CMR,"Air transport, passengers carried",IS.AIR.PSGR,2008,470598.0
Colombia,COL,"Air transport, passengers carried",IS.AIR.PSGR,2008,12338706.0
Cabo Verde,CPV,"Air transport, passengers carried",IS.AIR.PSGR,2008,807957.0
Costa Rica,CRI,"Air transport, passengers carried",IS.AIR.PSGR,2008,1023665.0
Cuba,CUB,"Air transport, passengers carried",IS.AIR.PSGR,2008,861352.0
Cyprus,CYP,"Air transport, passengers carried",IS.AIR.PSGR,2008,2111205.0
Czechia,CZE,"Air transport, passengers carried",IS.AIR.PSGR,2008,4974879.0
Germany,DEU,"Air transport, passengers carried",IS.AIR.PSGR,2008,107941584.0
Algeria,DZA,"Air transport, passengers carried",IS.AIR.PSGR,2008,2884506.0
East Asia & Pacific (excluding high income),EAP,"Air transport, passengers carried",IS.AIR.PSGR,2008,287719256.0
Early-demographic dividend,EAR,"Air transport, passengers carried",IS.AIR.PSGR,2008,244712190.0
East Asia & Pacific,EAS,"Air transport, passengers carried",IS.AIR.PSGR,2008,535907588.0
Europe & Central Asia (excluding high income),ECA,"Air transport, passengers carried",IS.AIR.PSGR,2008,39056225.0
Europe & Central Asia,ECS,"Air transport, passengers carried",IS.AIR.PSGR,2008,623643998.0
Ecuador,ECU,"Air transport, passengers carried",IS.AIR.PSGR,2008,2926821.0
"Egypt, Arab Rep.",EGY,"Air transport, passengers carried",IS.AIR.PSGR,2008,6688999.0
Euro area,EMU,"Air transport, passengers carried",IS.AIR.PSGR,2008,410733285.0
Spain,ESP,"Air transport, passengers carried",IS.AIR.PSGR,2008,55213716.0
Estonia,EST,"Air transport, passengers carried",IS.AIR.PSGR,2008,685582.0
Ethiopia,ETH,"Air transport, passengers carried",IS.AIR.PSGR,2008,2715017.0
European Union,EUU,"Air transport, passengers carried",IS.AIR.PSGR,2008,427781328.0
Fragile and conflict affected situations,FCS,"Air transport, passengers carried",IS.AIR.PSGR,2008,22723429.0
Finland,FIN,"Air transport, passengers carried",IS.AIR.PSGR,2008,7916485.0
Fiji,FJI,"Air transport, passengers carried",IS.AIR.PSGR,2008,946138.0
France,FRA,"Air transport, passengers carried",IS.AIR.PSGR,2008,61214656.0
Gabon,GAB,"Air transport, passengers carried",IS.AIR.PSGR,2008,545640.0
United Kingdom,GBR,"Air transport, passengers carried",IS.AIR.PSGR,2008,104713553.0
Georgia,GEO,"Air transport, passengers carried",IS.AIR.PSGR,2008,310222.0
Greece,GRC,"Air transport, passengers carried",IS.AIR.PSGR,2008,9442743.0
Guam,GUM,"Air transport, passengers carried",IS.AIR.PSGR,2008,1255510.0
High income,HIC,"Air transport, passengers carried",IS.AIR.PSGR,2008,1638468073.0
"Hong Kong SAR, China",HKG,"Air transport, passengers carried",IS.AIR.PSGR,2008,25401266.0
Croatia,HRV,"Air transport, passengers carried",IS.AIR.PSGR,2008,1752603.0
Hungary,HUN,"Air transport, passengers carried",IS.AIR.PSGR,2008,3111575.0
IBRD only,IBD,"Air transport, passengers carried",IS.AIR.PSGR,2008,599377528.0
IDA & IBRD total,IBT,"Air transport, passengers carried",IS.AIR.PSGR,2008,631333677.0
IDA total,IDA,"Air transport, passengers carried",IS.AIR.PSGR,2008,31956149.0
IDA blend,IDB,"Air transport, passengers carried",IS.AIR.PSGR,2008,15375119.0
Indonesia,IDN,"Air transport, passengers carried",IS.AIR.PSGR,2008,29766093.0
IDA only,IDX,"Air transport, passengers carried",IS.AIR.PSGR,2008,16581030.0
India,IND,"Air transport, passengers carried",IS.AIR.PSGR,2008,49877935.0
Ireland,IRL,"Air transport, passengers carried",IS.AIR.PSGR,2008,69447262.0
"Iran, Islamic Rep.",IRN,"Air transport, passengers carried",IS.AIR.PSGR,2008,12029236.0
Iceland,ISL,"Air transport, passengers carried",IS.AIR.PSGR,2008,1423422.0
Israel,ISR,"Air transport, passengers carried",IS.AIR.PSGR,2008,4563041.0
Italy,ITA,"Air transport, passengers carried",IS.AIR.PSGR,2008,30672048.0
Jamaica,JAM,"Air transport, passengers carried",IS.AIR.PSGR,2008,1644056.0
Jordan,JOR,"Air transport, passengers carried",IS.AIR.PSGR,2008,2355285.0
Japan,JPN,"Air transport, passengers carried",IS.AIR.PSGR,2008,97022471.0
Kazakhstan,KAZ,"Air transport, passengers carried",IS.AIR.PSGR,2008,1275624.0
Kenya,KEN,"Air transport, passengers carried",IS.AIR.PSGR,2008,2880546.0
Kyrgyz Republic,KGZ,"Air transport, passengers carried",IS.AIR.PSGR,2008,204525.0
Cambodia,KHM,"Air transport, passengers carried",IS.AIR.PSGR,2008,211281.0
"Korea, Rep.",KOR,"Air transport, passengers carried",IS.AIR.PSGR,2008,36077655.0
Kuwait,KWT,"Air transport, passengers carried",IS.AIR.PSGR,2008,2523966.0
Latin America & Caribbean (excluding high income),LAC,"Air transport, passengers carried",IS.AIR.PSGR,2008,113509159.0
Lao PDR,LAO,"Air transport, passengers carried",IS.AIR.PSGR,2008,323401.0
Lebanon,LBN,"Air transport, passengers carried",IS.AIR.PSGR,2008,1067774.0
Libya,LBY,"Air transport, passengers carried",IS.AIR.PSGR,2008,1213854.0
Latin America & Caribbean,LCN,"Air transport, passengers carried",IS.AIR.PSGR,2008,133677728.0
Least developed countries: UN classification,LDC,"Air transport, passengers carried",IS.AIR.PSGR,2008,11082489.0
Sri Lanka,LKA,"Air transport, passengers carried",IS.AIR.PSGR,2008,2951506.0
Lower middle income,LMC,"Air transport, passengers carried",IS.AIR.PSGR,2008,112481617.0
Low & middle income,LMY,"Air transport, passengers carried",IS.AIR.PSGR,2008,563983691.0
Late-demographic dividend,LTE,"Air transport, passengers carried",IS.AIR.PSGR,2008,485748645.0
Lithuania,LTU,"Air transport, passengers carried",IS.AIR.PSGR,2008,609847.0
Luxembourg,LUX,"Air transport, passengers carried",IS.AIR.PSGR,2008,1059848.0
Latvia,LVA,"Air transport, passengers carried",IS.AIR.PSGR,2008,1371810.0
"Macao SAR, China",MAC,"Air transport, passengers carried",IS.AIR.PSGR,2008,1866141.0
Morocco,MAR,"Air transport, passengers carried",IS.AIR.PSGR,2008,4927341.0
Monaco,MCO,"Air transport, passengers carried",IS.AIR.PSGR,2008,84660.0
Moldova,MDA,"Air transport, passengers carried",IS.AIR.PSGR,2008,401199.0
Madagascar,MDG,"Air transport, passengers carried",IS.AIR.PSGR,2008,558981.0
Maldives,MDV,"Air transport, passengers carried",IS.AIR.PSGR,2008,91096.0
Middle East & North Africa,MEA,"Air transport, passengers carried",IS.AIR.PSGR,2008,71070884.0
Mexico,MEX,"Air transport, passengers carried",IS.AIR.PSGR,2008,18825976.0
Marshall Islands,MHL,"Air transport, passengers carried",IS.AIR.PSGR,2008,29530.0
Middle income,MIC,"Air transport, passengers carried",IS.AIR.PSGR,2008,556773418.0
North Macedonia,MKD,"Air transport, passengers carried",IS.AIR.PSGR,2008,196420.0
Malta,MLT,"Air transport, passengers carried",IS.AIR.PSGR,2008,1708268.0
Myanmar,MMR,"Air transport, passengers carried",IS.AIR.PSGR,2008,1637923.0
Middle East & North Africa (excluding high income),MNA,"Air transport, passengers carried",IS.AIR.PSGR,2008,35864926.0
Mongolia,MNG,"Air transport, passengers carried",IS.AIR.PSGR,2008,364470.0
Mozambique,MOZ,"Air transport, passengers carried",IS.AIR.PSGR,2008,461125.0
Mauritania,MRT,"Air transport, passengers carried",IS.AIR.PSGR,2008,153895.0
Mauritius,MUS,"Air transport, passengers carried",IS.AIR.PSGR,2008,1256746.0
Malawi,MWI,"Air transport, passengers carried",IS.AIR.PSGR,2008,159917.0
Malaysia,MYS,"Air transport, passengers carried",IS.AIR.PSGR,2008,22420870.0
North America,NAC,"Air transport, passengers carried",IS.AIR.PSGR,2008,755498308.0
Namibia,NAM,"Air transport, passengers carried",IS.AIR.PSGR,2008,452167.0
Nigeria,NGA,"Air transport, passengers carried",IS.AIR.PSGR,2008,1460900.0
Netherlands,NLD,"Air transport, passengers carried",IS.AIR.PSGR,2008,29601230.0
Nepal,NPL,"Air transport, passengers carried",IS.AIR.PSGR,2008,520303.0
New Zealand,NZL,"Air transport, passengers carried",IS.AIR.PSGR,2008,12950904.0
OECD members,OED,"Air transport, passengers carried",IS.AIR.PSGR,2008,1561688255.0
Pakistan,PAK,"Air transport, passengers carried",IS.AIR.PSGR,2008,5605758.0
Panama,PAN,"Air transport, passengers carried",IS.AIR.PSGR,2008,2762458.0
Peru,PER,"Air transport, passengers carried",IS.AIR.PSGR,2008,6184410.0
Philippines,PHL,"Air transport, passengers carried",IS.AIR.PSGR,2008,9508389.0
Papua New Guinea,PNG,"Air transport, passengers carried",IS.AIR.PSGR,2008,904885.0
Poland,POL,"Air transport, passengers carried",IS.AIR.PSGR,2008,4634676.0
"Korea, Dem. People's Rep.",PRK,"Air transport, passengers carried",IS.AIR.PSGR,2008,108974.0
Portugal,PRT,"Air transport, passengers carried",IS.AIR.PSGR,2008,11171020.0
Paraguay,PRY,"Air transport, passengers carried",IS.AIR.PSGR,2008,465911.0
Pacific island small states,PSS,"Air transport, passengers carried",IS.AIR.PSGR,2008,1487471.0
Post-demographic dividend,PST,"Air transport, passengers carried",IS.AIR.PSGR,2008,1469546762.0
Qatar,QAT,"Air transport, passengers carried",IS.AIR.PSGR,2008,9702479.0
Romania,ROU,"Air transport, passengers carried",IS.AIR.PSGR,2008,3253417.0
Russian Federation,RUS,"Air transport, passengers carried",IS.AIR.PSGR,2008,37940321.0
South Asia,SAS,"Air transport, passengers carried",IS.AIR.PSGR,2008,60323625.0
Saudi Arabia,SAU,"Air transport, passengers carried",IS.AIR.PSGR,2008,16708204.0
Sudan,SDN,"Air transport, passengers carried",IS.AIR.PSGR,2008,617785.0
Senegal,SEN,"Air transport, passengers carried",IS.AIR.PSGR,2008,567101.0
Singapore,SGP,"Air transport, passengers carried",IS.AIR.PSGR,2008,21050204.0
Solomon Islands,SLB,"Air transport, passengers carried",IS.AIR.PSGR,2008,100558.0
Sierra Leone,SLE,"Air transport, passengers carried",IS.AIR.PSGR,2008,21420.0
El Salvador,SLV,"Air transport, passengers carried",IS.AIR.PSGR,2008,2279763.0
Serbia,SRB,"Air transport, passengers carried",IS.AIR.PSGR,2008,1135322.0
Sub-Saharan Africa (excluding high income),SSA,"Air transport, passengers carried",IS.AIR.PSGR,2008,27510500.0
Sub-Saharan Africa,SSF,"Air transport, passengers carried",IS.AIR.PSGR,2008,28096606.0
Sao Tome and Principe,STP,"Air transport, passengers carried",IS.AIR.PSGR,2008,51921.0
Suriname,SUR,"Air transport, passengers carried",IS.AIR.PSGR,2008,329788.0
Slovak Republic,SVK,"Air transport, passengers carried",IS.AIR.PSGR,2008,2690428.0
Slovenia,SVN,"Air transport, passengers carried",IS.AIR.PSGR,2008,1103685.0
Seychelles,SYC,"Air transport, passengers carried",IS.AIR.PSGR,2008,586106.0
Syrian Arab Republic,SYR,"Air transport, passengers carried",IS.AIR.PSGR,2008,1358473.0
East Asia & Pacific (IDA & IBRD countries),TEA,"Air transport, passengers carried",IS.AIR.PSGR,2008,287610282.0
Europe & Central Asia (IDA & IBRD countries),TEC,"Air transport, passengers carried",IS.AIR.PSGR,2008,87710738.0
Thailand,THA,"Air transport, passengers carried",IS.AIR.PSGR,2008,19993134.0
Tajikistan,TJK,"Air transport, passengers carried",IS.AIR.PSGR,2008,683248.0
Turkmenistan,TKM,"Air transport, passengers carried",IS.AIR.PSGR,2008,1823157.0
Latin America & the Caribbean (IDA & IBRD countries),TLA,"Air transport, passengers carried",IS.AIR.PSGR,2008,131727500.0
Middle East & North Africa (IDA & IBRD countries),TMN,"Air transport, passengers carried",IS.AIR.PSGR,2008,35864926.0
South Asia (IDA & IBRD),TSA,"Air transport, passengers carried",IS.AIR.PSGR,2008,60323625.0
Sub-Saharan Africa (IDA & IBRD countries),TSS,"Air transport, passengers carried",IS.AIR.PSGR,2008,28096606.0
Trinidad and Tobago,TTO,"Air transport, passengers carried",IS.AIR.PSGR,2008,1102669.0
Tunisia,TUN,"Air transport, passengers carried",IS.AIR.PSGR,2008,2274580.0
Turkiye,TUR,"Air transport, passengers carried",IS.AIR.PSGR,2008,25505092.0
Tanzania,TZA,"Air transport, passengers carried",IS.AIR.PSGR,2008,202704.0
Uganda,UGA,"Air transport, passengers carried",IS.AIR.PSGR,2008,63160.0
Ukraine,UKR,"Air transport, passengers carried",IS.AIR.PSGR,2008,3456288.0
Upper middle income,UMC,"Air transport, passengers carried",IS.AIR.PSGR,2008,444291801.0
Uruguay,URY,"Air transport, passengers carried",IS.AIR.PSGR,2008,612644.0
United States,USA,"Air transport, passengers carried",IS.AIR.PSGR,2008,701779551.0
Uzbekistan,UZB,"Air transport, passengers carried",IS.AIR.PSGR,2008,2033933.0
"Venezuela, RB",VEN,"Air transport, passengers carried",IS.AIR.PSGR,2008,5766973.0
Viet Nam,VNM,"Air transport, passengers carried",IS.AIR.PSGR,2008,9991145.0
Vanuatu,VUT,"Air transport, passengers carried",IS.AIR.PSGR,2008,120742.0
World,WLD,"Air transport, passengers carried",IS.AIR.PSGR,2008,2208218737.0
Samoa,WSM,"Air transport, passengers carried",IS.AIR.PSGR,2008,290503.0
"Yemen, Rep.",YEM,"Air transport, passengers carried",IS.AIR.PSGR,2008,1064878.0
South Africa,ZAF,"Air transport, passengers carried",IS.AIR.PSGR,2008,13135437.0
Zambia,ZMB,"Air transport, passengers carried",IS.AIR.PSGR,2008,62467.0
Zimbabwe,ZWE,"Air transport, passengers carried",IS.AIR.PSGR,2008,264404.0
Africa Eastern and Southern,AFE,"Air transport, passengers carried",IS.AIR.PSGR,2005,20661751.0
Angola,AGO,"Air transport, passengers carried",IS.AIR.PSGR,2005,239795.0
Albania,ALB,"Air transport, passengers carried",IS.AIR.PSGR,2005,195702.0
Arab World,ARB,"Air transport, passengers carried",IS.AIR.PSGR,2005,43608649.0
Argentina,ARG,"Air transport, passengers carried",IS.AIR.PSGR,2005,6938436.0
Armenia,ARM,"Air transport, passengers carried",IS.AIR.PSGR,2005,555795.0
Antigua and Barbuda,ATG,"Air transport, passengers carried",IS.AIR.PSGR,2005,778260.0
Australia,AUS,"Air transport, passengers carried",IS.AIR.PSGR,2005,44657324.0
Austria,AUT,"Air transport, passengers carried",IS.AIR.PSGR,2005,8037890.0
Azerbaijan,AZE,"Air transport, passengers carried",IS.AIR.PSGR,2005,1134300.0
Belgium,BEL,"Air transport, passengers carried",IS.AIR.PSGR,2005,3340509.0
Burkina Faso,BFA,"Air transport, passengers carried",IS.AIR.PSGR,2005,66273.0
Bangladesh,BGD,"Air transport, passengers carried",IS.AIR.PSGR,2005,1634473.0
Bulgaria,BGR,"Air transport, passengers carried",IS.AIR.PSGR,2005,653703.0
"Bahamas, The",BHS,"Air transport, passengers carried",IS.AIR.PSGR,2005,1020000.0
Belarus,BLR,"Air transport, passengers carried",IS.AIR.PSGR,2005,281877.0
Bolivia,BOL,"Air transport, passengers carried",IS.AIR.PSGR,2005,1892343.0
Brazil,BRA,"Air transport, passengers carried",IS.AIR.PSGR,2005,37661733.0
Brunei Darussalam,BRN,"Air transport, passengers carried",IS.AIR.PSGR,2005,977516.0
Bhutan,BTN,"Air transport, passengers carried",IS.AIR.PSGR,2005,49092.0
Botswana,BWA,"Air transport, passengers carried",IS.AIR.PSGR,2005,229987.0
Canada,CAN,"Air transport, passengers carried",IS.AIR.PSGR,2005,45229860.0
Central Europe and the Baltics,CEB,"Air transport, passengers carried",IS.AIR.PSGR,2005,19040472.0
Switzerland,CHE,"Air transport, passengers carried",IS.AIR.PSGR,2005,9662619.0
Chile,CHL,"Air transport, passengers carried",IS.AIR.PSGR,2005,5939020.0
China,CHN,"Air transport, passengers carried",IS.AIR.PSGR,2005,136721623.0
Cameroon,CMR,"Air transport, passengers carried",IS.AIR.PSGR,2005,384059.0
Colombia,COL,"Air transport, passengers carried",IS.AIR.PSGR,2005,9984424.0
Cabo Verde,CPV,"Air transport, passengers carried",IS.AIR.PSGR,2005,690000.0
Costa Rica,CRI,"Air transport, passengers carried",IS.AIR.PSGR,2005,953217.0
Cuba,CUB,"Air transport, passengers carried",IS.AIR.PSGR,2005,812781.0
Cyprus,CYP,"Air transport, passengers carried",IS.AIR.PSGR,2005,1920516.0
Czechia,CZE,"Air transport, passengers carried",IS.AIR.PSGR,2005,4706226.0
Germany,DEU,"Air transport, passengers carried",IS.AIR.PSGR,2005,90788848.0
Algeria,DZA,"Air transport, passengers carried",IS.AIR.PSGR,2005,3037298.0
East Asia & Pacific (excluding high income),EAP,"Air transport, passengers carried",IS.AIR.PSGR,2005,220887277.0
Early-demographic dividend,EAR,"Air transport, passengers carried",IS.AIR.PSGR,2005,202084384.0
East Asia & Pacific,EAS,"Air transport, passengers carried",IS.AIR.PSGR,2005,454655578.0
Europe & Central Asia (excluding high income),ECA,"Air transport, passengers carried",IS.AIR.PSGR,2005,28757480.0
Europe & Central Asia,ECS,"Air transport, passengers carried",IS.AIR.PSGR,2005,518261374.0
Ecuador,ECU,"Air transport, passengers carried",IS.AIR.PSGR,2005,2011004.0
"Egypt, Arab Rep.",EGY,"Air transport, passengers carried",IS.AIR.PSGR,2005,4888146.0
Euro area,EMU,"Air transport, passengers carried",IS.AIR.PSGR,2005,346114957.0
Spain,ESP,"Air transport, passengers carried",IS.AIR.PSGR,2005,49855007.0
Estonia,EST,"Air transport, passengers carried",IS.AIR.PSGR,2005,577808.0
Ethiopia,ETH,"Air transport, passengers carried",IS.AIR.PSGR,2005,1667316.0
European Union,EUU,"Air transport, passengers carried",IS.AIR.PSGR,2005,359471494.0
Fragile and conflict affected situations,FCS,"Air transport, passengers carried",IS.AIR.PSGR,2005,17404468.0
Finland,FIN,"Air transport, passengers carried",IS.AIR.PSGR,2005,7075195.0
Fiji,FJI,"Air transport, passengers carried",IS.AIR.PSGR,2005,870571.0
France,FRA,"Air transport, passengers carried",IS.AIR.PSGR,2005,52477178.0
Gabon,GAB,"Air transport, passengers carried",IS.AIR.PSGR,2005,465343.0
United Kingdom,GBR,"Air transport, passengers carried",IS.AIR.PSGR,2005,93602879.0
Georgia,GEO,"Air transport, passengers carried",IS.AIR.PSGR,2005,249131.0
Greece,GRC,"Air transport, passengers carried",IS.AIR.PSGR,2005,9452219.0
High income,HIC,"Air transport, passengers carried",IS.AIR.PSGR,2005,1530895042.0
"Hong Kong SAR, China",HKG,"Air transport, passengers carried",IS.AIR.PSGR,2005,20229512.0
Croatia,HRV,"Air transport, passengers carried",IS.AIR.PSGR,2005,2099000.0
Hungary,HUN,"Air transport, passengers carried",IS.AIR.PSGR,2005,2735214.0
IBRD only,IBD,"Air transport, passengers carried",IS.AIR.PSGR,2005,454928628.0
IDA & IBRD total,IBT,"Air transport, passengers carried",IS.AIR.PSGR,2005,482971713.0
IDA total,IDA,"Air transport, passengers carried",IS.AIR.PSGR,2005,28043085.0
IDA blend,IDB,"Air transport, passengers carried",IS.AIR.PSGR,2005,13181865.0
Indonesia,IDN,"Air transport, passengers carried",IS.AIR.PSGR,2005,26835524.0
IDA only,IDX,"Air transport, passengers carried",IS.AIR.PSGR,2005,14861220.0
India,IND,"Air transport, passengers carried",IS.AIR.PSGR,2005,27879461.0
Ireland,IRL,"Air transport, passengers carried",IS.AIR.PSGR,2005,42872544.0
"Iran, Islamic Rep.",IRN,"Air transport, passengers carried",IS.AIR.PSGR,2005,12708354.0
Iceland,ISL,"Air transport, passengers carried",IS.AIR.PSGR,2005,1528929.0
Israel,ISR,"Air transport, passengers carried",IS.AIR.PSGR,2005,4392448.0
Italy,ITA,"Air transport, passengers carried",IS.AIR.PSGR,2005,36115764.0
Jamaica,JAM,"Air transport, passengers carried",IS.AIR.PSGR,2005,1573785.0
Jordan,JOR,"Air transport, passengers carried",IS.AIR.PSGR,2005,1737165.0
Japan,JPN,"Air transport, passengers carried",IS.AIR.PSGR,2005,102279015.0
Kazakhstan,KAZ,"Air transport, passengers carried",IS.AIR.PSGR,2005,1160286.0
Kenya,KEN,"Air transport, passengers carried",IS.AIR.PSGR,2005,2424382.0
Kyrgyz Republic,KGZ,"Air transport, passengers carried",IS.AIR.PSGR,2005,225923.0
Cambodia,KHM,"Air transport, passengers carried",IS.AIR.PSGR,2005,168810.0
"Korea, Rep.",KOR,"Air transport, passengers carried",IS.AIR.PSGR,2005,33888328.0
Kuwait,KWT,"Air transport, passengers carried",IS.AIR.PSGR,2005,2433213.0
Latin America & Caribbean (excluding high income),LAC,"Air transport, passengers carried",IS.AIR.PSGR,2005,91319432.0
Lao PDR,LAO,"Air transport, passengers carried",IS.AIR.PSGR,2005,293442.0
Lebanon,LBN,"Air transport, passengers carried",IS.AIR.PSGR,2005,1076258.0
Libya,LBY,"Air transport, passengers carried",IS.AIR.PSGR,2005,0.0
Latin America & Caribbean,LCN,"Air transport, passengers carried",IS.AIR.PSGR,2005,107537262.0
Least developed countries: UN classification,LDC,"Air transport, passengers carried",IS.AIR.PSGR,2005,9802612.0
Sri Lanka,LKA,"Air transport, passengers carried",IS.AIR.PSGR,2005,2817778.0
Lower middle income,LMC,"Air transport, passengers carried",IS.AIR.PSGR,2005,78090228.0
Low & middle income,LMY,"Air transport, passengers carried",IS.AIR.PSGR,2005,433652729.0
Late-demographic dividend,LTE,"Air transport, passengers carried",IS.AIR.PSGR,2005,347642313.0
Lithuania,LTU,"Air transport, passengers carried",IS.AIR.PSGR,2005,505409.0
Luxembourg,LUX,"Air transport, passengers carried",IS.AIR.PSGR,2005,851136.0
Latvia,LVA,"Air transport, passengers carried",IS.AIR.PSGR,2005,1032128.0
"Macao SAR, China",MAC,"Air transport, passengers carried",IS.AIR.PSGR,2005,2040654.0
Morocco,MAR,"Air transport, passengers carried",IS.AIR.PSGR,2005,3492984.0
Monaco,MCO,"Air transport, passengers carried",IS.AIR.PSGR,2005,87523.0
Moldova,MDA,"Air transport, passengers carried",IS.AIR.PSGR,2005,231985.0
Madagascar,MDG,"Air transport, passengers carried",IS.AIR.PSGR,2005,574904.0
Maldives,MDV,"Air transport, passengers carried",IS.AIR.PSGR,2005,81945.0
Middle East & North Africa,MEA,"Air transport, passengers carried",IS.AIR.PSGR,2005,61431744.0
Mexico,MEX,"Air transport, passengers carried",IS.AIR.PSGR,2005,21857658.0
Marshall Islands,MHL,"Air transport, passengers carried",IS.AIR.PSGR,2005,25789.0
Middle income,MIC,"Air transport, passengers carried",IS.AIR.PSGR,2005,427863501.0
North Macedonia,MKD,"Air transport, passengers carried",IS.AIR.PSGR,2005,191977.0
Malta,MLT,"Air transport, passengers carried",IS.AIR.PSGR,2005,1371865.0
Myanmar,MMR,"Air transport, passengers carried",IS.AIR.PSGR,2005,1503624.0
Middle East & North Africa (excluding high income),MNA,"Air transport, passengers carried",IS.AIR.PSGR,2005,31260133.0
Montenegro,MNE,"Air transport, passengers carried",IS.AIR.PSGR,2005,383140.0
Mongolia,MNG,"Air transport, passengers carried",IS.AIR.PSGR,2005,295252.0
Mozambique,MOZ,"Air transport, passengers carried",IS.AIR.PSGR,2005,346830.0
Mauritania,MRT,"Air transport, passengers carried",IS.AIR.PSGR,2005,138595.0
Mauritius,MUS,"Air transport, passengers carried",IS.AIR.PSGR,2005,1145737.0
Malawi,MWI,"Air transport, passengers carried",IS.AIR.PSGR,2005,132275.0
Malaysia,MYS,"Air transport, passengers carried",IS.AIR.PSGR,2005,20369086.0
North America,NAC,"Air transport, passengers carried",IS.AIR.PSGR,2005,765777598.0
Namibia,NAM,"Air transport, passengers carried",IS.AIR.PSGR,2005,399280.0
Nigeria,NGA,"Air transport, passengers carried",IS.AIR.PSGR,2005,747648.0
Netherlands,NLD,"Air transport, passengers carried",IS.AIR.PSGR,2005,26132696.0
Nepal,NPL,"Air transport, passengers carried",IS.AIR.PSGR,2005,480266.0
New Zealand,NZL,"Air transport, passengers carried",IS.AIR.PSGR,2005,11951935.0
OECD members,OED,"Air transport, passengers carried",IS.AIR.PSGR,2005,1475137918.0
Pakistan,PAK,"Air transport, passengers carried",IS.AIR.PSGR,2005,5364134.0
Panama,PAN,"Air transport, passengers carried",IS.AIR.PSGR,2005,1795958.0
Peru,PER,"Air transport, passengers carried",IS.AIR.PSGR,2005,4332223.0
Philippines,PHL,"Air transport, passengers carried",IS.AIR.PSGR,2005,8056829.0
Papua New Guinea,PNG,"Air transport, passengers carried",IS.AIR.PSGR,2005,818773.0
Poland,POL,"Air transport, passengers carried",IS.AIR.PSGR,2005,3553680.0
"Korea, Dem. People's Rep.",PRK,"Air transport, passengers carried",IS.AIR.PSGR,2005,101313.0
Portugal,PRT,"Air transport, passengers carried",IS.AIR.PSGR,2005,10139655.0
Paraguay,PRY,"Air transport, passengers carried",IS.AIR.PSGR,2005,445854.0
Pacific island small states,PSS,"Air transport, passengers carried",IS.AIR.PSGR,2005,1366689.0
Post-demographic dividend,PST,"Air transport, passengers carried",IS.AIR.PSGR,2005,1413314874.0
Qatar,QAT,"Air transport, passengers carried",IS.AIR.PSGR,2005,6041040.0
Romania,ROU,"Air transport, passengers carried",IS.AIR.PSGR,2005,1707714.0
Russian Federation,RUS,"Air transport, passengers carried",IS.AIR.PSGR,2005,26522315.0
South Asia,SAS,"Air transport, passengers carried",IS.AIR.PSGR,2005,38307149.0
Saudi Arabia,SAU,"Air transport, passengers carried",IS.AIR.PSGR,2005,15933045.0
Sudan,SDN,"Air transport, passengers carried",IS.AIR.PSGR,2005,510977.0
Senegal,SEN,"Air transport, passengers carried",IS.AIR.PSGR,2005,449682.0
Singapore,SGP,"Air transport, passengers carried",IS.AIR.PSGR,2005,17744017.0
Solomon Islands,SLB,"Air transport, passengers carried",IS.AIR.PSGR,2005,91450.0
Sierra Leone,SLE,"Air transport, passengers carried",IS.AIR.PSGR,2005,16743.0
El Salvador,SLV,"Air transport, passengers carried",IS.AIR.PSGR,2005,2540564.0
Serbia,SRB,"Air transport, passengers carried",IS.AIR.PSGR,2005,918540.0
Sub-Saharan Africa (excluding high income),SSA,"Air transport, passengers carried",IS.AIR.PSGR,2005,23121258.0
Sub-Saharan Africa,SSF,"Air transport, passengers carried",IS.AIR.PSGR,2005,23620094.0
Sao Tome and Principe,STP,"Air transport, passengers carried",IS.AIR.PSGR,2005,43282.0
Suriname,SUR,"Air transport, passengers carried",IS.AIR.PSGR,2005,315410.0
Slovak Republic,SVK,"Air transport, passengers carried",IS.AIR.PSGR,2005,711939.0
Slovenia,SVN,"Air transport, passengers carried",IS.AIR.PSGR,2005,757651.0
Seychelles,SYC,"Air transport, passengers carried",IS.AIR.PSGR,2005,498836.0
Syrian Arab Republic,SYR,"Air transport, passengers carried",IS.AIR.PSGR,2005,1239825.0
East Asia & Pacific (IDA & IBRD countries),TEA,"Air transport, passengers carried",IS.AIR.PSGR,2005,220785964.0
Europe & Central Asia (IDA & IBRD countries),TEC,"Air transport, passengers carried",IS.AIR.PSGR,2005,63293892.0
Thailand,THA,"Air transport, passengers carried",IS.AIR.PSGR,2005,18902629.0
Tajikistan,TJK,"Air transport, passengers carried",IS.AIR.PSGR,2005,479172.0
Turkmenistan,TKM,"Air transport, passengers carried",IS.AIR.PSGR,2005,1653638.0
Latin America & the Caribbean (IDA & IBRD countries),TLA,"Air transport, passengers carried",IS.AIR.PSGR,2005,105704481.0
Middle East & North Africa (IDA & IBRD countries),TMN,"Air transport, passengers carried",IS.AIR.PSGR,2005,31260133.0
South Asia (IDA & IBRD),TSA,"Air transport, passengers carried",IS.AIR.PSGR,2005,38307149.0
Sub-Saharan Africa (IDA & IBRD countries),TSS,"Air transport, passengers carried",IS.AIR.PSGR,2005,23620094.0
Trinidad and Tobago,TTO,"Air transport, passengers carried",IS.AIR.PSGR,2005,1055106.0
Tunisia,TUN,"Air transport, passengers carried",IS.AIR.PSGR,2005,1996699.0
Turkiye,TUR,"Air transport, passengers carried",IS.AIR.PSGR,2005,16943828.0
Tanzania,TZA,"Air transport, passengers carried",IS.AIR.PSGR,2005,257223.0
Uganda,UGA,"Air transport, passengers carried",IS.AIR.PSGR,2005,49368.0
Ukraine,UKR,"Air transport, passengers carried",IS.AIR.PSGR,2005,2512910.0
Upper middle income,UMC,"Air transport, passengers carried",IS.AIR.PSGR,2005,349773273.0
Uruguay,URY,"Air transport, passengers carried",IS.AIR.PSGR,2005,586458.0
United States,USA,"Air transport, passengers carried",IS.AIR.PSGR,2005,720547738.0
Uzbekistan,UZB,"Air transport, passengers carried",IS.AIR.PSGR,2005,1639276.0
"Venezuela, RB",VEN,"Air transport, passengers carried",IS.AIR.PSGR,2005,5043028.0
Viet Nam,VNM,"Air transport, passengers carried",IS.AIR.PSGR,2005,5453683.0
Vanuatu,VUT,"Air transport, passengers carried",IS.AIR.PSGR,2005,112254.0
World,WLD,"Air transport, passengers carried",IS.AIR.PSGR,2005,1969590799.0
Samoa,WSM,"Air transport, passengers carried",IS.AIR.PSGR,2005,266625.0
"Yemen, Rep.",YEM,"Air transport, passengers carried",IS.AIR.PSGR,2005,1083404.0
South Africa,ZAF,"Air transport, passengers carried",IS.AIR.PSGR,2005,11844657.0
Zambia,ZMB,"Air transport, passengers carried",IS.AIR.PSGR,2005,53880.0
Zimbabwe,ZWE,"Air transport, passengers carried",IS.AIR.PSGR,2005,243022.0
Africa Eastern and Southern,AFE,"Air transport, passengers carried",IS.AIR.PSGR,2006,22039609.0
Angola,AGO,"Air transport, passengers carried",IS.AIR.PSGR,2006,262666.0
Albania,ALB,"Air transport, passengers carried",IS.AIR.PSGR,2006,213315.0
Arab World,ARB,"Air transport, passengers carried",IS.AIR.PSGR,2006,47875367.0
Argentina,ARG,"Air transport, passengers carried",IS.AIR.PSGR,2006,6611915.0
Armenia,ARM,"Air transport, passengers carried",IS.AIR.PSGR,2006,605817.0
Antigua and Barbuda,ATG,"Air transport, passengers carried",IS.AIR.PSGR,2006,754912.0
Australia,AUS,"Air transport, passengers carried",IS.AIR.PSGR,2006,46951775.0
Austria,AUT,"Air transport, passengers carried",IS.AIR.PSGR,2006,8785116.0
Azerbaijan,AZE,"Air transport, passengers carried",IS.AIR.PSGR,2006,1253400.0
Belgium,BEL,"Air transport, passengers carried",IS.AIR.PSGR,2006,3641155.0
Burkina Faso,BFA,"Air transport, passengers carried",IS.AIR.PSGR,2006,73131.0
Bangladesh,BGD,"Air transport, passengers carried",IS.AIR.PSGR,2006,1729451.0
Bulgaria,BGR,"Air transport, passengers carried",IS.AIR.PSGR,2006,808451.0
"Bahamas, The",BHS,"Air transport, passengers carried",IS.AIR.PSGR,2006,1033407.0
Belarus,BLR,"Air transport, passengers carried",IS.AIR.PSGR,2006,307403.0
Bolivia,BOL,"Air transport, passengers carried",IS.AIR.PSGR,2006,1443165.0
Brazil,BRA,"Air transport, passengers carried",IS.AIR.PSGR,2006,40945038.0
Brunei Darussalam,BRN,"Air transport, passengers carried",IS.AIR.PSGR,2006,1041478.0
Bhutan,BTN,"Air transport, passengers carried",IS.AIR.PSGR,2006,51056.0
Botswana,BWA,"Air transport, passengers carried",IS.AIR.PSGR,2006,213587.0
Canada,CAN,"Air transport, passengers carried",IS.AIR.PSGR,2006,46726978.0
Central Europe and the Baltics,CEB,"Air transport, passengers carried",IS.AIR.PSGR,2006,20221059.0
Switzerland,CHE,"Air transport, passengers carried",IS.AIR.PSGR,2006,10647142.0
Chile,CHL,"Air transport, passengers carried",IS.AIR.PSGR,2006,6016649.0
China,CHN,"Air transport, passengers carried",IS.AIR.PSGR,2006,158013351.0
Cameroon,CMR,"Air transport, passengers carried",IS.AIR.PSGR,2006,424794.0
Colombia,COL,"Air transport, passengers carried",IS.AIR.PSGR,2006,10616356.0
Cabo Verde,CPV,"Air transport, passengers carried",IS.AIR.PSGR,2006,753511.0
Costa Rica,CRI,"Air transport, passengers carried",IS.AIR.PSGR,2006,943143.0
Cuba,CUB,"Air transport, passengers carried",IS.AIR.PSGR,2006,811559.0
Cyprus,CYP,"Air transport, passengers carried",IS.AIR.PSGR,2006,1944138.0
Czechia,CZE,"Air transport, passengers carried",IS.AIR.PSGR,2006,4921600.0
Germany,DEU,"Air transport, passengers carried",IS.AIR.PSGR,2006,99647314.0
Algeria,DZA,"Air transport, passengers carried",IS.AIR.PSGR,2006,2899722.0
East Asia & Pacific (excluding high income),EAP,"Air transport, passengers carried",IS.AIR.PSGR,2006,244449016.0
Early-demographic dividend,EAR,"Air transport, passengers carried",IS.AIR.PSGR,2006,224730790.0
East Asia & Pacific,EAS,"Air transport, passengers carried",IS.AIR.PSGR,2006,486160240.0
Europe & Central Asia (excluding high income),ECA,"Air transport, passengers carried",IS.AIR.PSGR,2006,31745191.0
Europe & Central Asia,ECS,"Air transport, passengers carried",IS.AIR.PSGR,2006,559653407.0
Ecuador,ECU,"Air transport, passengers carried",IS.AIR.PSGR,2006,2110423.0
"Egypt, Arab Rep.",EGY,"Air transport, passengers carried",IS.AIR.PSGR,2006,4988262.0
Euro area,EMU,"Air transport, passengers carried",IS.AIR.PSGR,2006,376747784.0
Spain,ESP,"Air transport, passengers carried",IS.AIR.PSGR,2006,53122464.0
Estonia,EST,"Air transport, passengers carried",IS.AIR.PSGR,2006,598123.0
Ethiopia,ETH,"Air transport, passengers carried",IS.AIR.PSGR,2006,1720306.0
European Union,EUU,"Air transport, passengers carried",IS.AIR.PSGR,2006,390742949.0
Fragile and conflict affected situations,FCS,"Air transport, passengers carried",IS.AIR.PSGR,2006,19959287.0
Finland,FIN,"Air transport, passengers carried",IS.AIR.PSGR,2006,7597125.0
Fiji,FJI,"Air transport, passengers carried",IS.AIR.PSGR,2006,932394.0
France,FRA,"Air transport, passengers carried",IS.AIR.PSGR,2006,59537872.0
Gabon,GAB,"Air transport, passengers carried",IS.AIR.PSGR,2006,508368.0
United Kingdom,GBR,"Air transport, passengers carried",IS.AIR.PSGR,2006,97544631.0
Georgia,GEO,"Air transport, passengers carried",IS.AIR.PSGR,2006,271553.0
Greece,GRC,"Air transport, passengers carried",IS.AIR.PSGR,2006,9481314.0
High income,HIC,"Air transport, passengers carried",IS.AIR.PSGR,2006,1586231538.0
"Hong Kong SAR, China",HKG,"Air transport, passengers carried",IS.AIR.PSGR,2006,21796158.0
Croatia,HRV,"Air transport, passengers carried",IS.AIR.PSGR,2006,2148000.0
Hungary,HUN,"Air transport, passengers carried",IS.AIR.PSGR,2006,2591666.0
IBRD only,IBD,"Air transport, passengers carried",IS.AIR.PSGR,2006,503331945.0
IDA & IBRD total,IBT,"Air transport, passengers carried",IS.AIR.PSGR,2006,533670988.0
IDA total,IDA,"Air transport, passengers carried",IS.AIR.PSGR,2006,30339043.0
IDA blend,IDB,"Air transport, passengers carried",IS.AIR.PSGR,2006,14641094.0
Indonesia,IDN,"Air transport, passengers carried",IS.AIR.PSGR,2006,29867483.0
IDA only,IDX,"Air transport, passengers carried",IS.AIR.PSGR,2006,15697949.0
India,IND,"Air transport, passengers carried",IS.AIR.PSGR,2006,40288794.0
Ireland,IRL,"Air transport, passengers carried",IS.AIR.PSGR,2006,50737809.0
"Iran, Islamic Rep.",IRN,"Air transport, passengers carried",IS.AIR.PSGR,2006,13623038.0
Iceland,ISL,"Air transport, passengers carried",IS.AIR.PSGR,2006,1536157.0
Israel,ISR,"Air transport, passengers carried",IS.AIR.PSGR,2006,4357151.0
Italy,ITA,"Air transport, passengers carried",IS.AIR.PSGR,2006,36709131.0
Jamaica,JAM,"Air transport, passengers carried",IS.AIR.PSGR,2006,1526571.0
Jordan,JOR,"Air transport, passengers carried",IS.AIR.PSGR,2006,2046457.0
Japan,JPN,"Air transport, passengers carried",IS.AIR.PSGR,2006,102845319.0
Kazakhstan,KAZ,"Air transport, passengers carried",IS.AIR.PSGR,2006,1283250.0
Kenya,KEN,"Air transport, passengers carried",IS.AIR.PSGR,2006,2685148.0
Kyrgyz Republic,KGZ,"Air transport, passengers carried",IS.AIR.PSGR,2006,219464.0
Cambodia,KHM,"Air transport, passengers carried",IS.AIR.PSGR,2006,256160.0
"Korea, Rep.",KOR,"Air transport, passengers carried",IS.AIR.PSGR,2006,34842655.0
Kuwait,KWT,"Air transport, passengers carried",IS.AIR.PSGR,2006,2627870.0
Latin America & Caribbean (excluding high income),LAC,"Air transport, passengers carried",IS.AIR.PSGR,2006,93787469.0
Lao PDR,LAO,"Air transport, passengers carried",IS.AIR.PSGR,2006,326730.0
Lebanon,LBN,"Air transport, passengers carried",IS.AIR.PSGR,2006,968820.0
Libya,LBY,"Air transport, passengers carried",IS.AIR.PSGR,2006,1151785.0
Latin America & Caribbean,LCN,"Air transport, passengers carried",IS.AIR.PSGR,2006,110439889.0
Least developed countries: UN classification,LDC,"Air transport, passengers carried",IS.AIR.PSGR,2006,10414732.0
Sri Lanka,LKA,"Air transport, passengers carried",IS.AIR.PSGR,2006,3100832.0
Lower middle income,LMC,"Air transport, passengers carried",IS.AIR.PSGR,2006,93119782.0
Low & middle income,LMY,"Air transport, passengers carried",IS.AIR.PSGR,2006,480956787.0
Late-demographic dividend,LTE,"Air transport, passengers carried",IS.AIR.PSGR,2006,384756400.0
Lithuania,LTU,"Air transport, passengers carried",IS.AIR.PSGR,2006,429657.0
Luxembourg,LUX,"Air transport, passengers carried",IS.AIR.PSGR,2006,927738.0
Latvia,LVA,"Air transport, passengers carried",IS.AIR.PSGR,2006,1409620.0
"Macao SAR, China",MAC,"Air transport, passengers carried",IS.AIR.PSGR,2006,2285750.0
Morocco,MAR,"Air transport, passengers carried",IS.AIR.PSGR,2006,4109489.0
Monaco,MCO,"Air transport, passengers carried",IS.AIR.PSGR,2006,95721.0
Moldova,MDA,"Air transport, passengers carried",IS.AIR.PSGR,2006,273810.0
Madagascar,MDG,"Air transport, passengers carried",IS.AIR.PSGR,2006,572991.0
Maldives,MDV,"Air transport, passengers carried",IS.AIR.PSGR,2006,93417.0
Middle East & North Africa,MEA,"Air transport, passengers carried",IS.AIR.PSGR,2006,66638675.0
Mexico,MEX,"Air transport, passengers carried",IS.AIR.PSGR,2006,21243010.0
Marshall Islands,MHL,"Air transport, passengers carried",IS.AIR.PSGR,2006,30232.0
Middle income,MIC,"Air transport, passengers carried",IS.AIR.PSGR,2006,474937444.0
North Macedonia,MKD,"Air transport, passengers carried",IS.AIR.PSGR,2006,209255.0
Malta,MLT,"Air transport, passengers carried",IS.AIR.PSGR,2006,1495333.0
Myanmar,MMR,"Air transport, passengers carried",IS.AIR.PSGR,2006,1620895.0
Middle East & North Africa (excluding high income),MNA,"Air transport, passengers carried",IS.AIR.PSGR,2006,34256632.0
Mongolia,MNG,"Air transport, passengers carried",IS.AIR.PSGR,2006,347998.0
Mozambique,MOZ,"Air transport, passengers carried",IS.AIR.PSGR,2006,350314.0
Mauritania,MRT,"Air transport, passengers carried",IS.AIR.PSGR,2006,149188.0
Mauritius,MUS,"Air transport, passengers carried",IS.AIR.PSGR,2006,1056496.0
Malawi,MWI,"Air transport, passengers carried",IS.AIR.PSGR,2006,145747.0
Malaysia,MYS,"Air transport, passengers carried",IS.AIR.PSGR,2006,17833364.0
North America,NAC,"Air transport, passengers carried",IS.AIR.PSGR,2006,772257943.0
Namibia,NAM,"Air transport, passengers carried",IS.AIR.PSGR,2006,400947.0
Nigeria,NGA,"Air transport, passengers carried",IS.AIR.PSGR,2006,1307541.0
Netherlands,NLD,"Air transport, passengers carried",IS.AIR.PSGR,2006,27454451.0
Nepal,NPL,"Air transport, passengers carried",IS.AIR.PSGR,2006,509792.0
New Zealand,NZL,"Air transport, passengers carried",IS.AIR.PSGR,2006,12382205.0
OECD members,OED,"Air transport, passengers carried",IS.AIR.PSGR,2006,1523845112.0
Pakistan,PAK,"Air transport, passengers carried",IS.AIR.PSGR,2006,5714831.0
Panama,PAN,"Air transport, passengers carried",IS.AIR.PSGR,2006,2028711.0
Peru,PER,"Air transport, passengers carried",IS.AIR.PSGR,2006,4217880.0
Philippines,PHL,"Air transport, passengers carried",IS.AIR.PSGR,2006,8304634.0
Papua New Guinea,PNG,"Air transport, passengers carried",IS.AIR.PSGR,2006,918640.0
Poland,POL,"Air transport, passengers carried",IS.AIR.PSGR,2006,3625982.0
"Korea, Dem. People's Rep.",PRK,"Air transport, passengers carried",IS.AIR.PSGR,2006,105366.0
Portugal,PRT,"Air transport, passengers carried",IS.AIR.PSGR,2006,9440930.0
Paraguay,PRY,"Air transport, passengers carried",IS.AIR.PSGR,2006,432760.0
Pacific island small states,PSS,"Air transport, passengers carried",IS.AIR.PSGR,2006,1468156.0
Post-demographic dividend,PST,"Air transport, passengers carried",IS.AIR.PSGR,2006,1455395380.0
Qatar,QAT,"Air transport, passengers carried",IS.AIR.PSGR,2006,7070851.0
Romania,ROU,"Air transport, passengers carried",IS.AIR.PSGR,2006,2047466.0
Russian Federation,RUS,"Air transport, passengers carried",IS.AIR.PSGR,2006,28836949.0
South Asia,SAS,"Air transport, passengers carried",IS.AIR.PSGR,2006,51488173.0
Saudi Arabia,SAU,"Air transport, passengers carried",IS.AIR.PSGR,2006,16830838.0
Sudan,SDN,"Air transport, passengers carried",IS.AIR.PSGR,2006,563026.0
Senegal,SEN,"Air transport, passengers carried",IS.AIR.PSGR,2006,500677.0
Singapore,SGP,"Air transport, passengers carried",IS.AIR.PSGR,2006,19565884.0
Solomon Islands,SLB,"Air transport, passengers carried",IS.AIR.PSGR,2006,101190.0
Sierra Leone,SLE,"Air transport, passengers carried",IS.AIR.PSGR,2006,18752.0
El Salvador,SLV,"Air transport, passengers carried",IS.AIR.PSGR,2006,2579145.0
Serbia,SRB,"Air transport, passengers carried",IS.AIR.PSGR,2006,1041747.0
Sub-Saharan Africa (excluding high income),SSA,"Air transport, passengers carried",IS.AIR.PSGR,2006,25230306.0
Sub-Saharan Africa,SSF,"Air transport, passengers carried",IS.AIR.PSGR,2006,25775571.0
Sao Tome and Principe,STP,"Air transport, passengers carried",IS.AIR.PSGR,2006,47585.0
Suriname,SUR,"Air transport, passengers carried",IS.AIR.PSGR,2006,306504.0
Slovak Republic,SVK,"Air transport, passengers carried",IS.AIR.PSGR,2006,779759.0
Slovenia,SVN,"Air transport, passengers carried",IS.AIR.PSGR,2006,860735.0
Seychelles,SYC,"Air transport, passengers carried",IS.AIR.PSGR,2006,545265.0
Syrian Arab Republic,SYR,"Air transport, passengers carried",IS.AIR.PSGR,2006,1252102.0
East Asia & Pacific (IDA & IBRD countries),TEA,"Air transport, passengers carried",IS.AIR.PSGR,2006,244343650.0
Europe & Central Asia (IDA & IBRD countries),TEC,"Air transport, passengers carried",IS.AIR.PSGR,2006,69212039.0
Thailand,THA,"Air transport, passengers carried",IS.AIR.PSGR,2006,20102408.0
Tajikistan,TJK,"Air transport, passengers carried",IS.AIR.PSGR,2006,394440.0
Turkmenistan,TKM,"Air transport, passengers carried",IS.AIR.PSGR,2006,1843140.0
Latin America & the Caribbean (IDA & IBRD countries),TLA,"Air transport, passengers carried",IS.AIR.PSGR,2006,108594923.0
Middle East & North Africa (IDA & IBRD countries),TMN,"Air transport, passengers carried",IS.AIR.PSGR,2006,34256632.0
South Asia (IDA & IBRD),TSA,"Air transport, passengers carried",IS.AIR.PSGR,2006,51488173.0
Sub-Saharan Africa (IDA & IBRD countries),TSS,"Air transport, passengers carried",IS.AIR.PSGR,2006,25775571.0
Trinidad and Tobago,TTO,"Air transport, passengers carried",IS.AIR.PSGR,2006,1024304.0
Tunisia,TUN,"Air transport, passengers carried",IS.AIR.PSGR,2006,2054641.0
Turkiye,TUR,"Air transport, passengers carried",IS.AIR.PSGR,2006,19361415.0
Tanzania,TZA,"Air transport, passengers carried",IS.AIR.PSGR,2006,189844.0
Uganda,UGA,"Air transport, passengers carried",IS.AIR.PSGR,2006,55292.0
Ukraine,UKR,"Air transport, passengers carried",IS.AIR.PSGR,2006,2801992.0
Upper middle income,UMC,"Air transport, passengers carried",IS.AIR.PSGR,2006,381817662.0
Uruguay,URY,"Air transport, passengers carried",IS.AIR.PSGR,2006,568864.0
United States,USA,"Air transport, passengers carried",IS.AIR.PSGR,2006,725530965.0
Uzbekistan,UZB,"Air transport, passengers carried",IS.AIR.PSGR,2006,1665190.0
"Venezuela, RB",VEN,"Air transport, passengers carried",IS.AIR.PSGR,2006,5225573.0
Viet Nam,VNM,"Air transport, passengers carried",IS.AIR.PSGR,2006,5283831.0
Vanuatu,VUT,"Air transport, passengers carried",IS.AIR.PSGR,2006,116744.0
World,WLD,"Air transport, passengers carried",IS.AIR.PSGR,2006,2072413898.0
Samoa,WSM,"Air transport, passengers carried",IS.AIR.PSGR,2006,287596.0
"Yemen, Rep.",YEM,"Air transport, passengers carried",IS.AIR.PSGR,2006,1162316.0
South Africa,ZAF,"Air transport, passengers carried",IS.AIR.PSGR,2006,12932671.0
Zambia,ZMB,"Air transport, passengers carried",IS.AIR.PSGR,2006,58679.0
Zimbabwe,ZWE,"Air transport, passengers carried",IS.AIR.PSGR,2006,239045.0
Africa Eastern and Southern,AFE,"Air transport, passengers carried",IS.AIR.PSGR,2007,23295972.0
Angola,AGO,"Air transport, passengers carried",IS.AIR.PSGR,2007,277361.0
Albania,ALB,"Air transport, passengers carried",IS.AIR.PSGR,2007,238913.0
Arab World,ARB,"Air transport, passengers carried",IS.AIR.PSGR,2007,51722644.0
Argentina,ARG,"Air transport, passengers carried",IS.AIR.PSGR,2007,7036784.0
Armenia,ARM,"Air transport, passengers carried",IS.AIR.PSGR,2007,560626.0
Antigua and Barbuda,ATG,"Air transport, passengers carried",IS.AIR.PSGR,2007,800207.0
Australia,AUS,"Air transport, passengers carried",IS.AIR.PSGR,2007,48728837.0
Austria,AUT,"Air transport, passengers carried",IS.AIR.PSGR,2007,9140909.0
Azerbaijan,AZE,"Air transport, passengers carried",IS.AIR.PSGR,2007,1440700.0
Belgium,BEL,"Air transport, passengers carried",IS.AIR.PSGR,2007,4078094.0
Burkina Faso,BFA,"Air transport, passengers carried",IS.AIR.PSGR,2007,77810.0
Bangladesh,BGD,"Air transport, passengers carried",IS.AIR.PSGR,2007,1242865.0
Bulgaria,BGR,"Air transport, passengers carried",IS.AIR.PSGR,2007,855229.0
"Bahamas, The",BHS,"Air transport, passengers carried",IS.AIR.PSGR,2007,1089636.0
Belarus,BLR,"Air transport, passengers carried",IS.AIR.PSGR,2007,344290.0
Bolivia,BOL,"Air transport, passengers carried",IS.AIR.PSGR,2007,1744663.0
Brazil,BRA,"Air transport, passengers carried",IS.AIR.PSGR,2007,45286990.0
Brunei Darussalam,BRN,"Air transport, passengers carried",IS.AIR.PSGR,2007,1017028.0
Bhutan,BTN,"Air transport, passengers carried",IS.AIR.PSGR,2007,53609.0
Botswana,BWA,"Air transport, passengers carried",IS.AIR.PSGR,2007,227624.0
Canada,CAN,"Air transport, passengers carried",IS.AIR.PSGR,2007,52103547.0
Central Europe and the Baltics,CEB,"Air transport, passengers carried",IS.AIR.PSGR,2007,23721701.0
Switzerland,CHE,"Air transport, passengers carried",IS.AIR.PSGR,2007,12298456.0
Chile,CHL,"Air transport, passengers carried",IS.AIR.PSGR,2007,7190963.0
China,CHN,"Air transport, passengers carried",IS.AIR.PSGR,2007,183613132.0
Cameroon,CMR,"Air transport, passengers carried",IS.AIR.PSGR,2007,453051.0
Colombia,COL,"Air transport, passengers carried",IS.AIR.PSGR,2007,11630594.0
Cabo Verde,CPV,"Air transport, passengers carried",IS.AIR.PSGR,2007,793153.0
Costa Rica,CRI,"Air transport, passengers carried",IS.AIR.PSGR,2007,1017054.0
Cuba,CUB,"Air transport, passengers carried",IS.AIR.PSGR,2007,857213.0
Cyprus,CYP,"Air transport, passengers carried",IS.AIR.PSGR,2007,2071648.0
Czechia,CZE,"Air transport, passengers carried",IS.AIR.PSGR,2007,4869586.0
Germany,DEU,"Air transport, passengers carried",IS.AIR.PSGR,2007,106101747.0
Algeria,DZA,"Air transport, passengers carried",IS.AIR.PSGR,2007,2813018.0
East Asia & Pacific (excluding high income),EAP,"Air transport, passengers carried",IS.AIR.PSGR,2007,277768225.0
Early-demographic dividend,EAR,"Air transport, passengers carried",IS.AIR.PSGR,2007,245988633.0
East Asia & Pacific,EAS,"Air transport, passengers carried",IS.AIR.PSGR,2007,523755806.0
Europe & Central Asia (excluding high income),ECA,"Air transport, passengers carried",IS.AIR.PSGR,2007,35049600.0
Europe & Central Asia,ECS,"Air transport, passengers carried",IS.AIR.PSGR,2007,607952555.0
Ecuador,ECU,"Air transport, passengers carried",IS.AIR.PSGR,2007,2630759.0
"Egypt, Arab Rep.",EGY,"Air transport, passengers carried",IS.AIR.PSGR,2007,5829044.0
Euro area,EMU,"Air transport, passengers carried",IS.AIR.PSGR,2007,409514461.0
Spain,ESP,"Air transport, passengers carried",IS.AIR.PSGR,2007,60664991.0
Estonia,EST,"Air transport, passengers carried",IS.AIR.PSGR,2007,651323.0
Ethiopia,ETH,"Air transport, passengers carried",IS.AIR.PSGR,2007,2290179.0
European Union,EUU,"Air transport, passengers carried",IS.AIR.PSGR,2007,425646377.0
Fragile and conflict affected situations,FCS,"Air transport, passengers carried",IS.AIR.PSGR,2007,20199039.0
Finland,FIN,"Air transport, passengers carried",IS.AIR.PSGR,2007,8288683.0
Fiji,FJI,"Air transport, passengers carried",IS.AIR.PSGR,2007,960546.0
France,FRA,"Air transport, passengers carried",IS.AIR.PSGR,2007,61551258.0
Gabon,GAB,"Air transport, passengers carried",IS.AIR.PSGR,2007,535324.0
United Kingdom,GBR,"Air transport, passengers carried",IS.AIR.PSGR,2007,101622807.0
Georgia,GEO,"Air transport, passengers carried",IS.AIR.PSGR,2007,304139.0
Greece,GRC,"Air transport, passengers carried",IS.AIR.PSGR,2007,10206223.0
High income,HIC,"Air transport, passengers carried",IS.AIR.PSGR,2007,1664131075.0
"Hong Kong SAR, China",HKG,"Air transport, passengers carried",IS.AIR.PSGR,2007,24133664.0
Croatia,HRV,"Air transport, passengers carried",IS.AIR.PSGR,2007,1545318.0
Hungary,HUN,"Air transport, passengers carried",IS.AIR.PSGR,2007,3133574.0
IBRD only,IBD,"Air transport, passengers carried",IS.AIR.PSGR,2007,568136085.0
IDA & IBRD total,IBT,"Air transport, passengers carried",IS.AIR.PSGR,2007,599627079.0
IDA total,IDA,"Air transport, passengers carried",IS.AIR.PSGR,2007,31490994.0
IDA blend,IDB,"Air transport, passengers carried",IS.AIR.PSGR,2007,14980619.0
Indonesia,IDN,"Air transport, passengers carried",IS.AIR.PSGR,2007,30405918.0
IDA only,IDX,"Air transport, passengers carried",IS.AIR.PSGR,2007,16510375.0
India,IND,"Air transport, passengers carried",IS.AIR.PSGR,2007,51897450.0
Ireland,IRL,"Air transport, passengers carried",IS.AIR.PSGR,2007,60099058.0
"Iran, Islamic Rep.",IRN,"Air transport, passengers carried",IS.AIR.PSGR,2007,13915755.0
Iceland,ISL,"Air transport, passengers carried",IS.AIR.PSGR,2007,1720496.0
Israel,ISR,"Air transport, passengers carried",IS.AIR.PSGR,2007,4662615.0
Italy,ITA,"Air transport, passengers carried",IS.AIR.PSGR,2007,37830745.0
Jamaica,JAM,"Air transport, passengers carried",IS.AIR.PSGR,2007,1618165.0
Jordan,JOR,"Air transport, passengers carried",IS.AIR.PSGR,2007,2246212.0
Japan,JPN,"Air transport, passengers carried",IS.AIR.PSGR,2007,99842338.0
Kazakhstan,KAZ,"Air transport, passengers carried",IS.AIR.PSGR,2007,1295050.0
Kenya,KEN,"Air transport, passengers carried",IS.AIR.PSGR,2007,2857464.0
Kyrgyz Republic,KGZ,"Air transport, passengers carried",IS.AIR.PSGR,2007,274981.0
Cambodia,KHM,"Air transport, passengers carried",IS.AIR.PSGR,2007,307782.0
"Korea, Rep.",KOR,"Air transport, passengers carried",IS.AIR.PSGR,2007,36655313.0
Kuwait,KWT,"Air transport, passengers carried",IS.AIR.PSGR,2007,2659769.0
Latin America & Caribbean (excluding high income),LAC,"Air transport, passengers carried",IS.AIR.PSGR,2007,101368252.0
Lao PDR,LAO,"Air transport, passengers carried",IS.AIR.PSGR,2007,328326.0
Lebanon,LBN,"Air transport, passengers carried",IS.AIR.PSGR,2007,1074219.0
Libya,LBY,"Air transport, passengers carried",IS.AIR.PSGR,2007,1204107.0
Latin America & Caribbean,LCN,"Air transport, passengers carried",IS.AIR.PSGR,2007,120106257.0
Least developed countries: UN classification,LDC,"Air transport, passengers carried",IS.AIR.PSGR,2007,10839781.0
Sri Lanka,LKA,"Air transport, passengers carried",IS.AIR.PSGR,2007,3206766.0
Lower middle income,LMC,"Air transport, passengers carried",IS.AIR.PSGR,2007,109462419.0
Low & middle income,LMY,"Air transport, passengers carried",IS.AIR.PSGR,2007,539510129.0
Late-demographic dividend,LTE,"Air transport, passengers carried",IS.AIR.PSGR,2007,444476143.0
Lithuania,LTU,"Air transport, passengers carried",IS.AIR.PSGR,2007,423585.0
Luxembourg,LUX,"Air transport, passengers carried",IS.AIR.PSGR,2007,1039067.0
Latvia,LVA,"Air transport, passengers carried",IS.AIR.PSGR,2007,1344912.0
"Macao SAR, China",MAC,"Air transport, passengers carried",IS.AIR.PSGR,2007,2393294.0
Morocco,MAR,"Air transport, passengers carried",IS.AIR.PSGR,2007,4623543.0
Monaco,MCO,"Air transport, passengers carried",IS.AIR.PSGR,2007,101753.0
Moldova,MDA,"Air transport, passengers carried",IS.AIR.PSGR,2007,314361.0
Madagascar,MDG,"Air transport, passengers carried",IS.AIR.PSGR,2007,616433.0
Maldives,MDV,"Air transport, passengers carried",IS.AIR.PSGR,2007,92483.0
Middle East & North Africa,MEA,"Air transport, passengers carried",IS.AIR.PSGR,2007,71222974.0
Mexico,MEX,"Air transport, passengers carried",IS.AIR.PSGR,2007,20952513.0
Marshall Islands,MHL,"Air transport, passengers carried",IS.AIR.PSGR,2007,29980.0
Middle income,MIC,"Air transport, passengers carried",IS.AIR.PSGR,2007,532694165.0
North Macedonia,MKD,"Air transport, passengers carried",IS.AIR.PSGR,2007,234366.0
Malta,MLT,"Air transport, passengers carried",IS.AIR.PSGR,2007,1674773.0
Myanmar,MMR,"Air transport, passengers carried",IS.AIR.PSGR,2007,1662866.0
Middle East & North Africa (excluding high income),MNA,"Air transport, passengers carried",IS.AIR.PSGR,2007,36205520.0
Mongolia,MNG,"Air transport, passengers carried",IS.AIR.PSGR,2007,380708.0
Mozambique,MOZ,"Air transport, passengers carried",IS.AIR.PSGR,2007,443010.0
Mauritania,MRT,"Air transport, passengers carried",IS.AIR.PSGR,2007,154662.0
Mauritius,MUS,"Air transport, passengers carried",IS.AIR.PSGR,2007,1277957.0
Malawi,MWI,"Air transport, passengers carried",IS.AIR.PSGR,2007,154837.0
Malaysia,MYS,"Air transport, passengers carried",IS.AIR.PSGR,2007,21325754.0
North America,NAC,"Air transport, passengers carried",IS.AIR.PSGR,2007,796405857.0
Namibia,NAM,"Air transport, passengers carried",IS.AIR.PSGR,2007,430741.0
Nigeria,NGA,"Air transport, passengers carried",IS.AIR.PSGR,2007,1363435.0
Netherlands,NLD,"Air transport, passengers carried",IS.AIR.PSGR,2007,28857440.0
Nepal,NPL,"Air transport, passengers carried",IS.AIR.PSGR,2007,528226.0
New Zealand,NZL,"Air transport, passengers carried",IS.AIR.PSGR,2007,12545766.0
OECD members,OED,"Air transport, passengers carried",IS.AIR.PSGR,2007,1594664421.0
Pakistan,PAK,"Air transport, passengers carried",IS.AIR.PSGR,2007,5439144.0
Panama,PAN,"Air transport, passengers carried",IS.AIR.PSGR,2007,2473261.0
Peru,PER,"Air transport, passengers carried",IS.AIR.PSGR,2007,5273188.0
Philippines,PHL,"Air transport, passengers carried",IS.AIR.PSGR,2007,8818150.0
Papua New Guinea,PNG,"Air transport, passengers carried",IS.AIR.PSGR,2007,918665.0
Poland,POL,"Air transport, passengers carried",IS.AIR.PSGR,2007,4269655.0
"Korea, Dem. People's Rep.",PRK,"Air transport, passengers carried",IS.AIR.PSGR,2007,110634.0
Portugal,PRT,"Air transport, passengers carried",IS.AIR.PSGR,2007,10320040.0
Paraguay,PRY,"Air transport, passengers carried",IS.AIR.PSGR,2007,458688.0
Pacific island small states,PSS,"Air transport, passengers carried",IS.AIR.PSGR,2007,1510124.0
Post-demographic dividend,PST,"Air transport, passengers carried",IS.AIR.PSGR,2007,1510562083.0
Qatar,QAT,"Air transport, passengers carried",IS.AIR.PSGR,2007,8879109.0
Romania,ROU,"Air transport, passengers carried",IS.AIR.PSGR,2007,3003872.0
Russian Federation,RUS,"Air transport, passengers carried",IS.AIR.PSGR,2007,33187839.0
South Asia,SAS,"Air transport, passengers carried",IS.AIR.PSGR,2007,62460543.0
Saudi Arabia,SAU,"Air transport, passengers carried",IS.AIR.PSGR,2007,17141188.0
Sudan,SDN,"Air transport, passengers carried",IS.AIR.PSGR,2007,598151.0
Senegal,SEN,"Air transport, passengers carried",IS.AIR.PSGR,2007,538845.0
Singapore,SGP,"Air transport, passengers carried",IS.AIR.PSGR,2007,20671341.0
Solomon Islands,SLB,"Air transport, passengers carried",IS.AIR.PSGR,2007,102090.0
Sierra Leone,SLE,"Air transport, passengers carried",IS.AIR.PSGR,2007,20252.0
El Salvador,SLV,"Air transport, passengers carried",IS.AIR.PSGR,2007,2536820.0
Serbia,SRB,"Air transport, passengers carried",IS.AIR.PSGR,2007,1118404.0
Sub-Saharan Africa (excluding high income),SSA,"Air transport, passengers carried",IS.AIR.PSGR,2007,26657989.0
Sub-Saharan Africa,SSF,"Air transport, passengers carried",IS.AIR.PSGR,2007,27232504.0
Sao Tome and Principe,STP,"Air transport, passengers carried",IS.AIR.PSGR,2007,50440.0
Suriname,SUR,"Air transport, passengers carried",IS.AIR.PSGR,2007,324821.0
Slovak Republic,SVK,"Air transport, passengers carried",IS.AIR.PSGR,2007,2679227.0
Slovenia,SVN,"Air transport, passengers carried",IS.AIR.PSGR,2007,945420.0
Seychelles,SYC,"Air transport, passengers carried",IS.AIR.PSGR,2007,574515.0
Syrian Arab Republic,SYR,"Air transport, passengers carried",IS.AIR.PSGR,2007,1371450.0
East Asia & Pacific (IDA & IBRD countries),TEA,"Air transport, passengers carried",IS.AIR.PSGR,2007,277657591.0
Europe & Central Asia (IDA & IBRD countries),TEC,"Air transport, passengers carried",IS.AIR.PSGR,2007,77911513.0
Thailand,THA,"Air transport, passengers carried",IS.AIR.PSGR,2007,21191723.0
Tajikistan,TJK,"Air transport, passengers carried",IS.AIR.PSGR,2007,501178.0
Turkmenistan,TKM,"Air transport, passengers carried",IS.AIR.PSGR,2007,1850921.0
Latin America & the Caribbean (IDA & IBRD countries),TLA,"Air transport, passengers carried",IS.AIR.PSGR,2007,118159408.0
Middle East & North Africa (IDA & IBRD countries),TMN,"Air transport, passengers carried",IS.AIR.PSGR,2007,36205520.0
South Asia (IDA & IBRD),TSA,"Air transport, passengers carried",IS.AIR.PSGR,2007,62460543.0
Sub-Saharan Africa (IDA & IBRD countries),TSS,"Air transport, passengers carried",IS.AIR.PSGR,2007,27232504.0
Trinidad and Tobago,TTO,"Air transport, passengers carried",IS.AIR.PSGR,2007,1085650.0
Tunisia,TUN,"Air transport, passengers carried",IS.AIR.PSGR,2007,2054679.0
Turkiye,TUR,"Air transport, passengers carried",IS.AIR.PSGR,2007,22895275.0
Tanzania,TZA,"Air transport, passengers carried",IS.AIR.PSGR,2007,250849.0
Uganda,UGA,"Air transport, passengers carried",IS.AIR.PSGR,2007,59715.0
Ukraine,UKR,"Air transport, passengers carried",IS.AIR.PSGR,2007,1736018.0
Upper middle income,UMC,"Air transport, passengers carried",IS.AIR.PSGR,2007,423231746.0
Uruguay,URY,"Air transport, passengers carried",IS.AIR.PSGR,2007,602996.0
United States,USA,"Air transport, passengers carried",IS.AIR.PSGR,2007,744302310.0
Uzbekistan,UZB,"Air transport, passengers carried",IS.AIR.PSGR,2007,1940378.0
"Venezuela, RB",VEN,"Air transport, passengers carried",IS.AIR.PSGR,2007,5495292.0
Viet Nam,VNM,"Air transport, passengers carried",IS.AIR.PSGR,2007,7194443.0
Vanuatu,VUT,"Air transport, passengers carried",IS.AIR.PSGR,2007,122581.0
World,WLD,"Air transport, passengers carried",IS.AIR.PSGR,2007,2209136496.0
Samoa,WSM,"Air transport, passengers carried",IS.AIR.PSGR,2007,294927.0
"Yemen, Rep.",YEM,"Air transport, passengers carried",IS.AIR.PSGR,2007,1073493.0
South Africa,ZAF,"Air transport, passengers carried",IS.AIR.PSGR,2007,12870324.0
Zambia,ZMB,"Air transport, passengers carried",IS.AIR.PSGR,2007,61589.0
Zimbabwe,ZWE,"Air transport, passengers carried",IS.AIR.PSGR,2007,254783.0
Africa Eastern and Southern,AFE,"Air transport, passengers carried",IS.AIR.PSGR,1979,7515200.0
Afghanistan,AFG,"Air transport, passengers carried",IS.AIR.PSGR,1979,93000.0
Africa Western and Central,AFW,"Air transport, passengers carried",IS.AIR.PSGR,1979,3776100.0
Angola,AGO,"Air transport, passengers carried",IS.AIR.PSGR,1979,546100.0
Arab World,ARB,"Air transport, passengers carried",IS.AIR.PSGR,1979,21838000.0
United Arab Emirates,ARE,"Air transport, passengers carried",IS.AIR.PSGR,1979,456500.0
Argentina,ARG,"Air transport, passengers carried",IS.AIR.PSGR,1979,5023500.0
Australia,AUS,"Air transport, passengers carried",IS.AIR.PSGR,1979,13022500.0
Austria,AUT,"Air transport, passengers carried",IS.AIR.PSGR,1979,1301600.0
Burundi,BDI,"Air transport, passengers carried",IS.AIR.PSGR,1979,5500.0
Belgium,BEL,"Air transport, passengers carried",IS.AIR.PSGR,1979,2042900.0
Benin,BEN,"Air transport, passengers carried",IS.AIR.PSGR,1979,57300.0
Burkina Faso,BFA,"Air transport, passengers carried",IS.AIR.PSGR,1979,59800.0
Bangladesh,BGD,"Air transport, passengers carried",IS.AIR.PSGR,1979,624200.0
Bulgaria,BGR,"Air transport, passengers carried",IS.AIR.PSGR,1979,1755000.0
Bahrain,BHR,"Air transport, passengers carried",IS.AIR.PSGR,1979,456500.0
"Bahamas, The",BHS,"Air transport, passengers carried",IS.AIR.PSGR,1979,314000.0
Bolivia,BOL,"Air transport, passengers carried",IS.AIR.PSGR,1979,1225500.0
Brazil,BRA,"Air transport, passengers carried",IS.AIR.PSGR,1979,11856900.0
Barbados,BRB,"Air transport, passengers carried",IS.AIR.PSGR,1979,53900.0
Botswana,BWA,"Air transport, passengers carried",IS.AIR.PSGR,1979,10400.0
Central African Republic,CAF,"Air transport, passengers carried",IS.AIR.PSGR,1979,122300.0
Canada,CAN,"Air transport, passengers carried",IS.AIR.PSGR,1979,20846400.0
Central Europe and the Baltics,CEB,"Air transport, passengers carried",IS.AIR.PSGR,1979,7313900.0
Switzerland,CHE,"Air transport, passengers carried",IS.AIR.PSGR,1979,5887400.0
Chile,CHL,"Air transport, passengers carried",IS.AIR.PSGR,1979,558900.0
China,CHN,"Air transport, passengers carried",IS.AIR.PSGR,1979,2519000.0
Cote d'Ivoire,CIV,"Air transport, passengers carried",IS.AIR.PSGR,1979,137300.0
Cameroon,CMR,"Air transport, passengers carried",IS.AIR.PSGR,1979,402500.0
"Congo, Dem. Rep.",COD,"Air transport, passengers carried",IS.AIR.PSGR,1979,577700.0
"Congo, Rep.",COG,"Air transport, passengers carried",IS.AIR.PSGR,1979,113300.0
Colombia,COL,"Air transport, passengers carried",IS.AIR.PSGR,1979,5052400.0
Cabo Verde,CPV,"Air transport, passengers carried",IS.AIR.PSGR,1979,65000.0
Costa Rica,CRI,"Air transport, passengers carried",IS.AIR.PSGR,1979,366000.0
Caribbean small states,CSS,"Air transport, passengers carried",IS.AIR.PSGR,1979,541800.0
Cuba,CUB,"Air transport, passengers carried",IS.AIR.PSGR,1979,819400.0
Cyprus,CYP,"Air transport, passengers carried",IS.AIR.PSGR,1979,387500.0
Czechia,CZE,"Air transport, passengers carried",IS.AIR.PSGR,1979,1758600.0
Germany,DEU,"Air transport, passengers carried",IS.AIR.PSGR,1979,12843900.0
Djibouti,DJI,"Air transport, passengers carried",IS.AIR.PSGR,1979,29000.0
Denmark,DNK,"Air transport, passengers carried",IS.AIR.PSGR,1979,3556200.0
Dominican Republic,DOM,"Air transport, passengers carried",IS.AIR.PSGR,1979,454600.0
Algeria,DZA,"Air transport, passengers carried",IS.AIR.PSGR,1979,2663400.0
East Asia & Pacific (excluding high income),EAP,"Air transport, passengers carried",IS.AIR.PSGR,1979,17767700.0
Early-demographic dividend,EAR,"Air transport, passengers carried",IS.AIR.PSGR,1979,72296400.0
East Asia & Pacific,EAS,"Air transport, passengers carried",IS.AIR.PSGR,1979,87068700.0
Ecuador,ECU,"Air transport, passengers carried",IS.AIR.PSGR,1979,632900.0
"Egypt, Arab Rep.",EGY,"Air transport, passengers carried",IS.AIR.PSGR,1979,1689800.0
Euro area,EMU,"Air transport, passengers carried",IS.AIR.PSGR,1979,76943200.0
Spain,ESP,"Air transport, passengers carried",IS.AIR.PSGR,1979,15683000.0
Ethiopia,ETH,"Air transport, passengers carried",IS.AIR.PSGR,1979,197400.0
European Union,EUU,"Air transport, passengers carried",IS.AIR.PSGR,1979,93006700.0
Fragile and conflict affected situations,FCS,"Air transport, passengers carried",IS.AIR.PSGR,1979,13205700.0
Finland,FIN,"Air transport, passengers carried",IS.AIR.PSGR,1979,2345800.0
Fiji,FJI,"Air transport, passengers carried",IS.AIR.PSGR,1979,310000.0
France,FRA,"Air transport, passengers carried",IS.AIR.PSGR,1979,17967000.0
Gabon,GAB,"Air transport, passengers carried",IS.AIR.PSGR,1979,175000.0
United Kingdom,GBR,"Air transport, passengers carried",IS.AIR.PSGR,1979,25312100.0
Ghana,GHA,"Air transport, passengers carried",IS.AIR.PSGR,1979,330400.0
Guinea,GIN,"Air transport, passengers carried",IS.AIR.PSGR,1979,72000.0
Guinea-Bissau,GNB,"Air transport, passengers carried",IS.AIR.PSGR,1979,20000.0
Equatorial Guinea,GNQ,"Air transport, passengers carried",IS.AIR.PSGR,1979,13000.0
Greece,GRC,"Air transport, passengers carried",IS.AIR.PSGR,1979,5021100.0
Guatemala,GTM,"Air transport, passengers carried",IS.AIR.PSGR,1979,156300.0
Guyana,GUY,"Air transport, passengers carried",IS.AIR.PSGR,1979,27500.0
High income,HIC,"Air transport, passengers carried",IS.AIR.PSGR,1979,548065700.0
Honduras,HND,"Air transport, passengers carried",IS.AIR.PSGR,1979,414200.0
Heavily indebted poor countries (HIPC),HPC,"Air transport, passengers carried",IS.AIR.PSGR,1979,6468300.0
Haiti,HTI,"Air transport, passengers carried",IS.AIR.PSGR,1979,0.0
Hungary,HUN,"Air transport, passengers carried",IS.AIR.PSGR,1979,830200.0
IBRD only,IBD,"Air transport, passengers carried",IS.AIR.PSGR,1979,92800400.0
IDA & IBRD total,IBT,"Air transport, passengers carried",IS.AIR.PSGR,1979,106205500.0
IDA total,IDA,"Air transport, passengers carried",IS.AIR.PSGR,1979,13405100.0
IDA blend,IDB,"Air transport, passengers carried",IS.AIR.PSGR,1979,6224900.0
Indonesia,IDN,"Air transport, passengers carried",IS.AIR.PSGR,1979,4656100.0
IDA only,IDX,"Air transport, passengers carried",IS.AIR.PSGR,1979,7180200.0
India,IND,"Air transport, passengers carried",IS.AIR.PSGR,1979,6546800.0
Ireland,IRL,"Air transport, passengers carried",IS.AIR.PSGR,1979,2022500.0
"Iran, Islamic Rep.",IRN,"Air transport, passengers carried",IS.AIR.PSGR,1979,2168700.0
Iraq,IRQ,"Air transport, passengers carried",IS.AIR.PSGR,1979,687800.0
Iceland,ISL,"Air transport, passengers carried",IS.AIR.PSGR,1979,694000.0
Israel,ISR,"Air transport, passengers carried",IS.AIR.PSGR,1979,1584000.0
Italy,ITA,"Air transport, passengers carried",IS.AIR.PSGR,1979,9462500.0
Jamaica,JAM,"Air transport, passengers carried",IS.AIR.PSGR,1979,795300.0
Jordan,JOR,"Air transport, passengers carried",IS.AIR.PSGR,1979,914300.0
Japan,JPN,"Air transport, passengers carried",IS.AIR.PSGR,1979,45367800.0
Kenya,KEN,"Air transport, passengers carried",IS.AIR.PSGR,1979,377400.0
"Korea, Rep.",KOR,"Air transport, passengers carried",IS.AIR.PSGR,1979,3725900.0
Kuwait,KWT,"Air transport, passengers carried",IS.AIR.PSGR,1979,965100.0
Latin America & Caribbean (excluding high income),LAC,"Air transport, passengers carried",IS.AIR.PSGR,1979,40532300.0
Lao PDR,LAO,"Air transport, passengers carried",IS.AIR.PSGR,1979,13000.0
Lebanon,LBN,"Air transport, passengers carried",IS.AIR.PSGR,1979,904000.0
Liberia,LBR,"Air transport, passengers carried",IS.AIR.PSGR,1979,9400.0
Libya,LBY,"Air transport, passengers carried",IS.AIR.PSGR,1979,913800.0
Latin America & Caribbean,LCN,"Air transport, passengers carried",IS.AIR.PSGR,1979,47754900.0
Least developed countries: UN classification,LDC,"Air transport, passengers carried",IS.AIR.PSGR,1979,6108400.0
Low income,LIC,"Air transport, passengers carried",IS.AIR.PSGR,1979,3600900.0
Sri Lanka,LKA,"Air transport, passengers carried",IS.AIR.PSGR,1979,105300.0
Lower middle income,LMC,"Air transport, passengers carried",IS.AIR.PSGR,1979,27169700.0
Low & middle income,LMY,"Air transport, passengers carried",IS.AIR.PSGR,1979,95563200.0
Lesotho,LSO,"Air transport, passengers carried",IS.AIR.PSGR,1979,52000.0
Late-demographic dividend,LTE,"Air transport, passengers carried",IS.AIR.PSGR,1979,40432600.0
Luxembourg,LUX,"Air transport, passengers carried",IS.AIR.PSGR,1979,300000.0
Morocco,MAR,"Air transport, passengers carried",IS.AIR.PSGR,1979,1153800.0
Madagascar,MDG,"Air transport, passengers carried",IS.AIR.PSGR,1979,407500.0
Maldives,MDV,"Air transport, passengers carried",IS.AIR.PSGR,1979,25000.0
Middle East & North Africa,MEA,"Air transport, passengers carried",IS.AIR.PSGR,1979,25387900.0
Mexico,MEX,"Air transport, passengers carried",IS.AIR.PSGR,1979,11381500.0
Middle income,MIC,"Air transport, passengers carried",IS.AIR.PSGR,1979,91962300.0
Mali,MLI,"Air transport, passengers carried",IS.AIR.PSGR,1979,66000.0
Malta,MLT,"Air transport, passengers carried",IS.AIR.PSGR,1979,382000.0
Myanmar,MMR,"Air transport, passengers carried",IS.AIR.PSGR,1979,460000.0
Middle East & North Africa (excluding high income),MNA,"Air transport, passengers carried",IS.AIR.PSGR,1979,12941600.0
Mozambique,MOZ,"Air transport, passengers carried",IS.AIR.PSGR,1979,273000.0
Mauritania,MRT,"Air transport, passengers carried",IS.AIR.PSGR,1979,124300.0
Mauritius,MUS,"Air transport, passengers carried",IS.AIR.PSGR,1979,82300.0
Malawi,MWI,"Air transport, passengers carried",IS.AIR.PSGR,1979,111700.0
Malaysia,MYS,"Air transport, passengers carried",IS.AIR.PSGR,1979,3489500.0
North America,NAC,"Air transport, passengers carried",IS.AIR.PSGR,1979,334470400.0
Niger,NER,"Air transport, passengers carried",IS.AIR.PSGR,1979,99300.0
Nigeria,NGA,"Air transport, passengers carried",IS.AIR.PSGR,1979,1581300.0
Nicaragua,NIC,"Air transport, passengers carried",IS.AIR.PSGR,1979,145000.0
Netherlands,NLD,"Air transport, passengers carried",IS.AIR.PSGR,1979,4918900.0
Norway,NOR,"Air transport, passengers carried",IS.AIR.PSGR,1979,4866900.0
Nepal,NPL,"Air transport, passengers carried",IS.AIR.PSGR,1979,416500.0
New Zealand,NZL,"Air transport, passengers carried",IS.AIR.PSGR,1979,3807300.0
OECD members,OED,"Air transport, passengers carried",IS.AIR.PSGR,1979,547918000.0
Oman,OMN,"Air transport, passengers carried",IS.AIR.PSGR,1979,456500.0
Pakistan,PAK,"Air transport, passengers carried",IS.AIR.PSGR,1979,2773100.0
Panama,PAN,"Air transport, passengers carried",IS.AIR.PSGR,1979,381300.0
Peru,PER,"Air transport, passengers carried",IS.AIR.PSGR,1979,1686100.0
Philippines,PHL,"Air transport, passengers carried",IS.AIR.PSGR,1979,3474900.0
Papua New Guinea,PNG,"Air transport, passengers carried",IS.AIR.PSGR,1979,572300.0
Poland,POL,"Air transport, passengers carried",IS.AIR.PSGR,1979,1850400.0
Pre-demographic dividend,PRE,"Air transport, passengers carried",IS.AIR.PSGR,1979,7333900.0
"Korea, Dem. People's Rep.",PRK,"Air transport, passengers carried",IS.AIR.PSGR,1979,184000.0
Portugal,PRT,"Air transport, passengers carried",IS.AIR.PSGR,1979,2264500.0
Paraguay,PRY,"Air transport, passengers carried",IS.AIR.PSGR,1979,118500.0
Post-demographic dividend,PST,"Air transport, passengers carried",IS.AIR.PSGR,1979,528337700.0
Qatar,QAT,"Air transport, passengers carried",IS.AIR.PSGR,1979,456500.0
Romania,ROU,"Air transport, passengers carried",IS.AIR.PSGR,1979,1119700.0
South Asia,SAS,"Air transport, passengers carried",IS.AIR.PSGR,1979,10583900.0
Saudi Arabia,SAU,"Air transport, passengers carried",IS.AIR.PSGR,1979,7689200.0
Sudan,SDN,"Air transport, passengers carried",IS.AIR.PSGR,1979,424000.0
Senegal,SEN,"Air transport, passengers carried",IS.AIR.PSGR,1979,142300.0
Singapore,SGP,"Air transport, passengers carried",IS.AIR.PSGR,1979,3377500.0
Sierra Leone,SLE,"Air transport, passengers carried",IS.AIR.PSGR,1979,28500.0
El Salvador,SLV,"Air transport, passengers carried",IS.AIR.PSGR,1979,257800.0
Somalia,SOM,"Air transport, passengers carried",IS.AIR.PSGR,1979,36500.0
Sub-Saharan Africa (excluding high income),SSA,"Air transport, passengers carried",IS.AIR.PSGR,1979,11279300.0
Sub-Saharan Africa,SSF,"Air transport, passengers carried",IS.AIR.PSGR,1979,11291300.0
Suriname,SUR,"Air transport, passengers carried",IS.AIR.PSGR,1979,146400.0
Sweden,SWE,"Air transport, passengers carried",IS.AIR.PSGR,1979,5193400.0
Eswatini,SWZ,"Air transport, passengers carried",IS.AIR.PSGR,1979,30000.0
Seychelles,SYC,"Air transport, passengers carried",IS.AIR.PSGR,1979,12000.0
Syrian Arab Republic,SYR,"Air transport, passengers carried",IS.AIR.PSGR,1979,433200.0
Chad,TCD,"Air transport, passengers carried",IS.AIR.PSGR,1979,96300.0
East Asia & Pacific (IDA & IBRD countries),TEA,"Air transport, passengers carried",IS.AIR.PSGR,1979,17583700.0
Togo,TGO,"Air transport, passengers carried",IS.AIR.PSGR,1979,60800.0
Thailand,THA,"Air transport, passengers carried",IS.AIR.PSGR,1979,2088900.0
Latin America & the Caribbean (IDA & IBRD countries),TLA,"Air transport, passengers carried",IS.AIR.PSGR,1979,46621500.0
Middle East & North Africa (IDA & IBRD countries),TMN,"Air transport, passengers carried",IS.AIR.PSGR,1979,12941600.0
South Asia (IDA & IBRD),TSA,"Air transport, passengers carried",IS.AIR.PSGR,1979,10583900.0
Sub-Saharan Africa (IDA & IBRD countries),TSS,"Air transport, passengers carried",IS.AIR.PSGR,1979,11291300.0
Trinidad and Tobago,TTO,"Air transport, passengers carried",IS.AIR.PSGR,1979,659200.0
Tunisia,TUN,"Air transport, passengers carried",IS.AIR.PSGR,1979,1088800.0
Turkiye,TUR,"Air transport, passengers carried",IS.AIR.PSGR,1979,2458400.0
Tanzania,TZA,"Air transport, passengers carried",IS.AIR.PSGR,1979,292300.0
Upper middle income,UMC,"Air transport, passengers carried",IS.AIR.PSGR,1979,64792600.0
Uruguay,URY,"Air transport, passengers carried",IS.AIR.PSGR,1979,456100.0
United States,USA,"Air transport, passengers carried",IS.AIR.PSGR,1979,313624000.0
"Venezuela, RB",VEN,"Air transport, passengers carried",IS.AIR.PSGR,1979,4771700.0
World,WLD,"Air transport, passengers carried",IS.AIR.PSGR,1979,648400600.0
"Yemen, Rep.",YEM,"Air transport, passengers carried",IS.AIR.PSGR,1979,295000.0
South Africa,ZAF,"Air transport, passengers carried",IS.AIR.PSGR,1979,3783700.0
Zambia,ZMB,"Air transport, passengers carried",IS.AIR.PSGR,1979,295700.0
Africa Eastern and Southern,AFE,"Air transport, passengers carried",IS.AIR.PSGR,1978,6195600.0
Afghanistan,AFG,"Air transport, passengers carried",IS.AIR.PSGR,1978,100400.0
Africa Western and Central,AFW,"Air transport, passengers carried",IS.AIR.PSGR,1978,3543900.0
Angola,AGO,"Air transport, passengers carried",IS.AIR.PSGR,1978,308000.0
Arab World,ARB,"Air transport, passengers carried",IS.AIR.PSGR,1978,18669700.0
United Arab Emirates,ARE,"Air transport, passengers carried",IS.AIR.PSGR,1978,374500.0
Argentina,ARG,"Air transport, passengers carried",IS.AIR.PSGR,1978,3946700.0
Australia,AUS,"Air transport, passengers carried",IS.AIR.PSGR,1978,12122300.0
Austria,AUT,"Air transport, passengers carried",IS.AIR.PSGR,1978,1238900.0
Burundi,BDI,"Air transport, passengers carried",IS.AIR.PSGR,1978,5000.0
Belgium,BEL,"Air transport, passengers carried",IS.AIR.PSGR,1978,1976500.0
Benin,BEN,"Air transport, passengers carried",IS.AIR.PSGR,1978,52200.0
Burkina Faso,BFA,"Air transport, passengers carried",IS.AIR.PSGR,1978,54700.0
Bangladesh,BGD,"Air transport, passengers carried",IS.AIR.PSGR,1978,544200.0
Bulgaria,BGR,"Air transport, passengers carried",IS.AIR.PSGR,1978,1500000.0
Bahrain,BHR,"Air transport, passengers carried",IS.AIR.PSGR,1978,374500.0
"Bahamas, The",BHS,"Air transport, passengers carried",IS.AIR.PSGR,1978,268000.0
Bolivia,BOL,"Air transport, passengers carried",IS.AIR.PSGR,1978,1015600.0
Brazil,BRA,"Air transport, passengers carried",IS.AIR.PSGR,1978,10621300.0
Barbados,BRB,"Air transport, passengers carried",IS.AIR.PSGR,1978,50200.0
Central African Republic,CAF,"Air transport, passengers carried",IS.AIR.PSGR,1978,117200.0
Canada,CAN,"Air transport, passengers carried",IS.AIR.PSGR,1978,18472000.0
Central Europe and the Baltics,CEB,"Air transport, passengers carried",IS.AIR.PSGR,1978,6626200.0
Switzerland,CHE,"Air transport, passengers carried",IS.AIR.PSGR,1978,5686800.0
Chile,CHL,"Air transport, passengers carried",IS.AIR.PSGR,1978,552700.0
China,CHN,"Air transport, passengers carried",IS.AIR.PSGR,1978,1540000.0
Cote d'Ivoire,CIV,"Air transport, passengers carried",IS.AIR.PSGR,1978,132200.0
Cameroon,CMR,"Air transport, passengers carried",IS.AIR.PSGR,1978,392700.0
"Congo, Dem. Rep.",COD,"Air transport, passengers carried",IS.AIR.PSGR,1978,569900.0
"Congo, Rep.",COG,"Air transport, passengers carried",IS.AIR.PSGR,1978,102200.0
Colombia,COL,"Air transport, passengers carried",IS.AIR.PSGR,1978,4747100.0
Cabo Verde,CPV,"Air transport, passengers carried",IS.AIR.PSGR,1978,60000.0
Costa Rica,CRI,"Air transport, passengers carried",IS.AIR.PSGR,1978,321300.0
Caribbean small states,CSS,"Air transport, passengers carried",IS.AIR.PSGR,1978,465200.0
Cuba,CUB,"Air transport, passengers carried",IS.AIR.PSGR,1978,725500.0
Cyprus,CYP,"Air transport, passengers carried",IS.AIR.PSGR,1978,315300.0
Czechia,CZE,"Air transport, passengers carried",IS.AIR.PSGR,1978,1680300.0
Germany,DEU,"Air transport, passengers carried",IS.AIR.PSGR,1978,11709800.0
Djibouti,DJI,"Air transport, passengers carried",IS.AIR.PSGR,1978,28000.0
Denmark,DNK,"Air transport, passengers carried",IS.AIR.PSGR,1978,3117200.0
Dominican Republic,DOM,"Air transport, passengers carried",IS.AIR.PSGR,1978,429600.0
Algeria,DZA,"Air transport, passengers carried",IS.AIR.PSGR,1978,2229000.0
East Asia & Pacific (excluding high income),EAP,"Air transport, passengers carried",IS.AIR.PSGR,1978,15667800.0
Early-demographic dividend,EAR,"Air transport, passengers carried",IS.AIR.PSGR,1978,64497000.0
East Asia & Pacific,EAS,"Air transport, passengers carried",IS.AIR.PSGR,1978,77737300.0
Ecuador,ECU,"Air transport, passengers carried",IS.AIR.PSGR,1978,593300.0
"Egypt, Arab Rep.",EGY,"Air transport, passengers carried",IS.AIR.PSGR,1978,1426300.0
Euro area,EMU,"Air transport, passengers carried",IS.AIR.PSGR,1978,72757200.0
Spain,ESP,"Air transport, passengers carried",IS.AIR.PSGR,1978,15369000.0
Ethiopia,ETH,"Air transport, passengers carried",IS.AIR.PSGR,1978,185800.0
European Union,EUU,"Air transport, passengers carried",IS.AIR.PSGR,1978,86861500.0
Fragile and conflict affected situations,FCS,"Air transport, passengers carried",IS.AIR.PSGR,1978,11927200.0
Finland,FIN,"Air transport, passengers carried",IS.AIR.PSGR,1978,1993400.0
Fiji,FJI,"Air transport, passengers carried",IS.AIR.PSGR,1978,280000.0
France,FRA,"Air transport, passengers carried",IS.AIR.PSGR,1978,16821200.0
Gabon,GAB,"Air transport, passengers carried",IS.AIR.PSGR,1978,170000.0
United Kingdom,GBR,"Air transport, passengers carried",IS.AIR.PSGR,1978,23186100.0
Ghana,GHA,"Air transport, passengers carried",IS.AIR.PSGR,1978,309700.0
Guinea,GIN,"Air transport, passengers carried",IS.AIR.PSGR,1978,71000.0
Guinea-Bissau,GNB,"Air transport, passengers carried",IS.AIR.PSGR,1978,20000.0
Equatorial Guinea,GNQ,"Air transport, passengers carried",IS.AIR.PSGR,1978,12000.0
Greece,GRC,"Air transport, passengers carried",IS.AIR.PSGR,1978,4670500.0
Guatemala,GTM,"Air transport, passengers carried",IS.AIR.PSGR,1978,136300.0
Guyana,GUY,"Air transport, passengers carried",IS.AIR.PSGR,1978,27000.0
High income,HIC,"Air transport, passengers carried",IS.AIR.PSGR,1978,486575504.0
Honduras,HND,"Air transport, passengers carried",IS.AIR.PSGR,1978,359800.0
Heavily indebted poor countries (HIPC),HPC,"Air transport, passengers carried",IS.AIR.PSGR,1978,5664300.0
Haiti,HTI,"Air transport, passengers carried",IS.AIR.PSGR,1978,0.0
Hungary,HUN,"Air transport, passengers carried",IS.AIR.PSGR,1978,659000.0
IBRD only,IBD,"Air transport, passengers carried",IS.AIR.PSGR,1978,82379300.0
IDA & IBRD total,IBT,"Air transport, passengers carried",IS.AIR.PSGR,1978,94605300.0
IDA total,IDA,"Air transport, passengers carried",IS.AIR.PSGR,1978,12226000.0
IDA blend,IDB,"Air transport, passengers carried",IS.AIR.PSGR,1978,5843300.0
Indonesia,IDN,"Air transport, passengers carried",IS.AIR.PSGR,1978,4431100.0
IDA only,IDX,"Air transport, passengers carried",IS.AIR.PSGR,1978,6382700.0
India,IND,"Air transport, passengers carried",IS.AIR.PSGR,1978,6099600.0
Ireland,IRL,"Air transport, passengers carried",IS.AIR.PSGR,1978,1781300.0
"Iran, Islamic Rep.",IRN,"Air transport, passengers carried",IS.AIR.PSGR,1978,3333500.0
Iraq,IRQ,"Air transport, passengers carried",IS.AIR.PSGR,1978,675300.0
Iceland,ISL,"Air transport, passengers carried",IS.AIR.PSGR,1978,688000.0
Israel,ISR,"Air transport, passengers carried",IS.AIR.PSGR,1978,1519700.0
Italy,ITA,"Air transport, passengers carried",IS.AIR.PSGR,1978,9507000.0
Jamaica,JAM,"Air transport, passengers carried",IS.AIR.PSGR,1978,705900.0
Jordan,JOR,"Air transport, passengers carried",IS.AIR.PSGR,1978,728400.0
Japan,JPN,"Air transport, passengers carried",IS.AIR.PSGR,1978,40554700.0
Kenya,KEN,"Air transport, passengers carried",IS.AIR.PSGR,1978,363300.0
"Korea, Rep.",KOR,"Air transport, passengers carried",IS.AIR.PSGR,1978,3099800.0
Kuwait,KWT,"Air transport, passengers carried",IS.AIR.PSGR,1978,849500.0
Latin America & Caribbean (excluding high income),LAC,"Air transport, passengers carried",IS.AIR.PSGR,1978,35006100.0
Lao PDR,LAO,"Air transport, passengers carried",IS.AIR.PSGR,1978,12000.0
Lebanon,LBN,"Air transport, passengers carried",IS.AIR.PSGR,1978,862900.0
Liberia,LBR,"Air transport, passengers carried",IS.AIR.PSGR,1978,29000.0
Libya,LBY,"Air transport, passengers carried",IS.AIR.PSGR,1978,890600.0
Latin America & Caribbean,LCN,"Air transport, passengers carried",IS.AIR.PSGR,1978,41000200.0
Least developed countries: UN classification,LDC,"Air transport, passengers carried",IS.AIR.PSGR,1978,5137300.0
Low income,LIC,"Air transport, passengers carried",IS.AIR.PSGR,1978,3283900.0
Sri Lanka,LKA,"Air transport, passengers carried",IS.AIR.PSGR,1978,100000.0
Lower middle income,LMC,"Air transport, passengers carried",IS.AIR.PSGR,1978,24728200.0
Low & middle income,LMY,"Air transport, passengers carried",IS.AIR.PSGR,1978,85471800.0
Lesotho,LSO,"Air transport, passengers carried",IS.AIR.PSGR,1978,40000.0
Late-demographic dividend,LTE,"Air transport, passengers carried",IS.AIR.PSGR,1978,35456000.0
Luxembourg,LUX,"Air transport, passengers carried",IS.AIR.PSGR,1978,290000.0
Morocco,MAR,"Air transport, passengers carried",IS.AIR.PSGR,1978,1131700.0
Madagascar,MDG,"Air transport, passengers carried",IS.AIR.PSGR,1978,335800.0
Maldives,MDV,"Air transport, passengers carried",IS.AIR.PSGR,1978,20000.0
Middle East & North Africa,MEA,"Air transport, passengers carried",IS.AIR.PSGR,1978,23545300.0
Mexico,MEX,"Air transport, passengers carried",IS.AIR.PSGR,1978,9387700.0
Middle income,MIC,"Air transport, passengers carried",IS.AIR.PSGR,1978,82187900.0
Mali,MLI,"Air transport, passengers carried",IS.AIR.PSGR,1978,57000.0
Malta,MLT,"Air transport, passengers carried",IS.AIR.PSGR,1978,351600.0
Myanmar,MMR,"Air transport, passengers carried",IS.AIR.PSGR,1978,425000.0
Middle East & North Africa (excluding high income),MNA,"Air transport, passengers carried",IS.AIR.PSGR,1978,13058400.0
Mozambique,MOZ,"Air transport, passengers carried",IS.AIR.PSGR,1978,266400.0
Mauritania,MRT,"Air transport, passengers carried",IS.AIR.PSGR,1978,117200.0
Mauritius,MUS,"Air transport, passengers carried",IS.AIR.PSGR,1978,55000.0
Malawi,MWI,"Air transport, passengers carried",IS.AIR.PSGR,1978,106400.0
Malaysia,MYS,"Air transport, passengers carried",IS.AIR.PSGR,1978,3096000.0
North America,NAC,"Air transport, passengers carried",IS.AIR.PSGR,1978,291497504.0
Niger,NER,"Air transport, passengers carried",IS.AIR.PSGR,1978,94200.0
Nigeria,NGA,"Air transport, passengers carried",IS.AIR.PSGR,1978,1441000.0
Nicaragua,NIC,"Air transport, passengers carried",IS.AIR.PSGR,1978,110000.0
Netherlands,NLD,"Air transport, passengers carried",IS.AIR.PSGR,1978,4718300.0
Norway,NOR,"Air transport, passengers carried",IS.AIR.PSGR,1978,4487400.0
Nepal,NPL,"Air transport, passengers carried",IS.AIR.PSGR,1978,270000.0
New Zealand,NZL,"Air transport, passengers carried",IS.AIR.PSGR,1978,3399500.0
OECD members,OED,"Air transport, passengers carried",IS.AIR.PSGR,1978,487082104.0
Oman,OMN,"Air transport, passengers carried",IS.AIR.PSGR,1978,374500.0
Pakistan,PAK,"Air transport, passengers carried",IS.AIR.PSGR,1978,2656300.0
Panama,PAN,"Air transport, passengers carried",IS.AIR.PSGR,1978,365700.0
Peru,PER,"Air transport, passengers carried",IS.AIR.PSGR,1978,1449000.0
Philippines,PHL,"Air transport, passengers carried",IS.AIR.PSGR,1978,3411600.0
Papua New Guinea,PNG,"Air transport, passengers carried",IS.AIR.PSGR,1978,532300.0
Poland,POL,"Air transport, passengers carried",IS.AIR.PSGR,1978,1702300.0
Pre-demographic dividend,PRE,"Air transport, passengers carried",IS.AIR.PSGR,1978,6456000.0
"Korea, Dem. People's Rep.",PRK,"Air transport, passengers carried",IS.AIR.PSGR,1978,166000.0
Portugal,PRT,"Air transport, passengers carried",IS.AIR.PSGR,1978,2014400.0
Paraguay,PRY,"Air transport, passengers carried",IS.AIR.PSGR,1978,111700.0
Post-demographic dividend,PST,"Air transport, passengers carried",IS.AIR.PSGR,1978,469681004.0
Qatar,QAT,"Air transport, passengers carried",IS.AIR.PSGR,1978,374500.0
Romania,ROU,"Air transport, passengers carried",IS.AIR.PSGR,1978,1084600.0
South Asia,SAS,"Air transport, passengers carried",IS.AIR.PSGR,1978,9790500.0
Saudi Arabia,SAU,"Air transport, passengers carried",IS.AIR.PSGR,1978,6268100.0
Sudan,SDN,"Air transport, passengers carried",IS.AIR.PSGR,1978,176000.0
Senegal,SEN,"Air transport, passengers carried",IS.AIR.PSGR,1978,137200.0
Singapore,SGP,"Air transport, passengers carried",IS.AIR.PSGR,1978,2893200.0
Sierra Leone,SLE,"Air transport, passengers carried",IS.AIR.PSGR,1978,28500.0
El Salvador,SLV,"Air transport, passengers carried",IS.AIR.PSGR,1978,225300.0
Somalia,SOM,"Air transport, passengers carried",IS.AIR.PSGR,1978,36000.0
Sub-Saharan Africa (excluding high income),SSA,"Air transport, passengers carried",IS.AIR.PSGR,1978,9727500.0
Sub-Saharan Africa,SSF,"Air transport, passengers carried",IS.AIR.PSGR,1978,9739500.0
Suriname,SUR,"Air transport, passengers carried",IS.AIR.PSGR,1978,120000.0
Sweden,SWE,"Air transport, passengers carried",IS.AIR.PSGR,1978,4360900.0
Eswatini,SWZ,"Air transport, passengers carried",IS.AIR.PSGR,1978,15500.0
Seychelles,SYC,"Air transport, passengers carried",IS.AIR.PSGR,1978,12000.0
Syrian Arab Republic,SYR,"Air transport, passengers carried",IS.AIR.PSGR,1978,494700.0
Chad,TCD,"Air transport, passengers carried",IS.AIR.PSGR,1978,90200.0
East Asia & Pacific (IDA & IBRD countries),TEA,"Air transport, passengers carried",IS.AIR.PSGR,1978,15501800.0
Togo,TGO,"Air transport, passengers carried",IS.AIR.PSGR,1978,55700.0
Thailand,THA,"Air transport, passengers carried",IS.AIR.PSGR,1978,1773800.0
Latin America & the Caribbean (IDA & IBRD countries),TLA,"Air transport, passengers carried",IS.AIR.PSGR,1978,40006700.0
Middle East & North Africa (IDA & IBRD countries),TMN,"Air transport, passengers carried",IS.AIR.PSGR,1978,13058400.0
South Asia (IDA & IBRD),TSA,"Air transport, passengers carried",IS.AIR.PSGR,1978,9790500.0
Sub-Saharan Africa (IDA & IBRD countries),TSS,"Air transport, passengers carried",IS.AIR.PSGR,1978,9739500.0
Trinidad and Tobago,TTO,"Air transport, passengers carried",IS.AIR.PSGR,1978,428100.0
Tunisia,TUN,"Air transport, passengers carried",IS.AIR.PSGR,1978,963000.0
Turkiye,TUR,"Air transport, passengers carried",IS.AIR.PSGR,1978,2221500.0
Tanzania,TZA,"Air transport, passengers carried",IS.AIR.PSGR,1978,192200.0
Upper middle income,UMC,"Air transport, passengers carried",IS.AIR.PSGR,1978,57459700.0
Uruguay,URY,"Air transport, passengers carried",IS.AIR.PSGR,1978,259700.0
United States,USA,"Air transport, passengers carried",IS.AIR.PSGR,1978,273025504.0
"Venezuela, RB",VEN,"Air transport, passengers carried",IS.AIR.PSGR,1978,4042700.0
World,WLD,"Air transport, passengers carried",IS.AIR.PSGR,1978,576090004.0
"Yemen, Rep.",YEM,"Air transport, passengers carried",IS.AIR.PSGR,1978,295000.0
South Africa,ZAF,"Air transport, passengers carried",IS.AIR.PSGR,1978,3211200.0
Zambia,ZMB,"Air transport, passengers carried",IS.AIR.PSGR,1978,317100.0
Africa Eastern and Southern,AFE,"Air transport, passengers carried",IS.AIR.PSGR,1976,6040400.0
Afghanistan,AFG,"Air transport, passengers carried",IS.AIR.PSGR,1976,101700.0
Africa Western and Central,AFW,"Air transport, passengers carried",IS.AIR.PSGR,1976,2540000.0
Angola,AGO,"Air transport, passengers carried",IS.AIR.PSGR,1976,155400.0
Arab World,ARB,"Air transport, passengers carried",IS.AIR.PSGR,1976,13313000.0
United Arab Emirates,ARE,"Air transport, passengers carried",IS.AIR.PSGR,1976,240100.0
Argentina,ARG,"Air transport, passengers carried",IS.AIR.PSGR,1976,3293600.0
Australia,AUS,"Air transport, passengers carried",IS.AIR.PSGR,1976,10864300.0
Austria,AUT,"Air transport, passengers carried",IS.AIR.PSGR,1976,1060800.0
Burundi,BDI,"Air transport, passengers carried",IS.AIR.PSGR,1976,4000.0
Belgium,BEL,"Air transport, passengers carried",IS.AIR.PSGR,1976,1682000.0
Benin,BEN,"Air transport, passengers carried",IS.AIR.PSGR,1976,40400.0
Burkina Faso,BFA,"Air transport, passengers carried",IS.AIR.PSGR,1976,41900.0
Bangladesh,BGD,"Air transport, passengers carried",IS.AIR.PSGR,1976,453300.0
Bulgaria,BGR,"Air transport, passengers carried",IS.AIR.PSGR,1976,1370000.0
Bahrain,BHR,"Air transport, passengers carried",IS.AIR.PSGR,1976,240100.0
"Bahamas, The",BHS,"Air transport, passengers carried",IS.AIR.PSGR,1976,245000.0
Bolivia,BOL,"Air transport, passengers carried",IS.AIR.PSGR,1976,744700.0
Brazil,BRA,"Air transport, passengers carried",IS.AIR.PSGR,1976,8799000.0
Barbados,BRB,"Air transport, passengers carried",IS.AIR.PSGR,1976,33700.0
Central African Republic,CAF,"Air transport, passengers carried",IS.AIR.PSGR,1976,98400.0
Canada,CAN,"Air transport, passengers carried",IS.AIR.PSGR,1976,16833100.0
Central Europe and the Baltics,CEB,"Air transport, passengers carried",IS.AIR.PSGR,1976,5839000.0
Switzerland,CHE,"Air transport, passengers carried",IS.AIR.PSGR,1976,5084900.0
Chile,CHL,"Air transport, passengers carried",IS.AIR.PSGR,1976,489900.0
China,CHN,"Air transport, passengers carried",IS.AIR.PSGR,1976,1050000.0
Cote d'Ivoire,CIV,"Air transport, passengers carried",IS.AIR.PSGR,1976,113700.0
Cameroon,CMR,"Air transport, passengers carried",IS.AIR.PSGR,1976,296900.0
"Congo, Dem. Rep.",COD,"Air transport, passengers carried",IS.AIR.PSGR,1976,462800.0
"Congo, Rep.",COG,"Air transport, passengers carried",IS.AIR.PSGR,1976,77400.0
Colombia,COL,"Air transport, passengers carried",IS.AIR.PSGR,1976,3730000.0
Cabo Verde,CPV,"Air transport, passengers carried",IS.AIR.PSGR,1976,53000.0
Costa Rica,CRI,"Air transport, passengers carried",IS.AIR.PSGR,1976,390500.0
Caribbean small states,CSS,"Air transport, passengers carried",IS.AIR.PSGR,1976,354700.0
Cuba,CUB,"Air transport, passengers carried",IS.AIR.PSGR,1976,716600.0
Cyprus,CYP,"Air transport, passengers carried",IS.AIR.PSGR,1976,225300.0
Czechia,CZE,"Air transport, passengers carried",IS.AIR.PSGR,1976,1656800.0
Germany,DEU,"Air transport, passengers carried",IS.AIR.PSGR,1976,10418600.0
Denmark,DNK,"Air transport, passengers carried",IS.AIR.PSGR,1976,2795700.0
Dominican Republic,DOM,"Air transport, passengers carried",IS.AIR.PSGR,1976,359300.0
Algeria,DZA,"Air transport, passengers carried",IS.AIR.PSGR,1976,1681600.0
East Asia & Pacific (excluding high income),EAP,"Air transport, passengers carried",IS.AIR.PSGR,1976,12545500.0
Early-demographic dividend,EAR,"Air transport, passengers carried",IS.AIR.PSGR,1976,50085900.0
East Asia & Pacific,EAS,"Air transport, passengers carried",IS.AIR.PSGR,1976,60206300.0
Ecuador,ECU,"Air transport, passengers carried",IS.AIR.PSGR,1976,463300.0
"Egypt, Arab Rep.",EGY,"Air transport, passengers carried",IS.AIR.PSGR,1976,1112700.0
Euro area,EMU,"Air transport, passengers carried",IS.AIR.PSGR,1976,61089600.0
Spain,ESP,"Air transport, passengers carried",IS.AIR.PSGR,1976,11801100.0
Ethiopia,ETH,"Air transport, passengers carried",IS.AIR.PSGR,1976,288000.0
European Union,EUU,"Air transport, passengers carried",IS.AIR.PSGR,1976,73633200.0
Fragile and conflict affected situations,FCS,"Air transport, passengers carried",IS.AIR.PSGR,1976,9502900.0
Finland,FIN,"Air transport, passengers carried",IS.AIR.PSGR,1976,2040400.0
Fiji,FJI,"Air transport, passengers carried",IS.AIR.PSGR,1976,313000.0
France,FRA,"Air transport, passengers carried",IS.AIR.PSGR,1976,14301900.0
Gabon,GAB,"Air transport, passengers carried",IS.AIR.PSGR,1976,190400.0
United Kingdom,GBR,"Air transport, passengers carried",IS.AIR.PSGR,1976,19472900.0
Ghana,GHA,"Air transport, passengers carried",IS.AIR.PSGR,1976,233500.0
Guinea,GIN,"Air transport, passengers carried",IS.AIR.PSGR,1976,65000.0
Equatorial Guinea,GNQ,"Air transport, passengers carried",IS.AIR.PSGR,1976,11000.0
Greece,GRC,"Air transport, passengers carried",IS.AIR.PSGR,1976,3541000.0
Guatemala,GTM,"Air transport, passengers carried",IS.AIR.PSGR,1976,119000.0
Guyana,GUY,"Air transport, passengers carried",IS.AIR.PSGR,1976,26000.0
High income,HIC,"Air transport, passengers carried",IS.AIR.PSGR,1976,398613796.0
Honduras,HND,"Air transport, passengers carried",IS.AIR.PSGR,1976,288700.0
Heavily indebted poor countries (HIPC),HPC,"Air transport, passengers carried",IS.AIR.PSGR,1976,5101500.0
Haiti,HTI,"Air transport, passengers carried",IS.AIR.PSGR,1976,0.0
Hungary,HUN,"Air transport, passengers carried",IS.AIR.PSGR,1976,427200.0
IBRD only,IBD,"Air transport, passengers carried",IS.AIR.PSGR,1976,67689700.0
IDA & IBRD total,IBT,"Air transport, passengers carried",IS.AIR.PSGR,1976,78144400.0
IDA total,IDA,"Air transport, passengers carried",IS.AIR.PSGR,1976,10454700.0
IDA blend,IDB,"Air transport, passengers carried",IS.AIR.PSGR,1976,4357400.0
Indonesia,IDN,"Air transport, passengers carried",IS.AIR.PSGR,1976,3103200.0
IDA only,IDX,"Air transport, passengers carried",IS.AIR.PSGR,1976,6097300.0
India,IND,"Air transport, passengers carried",IS.AIR.PSGR,1976,4534000.0
Ireland,IRL,"Air transport, passengers carried",IS.AIR.PSGR,1976,1578100.0
"Iran, Islamic Rep.",IRN,"Air transport, passengers carried",IS.AIR.PSGR,1976,2499100.0
Iraq,IRQ,"Air transport, passengers carried",IS.AIR.PSGR,1976,568000.0
Iceland,ISL,"Air transport, passengers carried",IS.AIR.PSGR,1976,601500.0
Israel,ISR,"Air transport, passengers carried",IS.AIR.PSGR,1976,1299800.0
Italy,ITA,"Air transport, passengers carried",IS.AIR.PSGR,1976,8238100.0
Jamaica,JAM,"Air transport, passengers carried",IS.AIR.PSGR,1976,706500.0
Jordan,JOR,"Air transport, passengers carried",IS.AIR.PSGR,1976,475500.0
Japan,JPN,"Air transport, passengers carried",IS.AIR.PSGR,1976,29566000.0
Kenya,KEN,"Air transport, passengers carried",IS.AIR.PSGR,1976,449600.0
Cambodia,KHM,"Air transport, passengers carried",IS.AIR.PSGR,1976,112500.0
"Korea, Rep.",KOR,"Air transport, passengers carried",IS.AIR.PSGR,1976,2075200.0
Kuwait,KWT,"Air transport, passengers carried",IS.AIR.PSGR,1976,737000.0
Latin America & Caribbean (excluding high income),LAC,"Air transport, passengers carried",IS.AIR.PSGR,1976,29101600.0
Lao PDR,LAO,"Air transport, passengers carried",IS.AIR.PSGR,1976,45000.0
Lebanon,LBN,"Air transport, passengers carried",IS.AIR.PSGR,1976,1050000.0
Liberia,LBR,"Air transport, passengers carried",IS.AIR.PSGR,1976,26000.0
Libya,LBY,"Air transport, passengers carried",IS.AIR.PSGR,1976,669900.0
Latin America & Caribbean,LCN,"Air transport, passengers carried",IS.AIR.PSGR,1976,33989400.0
Least developed countries: UN classification,LDC,"Air transport, passengers carried",IS.AIR.PSGR,1976,4915900.0
Low income,LIC,"Air transport, passengers carried",IS.AIR.PSGR,1976,3055300.0
Sri Lanka,LKA,"Air transport, passengers carried",IS.AIR.PSGR,1976,127700.0
Lower middle income,LMC,"Air transport, passengers carried",IS.AIR.PSGR,1976,19556600.0
Low & middle income,LMY,"Air transport, passengers carried",IS.AIR.PSGR,1976,70451200.0
Lesotho,LSO,"Air transport, passengers carried",IS.AIR.PSGR,1976,11000.0
Late-demographic dividend,LTE,"Air transport, passengers carried",IS.AIR.PSGR,1976,30153500.0
Luxembourg,LUX,"Air transport, passengers carried",IS.AIR.PSGR,1976,250000.0
Morocco,MAR,"Air transport, passengers carried",IS.AIR.PSGR,1976,808900.0
Madagascar,MDG,"Air transport, passengers carried",IS.AIR.PSGR,1976,262000.0
Maldives,MDV,"Air transport, passengers carried",IS.AIR.PSGR,1976,10000.0
Middle East & North Africa,MEA,"Air transport, passengers carried",IS.AIR.PSGR,1976,16872300.0
Mexico,MEX,"Air transport, passengers carried",IS.AIR.PSGR,1976,7675700.0
Middle income,MIC,"Air transport, passengers carried",IS.AIR.PSGR,1976,67395900.0
Mali,MLI,"Air transport, passengers carried",IS.AIR.PSGR,1976,59400.0
Malta,MLT,"Air transport, passengers carried",IS.AIR.PSGR,1976,221100.0
Myanmar,MMR,"Air transport, passengers carried",IS.AIR.PSGR,1976,396000.0
Middle East & North Africa (excluding high income),MNA,"Air transport, passengers carried",IS.AIR.PSGR,1976,10386000.0
Mozambique,MOZ,"Air transport, passengers carried",IS.AIR.PSGR,1976,248900.0
Mauritania,MRT,"Air transport, passengers carried",IS.AIR.PSGR,1976,94400.0
Mauritius,MUS,"Air transport, passengers carried",IS.AIR.PSGR,1976,33000.0
Malawi,MWI,"Air transport, passengers carried",IS.AIR.PSGR,1976,93700.0
Malaysia,MYS,"Air transport, passengers carried",IS.AIR.PSGR,1976,2671000.0
North America,NAC,"Air transport, passengers carried",IS.AIR.PSGR,1976,239850396.0
Niger,NER,"Air transport, passengers carried",IS.AIR.PSGR,1976,75400.0
Nigeria,NGA,"Air transport, passengers carried",IS.AIR.PSGR,1976,800800.0
Nicaragua,NIC,"Air transport, passengers carried",IS.AIR.PSGR,1976,89000.0
Netherlands,NLD,"Air transport, passengers carried",IS.AIR.PSGR,1976,4080900.0
Norway,NOR,"Air transport, passengers carried",IS.AIR.PSGR,1976,3853500.0
Nepal,NPL,"Air transport, passengers carried",IS.AIR.PSGR,1976,248300.0
New Zealand,NZL,"Air transport, passengers carried",IS.AIR.PSGR,1976,3023200.0
OECD members,OED,"Air transport, passengers carried",IS.AIR.PSGR,1976,401309296.0
Oman,OMN,"Air transport, passengers carried",IS.AIR.PSGR,1976,240100.0
Pakistan,PAK,"Air transport, passengers carried",IS.AIR.PSGR,1976,1947400.0
Panama,PAN,"Air transport, passengers carried",IS.AIR.PSGR,1976,374100.0
Peru,PER,"Air transport, passengers carried",IS.AIR.PSGR,1976,1439200.0
Philippines,PHL,"Air transport, passengers carried",IS.AIR.PSGR,1976,2815700.0
Papua New Guinea,PNG,"Air transport, passengers carried",IS.AIR.PSGR,1976,405300.0
Poland,POL,"Air transport, passengers carried",IS.AIR.PSGR,1976,1472400.0
Pre-demographic dividend,PRE,"Air transport, passengers carried",IS.AIR.PSGR,1976,5416400.0
Portugal,PRT,"Air transport, passengers carried",IS.AIR.PSGR,1976,1650300.0
Paraguay,PRY,"Air transport, passengers carried",IS.AIR.PSGR,1976,66500.0
Post-demographic dividend,PST,"Air transport, passengers carried",IS.AIR.PSGR,1976,386117596.0
Qatar,QAT,"Air transport, passengers carried",IS.AIR.PSGR,1976,240100.0
Romania,ROU,"Air transport, passengers carried",IS.AIR.PSGR,1976,912600.0
South Asia,SAS,"Air transport, passengers carried",IS.AIR.PSGR,1976,7422400.0
Saudi Arabia,SAU,"Air transport, passengers carried",IS.AIR.PSGR,1976,3268000.0
Sudan,SDN,"Air transport, passengers carried",IS.AIR.PSGR,1976,328300.0
Senegal,SEN,"Air transport, passengers carried",IS.AIR.PSGR,1976,120400.0
Singapore,SGP,"Air transport, passengers carried",IS.AIR.PSGR,1976,2132100.0
Sierra Leone,SLE,"Air transport, passengers carried",IS.AIR.PSGR,1976,26000.0
El Salvador,SLV,"Air transport, passengers carried",IS.AIR.PSGR,1976,170000.0
Somalia,SOM,"Air transport, passengers carried",IS.AIR.PSGR,1976,38000.0
Sub-Saharan Africa (excluding high income),SSA,"Air transport, passengers carried",IS.AIR.PSGR,1976,8568400.0
Sub-Saharan Africa,SSF,"Air transport, passengers carried",IS.AIR.PSGR,1976,8580400.0
Suriname,SUR,"Air transport, passengers carried",IS.AIR.PSGR,1976,50000.0
Sweden,SWE,"Air transport, passengers carried",IS.AIR.PSGR,1976,3908900.0
Eswatini,SWZ,"Air transport, passengers carried",IS.AIR.PSGR,1976,14000.0
Seychelles,SYC,"Air transport, passengers carried",IS.AIR.PSGR,1976,12000.0
Syrian Arab Republic,SYR,"Air transport, passengers carried",IS.AIR.PSGR,1976,448200.0
Chad,TCD,"Air transport, passengers carried",IS.AIR.PSGR,1976,72400.0
East Asia & Pacific (IDA & IBRD countries),TEA,"Air transport, passengers carried",IS.AIR.PSGR,1976,12545500.0
Togo,TGO,"Air transport, passengers carried",IS.AIR.PSGR,1976,43600.0
Thailand,THA,"Air transport, passengers carried",IS.AIR.PSGR,1976,1633800.0
Latin America & the Caribbean (IDA & IBRD countries),TLA,"Air transport, passengers carried",IS.AIR.PSGR,1976,33027800.0
Middle East & North Africa (IDA & IBRD countries),TMN,"Air transport, passengers carried",IS.AIR.PSGR,1976,10386000.0
South Asia (IDA & IBRD),TSA,"Air transport, passengers carried",IS.AIR.PSGR,1976,7422400.0
Sub-Saharan Africa (IDA & IBRD countries),TSS,"Air transport, passengers carried",IS.AIR.PSGR,1976,8580400.0
Trinidad and Tobago,TTO,"Air transport, passengers carried",IS.AIR.PSGR,1976,683800.0
Tunisia,TUN,"Air transport, passengers carried",IS.AIR.PSGR,1976,809300.0
Turkiye,TUR,"Air transport, passengers carried",IS.AIR.PSGR,1976,2427300.0
Tanzania,TZA,"Air transport, passengers carried",IS.AIR.PSGR,1976,310300.0
Uganda,UGA,"Air transport, passengers carried",IS.AIR.PSGR,1976,73800.0
Upper middle income,UMC,"Air transport, passengers carried",IS.AIR.PSGR,1976,47839300.0
Uruguay,URY,"Air transport, passengers carried",IS.AIR.PSGR,1976,326900.0
United States,USA,"Air transport, passengers carried",IS.AIR.PSGR,1976,223017296.0
"Venezuela, RB",VEN,"Air transport, passengers carried",IS.AIR.PSGR,1976,2708400.0
World,WLD,"Air transport, passengers carried",IS.AIR.PSGR,1976,471773396.0
"Yemen, Rep.",YEM,"Air transport, passengers carried",IS.AIR.PSGR,1976,262800.0
South Africa,ZAF,"Air transport, passengers carried",IS.AIR.PSGR,1976,2998800.0
Zambia,ZMB,"Air transport, passengers carried",IS.AIR.PSGR,1976,256800.0
Africa Eastern and Southern,AFE,"Air transport, passengers carried",IS.AIR.PSGR,1977,5798900.0
Afghanistan,AFG,"Air transport, passengers carried",IS.AIR.PSGR,1977,111200.0
Africa Western and Central,AFW,"Air transport, passengers carried",IS.AIR.PSGR,1977,2962100.0
Angola,AGO,"Air transport, passengers carried",IS.AIR.PSGR,1977,282700.0
Arab World,ARB,"Air transport, passengers carried",IS.AIR.PSGR,1977,16062400.0
United Arab Emirates,ARE,"Air transport, passengers carried",IS.AIR.PSGR,1977,299800.0
Argentina,ARG,"Air transport, passengers carried",IS.AIR.PSGR,1977,3884100.0
Australia,AUS,"Air transport, passengers carried",IS.AIR.PSGR,1977,11306500.0
Austria,AUT,"Air transport, passengers carried",IS.AIR.PSGR,1977,1136600.0
Burundi,BDI,"Air transport, passengers carried",IS.AIR.PSGR,1977,4500.0
Belgium,BEL,"Air transport, passengers carried",IS.AIR.PSGR,1977,1839400.0
Benin,BEN,"Air transport, passengers carried",IS.AIR.PSGR,1977,45400.0
Burkina Faso,BFA,"Air transport, passengers carried",IS.AIR.PSGR,1977,47200.0
Bangladesh,BGD,"Air transport, passengers carried",IS.AIR.PSGR,1977,470300.0
Bulgaria,BGR,"Air transport, passengers carried",IS.AIR.PSGR,1977,1400000.0
Bahrain,BHR,"Air transport, passengers carried",IS.AIR.PSGR,1977,299800.0
"Bahamas, The",BHS,"Air transport, passengers carried",IS.AIR.PSGR,1977,252000.0
Bolivia,BOL,"Air transport, passengers carried",IS.AIR.PSGR,1977,862300.0
Brazil,BRA,"Air transport, passengers carried",IS.AIR.PSGR,1977,9514400.0
Barbados,BRB,"Air transport, passengers carried",IS.AIR.PSGR,1977,42300.0
Central African Republic,CAF,"Air transport, passengers carried",IS.AIR.PSGR,1977,103400.0
Canada,CAN,"Air transport, passengers carried",IS.AIR.PSGR,1977,17466400.0
Central Europe and the Baltics,CEB,"Air transport, passengers carried",IS.AIR.PSGR,1977,6213400.0
Switzerland,CHE,"Air transport, passengers carried",IS.AIR.PSGR,1977,5437100.0
Chile,CHL,"Air transport, passengers carried",IS.AIR.PSGR,1977,589400.0
China,CHN,"Air transport, passengers carried",IS.AIR.PSGR,1977,1110000.0
Cote d'Ivoire,CIV,"Air transport, passengers carried",IS.AIR.PSGR,1977,120400.0
Cameroon,CMR,"Air transport, passengers carried",IS.AIR.PSGR,1977,346700.0
"Congo, Dem. Rep.",COD,"Air transport, passengers carried",IS.AIR.PSGR,1977,488100.0
"Congo, Rep.",COG,"Air transport, passengers carried",IS.AIR.PSGR,1977,85400.0
Colombia,COL,"Air transport, passengers carried",IS.AIR.PSGR,1977,4117300.0
Cabo Verde,CPV,"Air transport, passengers carried",IS.AIR.PSGR,1977,55000.0
Costa Rica,CRI,"Air transport, passengers carried",IS.AIR.PSGR,1977,326800.0
Caribbean small states,CSS,"Air transport, passengers carried",IS.AIR.PSGR,1977,374300.0
Cuba,CUB,"Air transport, passengers carried",IS.AIR.PSGR,1977,634800.0
Cyprus,CYP,"Air transport, passengers carried",IS.AIR.PSGR,1977,266300.0
Czechia,CZE,"Air transport, passengers carried",IS.AIR.PSGR,1977,1538100.0
Germany,DEU,"Air transport, passengers carried",IS.AIR.PSGR,1977,10907500.0
Denmark,DNK,"Air transport, passengers carried",IS.AIR.PSGR,1977,2946800.0
Dominican Republic,DOM,"Air transport, passengers carried",IS.AIR.PSGR,1977,424800.0
Algeria,DZA,"Air transport, passengers carried",IS.AIR.PSGR,1977,1997100.0
East Asia & Pacific (excluding high income),EAP,"Air transport, passengers carried",IS.AIR.PSGR,1977,13571100.0
Early-demographic dividend,EAR,"Air transport, passengers carried",IS.AIR.PSGR,1977,57485600.0
East Asia & Pacific,EAS,"Air transport, passengers carried",IS.AIR.PSGR,1977,69217300.0
Ecuador,ECU,"Air transport, passengers carried",IS.AIR.PSGR,1977,528600.0
"Egypt, Arab Rep.",EGY,"Air transport, passengers carried",IS.AIR.PSGR,1977,1282400.0
Euro area,EMU,"Air transport, passengers carried",IS.AIR.PSGR,1977,66529900.0
Spain,ESP,"Air transport, passengers carried",IS.AIR.PSGR,1977,13328200.0
Ethiopia,ETH,"Air transport, passengers carried",IS.AIR.PSGR,1977,226100.0
European Union,EUU,"Air transport, passengers carried",IS.AIR.PSGR,1977,79541900.0
Fragile and conflict affected situations,FCS,"Air transport, passengers carried",IS.AIR.PSGR,1977,10807400.0
Finland,FIN,"Air transport, passengers carried",IS.AIR.PSGR,1977,1836300.0
Fiji,FJI,"Air transport, passengers carried",IS.AIR.PSGR,1977,305000.0
France,FRA,"Air transport, passengers carried",IS.AIR.PSGR,1977,15431300.0
Gabon,GAB,"Air transport, passengers carried",IS.AIR.PSGR,1977,176700.0
United Kingdom,GBR,"Air transport, passengers carried",IS.AIR.PSGR,1977,19484500.0
Ghana,GHA,"Air transport, passengers carried",IS.AIR.PSGR,1977,248800.0
Guinea,GIN,"Air transport, passengers carried",IS.AIR.PSGR,1977,66000.0
Equatorial Guinea,GNQ,"Air transport, passengers carried",IS.AIR.PSGR,1977,12000.0
Greece,GRC,"Air transport, passengers carried",IS.AIR.PSGR,1977,3883900.0
Guatemala,GTM,"Air transport, passengers carried",IS.AIR.PSGR,1977,137800.0
Guyana,GUY,"Air transport, passengers carried",IS.AIR.PSGR,1977,27000.0
High income,HIC,"Air transport, passengers carried",IS.AIR.PSGR,1977,432883392.0
Honduras,HND,"Air transport, passengers carried",IS.AIR.PSGR,1977,324400.0
Heavily indebted poor countries (HIPC),HPC,"Air transport, passengers carried",IS.AIR.PSGR,1977,5193400.0
Haiti,HTI,"Air transport, passengers carried",IS.AIR.PSGR,1977,0.0
Hungary,HUN,"Air transport, passengers carried",IS.AIR.PSGR,1977,555000.0
IBRD only,IBD,"Air transport, passengers carried",IS.AIR.PSGR,1977,74659100.0
IDA & IBRD total,IBT,"Air transport, passengers carried",IS.AIR.PSGR,1977,85608500.0
IDA total,IDA,"Air transport, passengers carried",IS.AIR.PSGR,1977,10949400.0
IDA blend,IDB,"Air transport, passengers carried",IS.AIR.PSGR,1977,4882000.0
Indonesia,IDN,"Air transport, passengers carried",IS.AIR.PSGR,1977,3781300.0
IDA only,IDX,"Air transport, passengers carried",IS.AIR.PSGR,1977,6067400.0
India,IND,"Air transport, passengers carried",IS.AIR.PSGR,1977,5147500.0
Ireland,IRL,"Air transport, passengers carried",IS.AIR.PSGR,1977,1675600.0
"Iran, Islamic Rep.",IRN,"Air transport, passengers carried",IS.AIR.PSGR,1977,3005400.0
Iraq,IRQ,"Air transport, passengers carried",IS.AIR.PSGR,1977,672400.0
Iceland,ISL,"Air transport, passengers carried",IS.AIR.PSGR,1977,645000.0
Israel,ISR,"Air transport, passengers carried",IS.AIR.PSGR,1977,1454100.0
Italy,ITA,"Air transport, passengers carried",IS.AIR.PSGR,1977,9424100.0
Jamaica,JAM,"Air transport, passengers carried",IS.AIR.PSGR,1977,601800.0
Jordan,JOR,"Air transport, passengers carried",IS.AIR.PSGR,1977,557300.0
Japan,JPN,"Air transport, passengers carried",IS.AIR.PSGR,1977,36177400.0
Kenya,KEN,"Air transport, passengers carried",IS.AIR.PSGR,1977,237300.0
Cambodia,KHM,"Air transport, passengers carried",IS.AIR.PSGR,1977,112500.0
"Korea, Rep.",KOR,"Air transport, passengers carried",IS.AIR.PSGR,1977,2466500.0
Kuwait,KWT,"Air transport, passengers carried",IS.AIR.PSGR,1977,812300.0
Latin America & Caribbean (excluding high income),LAC,"Air transport, passengers carried",IS.AIR.PSGR,1977,31498500.0
Lao PDR,LAO,"Air transport, passengers carried",IS.AIR.PSGR,1977,30000.0
Lebanon,LBN,"Air transport, passengers carried",IS.AIR.PSGR,1977,928500.0
Liberia,LBR,"Air transport, passengers carried",IS.AIR.PSGR,1977,27000.0
Libya,LBY,"Air transport, passengers carried",IS.AIR.PSGR,1977,801900.0
Latin America & Caribbean,LCN,"Air transport, passengers carried",IS.AIR.PSGR,1977,37141200.0
Least developed countries: UN classification,LDC,"Air transport, passengers carried",IS.AIR.PSGR,1977,4914900.0
Low income,LIC,"Air transport, passengers carried",IS.AIR.PSGR,1977,3188700.0
Sri Lanka,LKA,"Air transport, passengers carried",IS.AIR.PSGR,1977,181000.0
Lower middle income,LMC,"Air transport, passengers carried",IS.AIR.PSGR,1977,21565200.0
Low & middle income,LMY,"Air transport, passengers carried",IS.AIR.PSGR,1977,76885300.0
Lesotho,LSO,"Air transport, passengers carried",IS.AIR.PSGR,1977,11000.0
Late-demographic dividend,LTE,"Air transport, passengers carried",IS.AIR.PSGR,1977,32162100.0
Luxembourg,LUX,"Air transport, passengers carried",IS.AIR.PSGR,1977,260000.0
Morocco,MAR,"Air transport, passengers carried",IS.AIR.PSGR,1977,1047200.0
Madagascar,MDG,"Air transport, passengers carried",IS.AIR.PSGR,1977,292200.0
Maldives,MDV,"Air transport, passengers carried",IS.AIR.PSGR,1977,13000.0
Middle East & North Africa,MEA,"Air transport, passengers carried",IS.AIR.PSGR,1977,20259300.0
Mexico,MEX,"Air transport, passengers carried",IS.AIR.PSGR,1977,8238200.0
Middle income,MIC,"Air transport, passengers carried",IS.AIR.PSGR,1977,73696600.0
Mali,MLI,"Air transport, passengers carried",IS.AIR.PSGR,1977,61400.0
Malta,MLT,"Air transport, passengers carried",IS.AIR.PSGR,1977,255300.0
Myanmar,MMR,"Air transport, passengers carried",IS.AIR.PSGR,1977,410000.0
Middle East & North Africa (excluding high income),MNA,"Air transport, passengers carried",IS.AIR.PSGR,1977,11833300.0
Mozambique,MOZ,"Air transport, passengers carried",IS.AIR.PSGR,1977,225200.0
Mauritania,MRT,"Air transport, passengers carried",IS.AIR.PSGR,1977,105400.0
Mauritius,MUS,"Air transport, passengers carried",IS.AIR.PSGR,1977,30100.0
Malawi,MWI,"Air transport, passengers carried",IS.AIR.PSGR,1977,100300.0
Malaysia,MYS,"Air transport, passengers carried",IS.AIR.PSGR,1977,2864700.0
North America,NAC,"Air transport, passengers carried",IS.AIR.PSGR,1977,257611392.0
Niger,NER,"Air transport, passengers carried",IS.AIR.PSGR,1977,83400.0
Nigeria,NGA,"Air transport, passengers carried",IS.AIR.PSGR,1977,1093900.0
Nicaragua,NIC,"Air transport, passengers carried",IS.AIR.PSGR,1977,110000.0
Netherlands,NLD,"Air transport, passengers carried",IS.AIR.PSGR,1977,4452000.0
Norway,NOR,"Air transport, passengers carried",IS.AIR.PSGR,1977,4192500.0
Nepal,NPL,"Air transport, passengers carried",IS.AIR.PSGR,1977,255000.0
New Zealand,NZL,"Air transport, passengers carried",IS.AIR.PSGR,1977,3198500.0
OECD members,OED,"Air transport, passengers carried",IS.AIR.PSGR,1977,434540092.0
Oman,OMN,"Air transport, passengers carried",IS.AIR.PSGR,1977,299800.0
Pakistan,PAK,"Air transport, passengers carried",IS.AIR.PSGR,1977,2303700.0
Panama,PAN,"Air transport, passengers carried",IS.AIR.PSGR,1977,347400.0
Peru,PER,"Air transport, passengers carried",IS.AIR.PSGR,1977,1425000.0
Philippines,PHL,"Air transport, passengers carried",IS.AIR.PSGR,1977,3021100.0
Papua New Guinea,PNG,"Air transport, passengers carried",IS.AIR.PSGR,1977,440000.0
Poland,POL,"Air transport, passengers carried",IS.AIR.PSGR,1977,1643200.0
Pre-demographic dividend,PRE,"Air transport, passengers carried",IS.AIR.PSGR,1977,5693100.0
"Korea, Dem. People's Rep.",PRK,"Air transport, passengers carried",IS.AIR.PSGR,1977,165000.0
Portugal,PRT,"Air transport, passengers carried",IS.AIR.PSGR,1977,1833400.0
Paraguay,PRY,"Air transport, passengers carried",IS.AIR.PSGR,1977,104600.0
Post-demographic dividend,PST,"Air transport, passengers carried",IS.AIR.PSGR,1977,417928492.0
Qatar,QAT,"Air transport, passengers carried",IS.AIR.PSGR,1977,299800.0
Romania,ROU,"Air transport, passengers carried",IS.AIR.PSGR,1977,1077100.0
South Asia,SAS,"Air transport, passengers carried",IS.AIR.PSGR,1977,8481700.0
Saudi Arabia,SAU,"Air transport, passengers carried",IS.AIR.PSGR,1977,4705100.0
Sudan,SDN,"Air transport, passengers carried",IS.AIR.PSGR,1977,378500.0
Senegal,SEN,"Air transport, passengers carried",IS.AIR.PSGR,1977,128400.0
Singapore,SGP,"Air transport, passengers carried",IS.AIR.PSGR,1977,2497300.0
Sierra Leone,SLE,"Air transport, passengers carried",IS.AIR.PSGR,1977,27300.0
El Salvador,SLV,"Air transport, passengers carried",IS.AIR.PSGR,1977,210600.0
Somalia,SOM,"Air transport, passengers carried",IS.AIR.PSGR,1977,34000.0
Sub-Saharan Africa (excluding high income),SSA,"Air transport, passengers carried",IS.AIR.PSGR,1977,8749000.0
Sub-Saharan Africa,SSF,"Air transport, passengers carried",IS.AIR.PSGR,1977,8761000.0
Suriname,SUR,"Air transport, passengers carried",IS.AIR.PSGR,1977,53000.0
Sweden,SWE,"Air transport, passengers carried",IS.AIR.PSGR,1977,3851800.0
Eswatini,SWZ,"Air transport, passengers carried",IS.AIR.PSGR,1977,15000.0
Seychelles,SYC,"Air transport, passengers carried",IS.AIR.PSGR,1977,12000.0
Syrian Arab Republic,SYR,"Air transport, passengers carried",IS.AIR.PSGR,1977,410600.0
Chad,TCD,"Air transport, passengers carried",IS.AIR.PSGR,1977,79400.0
East Asia & Pacific (IDA & IBRD countries),TEA,"Air transport, passengers carried",IS.AIR.PSGR,1977,13406100.0
Togo,TGO,"Air transport, passengers carried",IS.AIR.PSGR,1977,48900.0
Thailand,THA,"Air transport, passengers carried",IS.AIR.PSGR,1977,1331500.0
Latin America & the Caribbean (IDA & IBRD countries),TLA,"Air transport, passengers carried",IS.AIR.PSGR,1977,36254400.0
Middle East & North Africa (IDA & IBRD countries),TMN,"Air transport, passengers carried",IS.AIR.PSGR,1977,11833300.0
South Asia (IDA & IBRD),TSA,"Air transport, passengers carried",IS.AIR.PSGR,1977,8481700.0
Sub-Saharan Africa (IDA & IBRD countries),TSS,"Air transport, passengers carried",IS.AIR.PSGR,1977,8761000.0
Trinidad and Tobago,TTO,"Air transport, passengers carried",IS.AIR.PSGR,1977,591100.0
Tunisia,TUN,"Air transport, passengers carried",IS.AIR.PSGR,1977,855500.0
Turkiye,TUR,"Air transport, passengers carried",IS.AIR.PSGR,1977,2751700.0
Tanzania,TZA,"Air transport, passengers carried",IS.AIR.PSGR,1977,85700.0
Upper middle income,UMC,"Air transport, passengers carried",IS.AIR.PSGR,1977,52131400.0
Uruguay,URY,"Air transport, passengers carried",IS.AIR.PSGR,1977,292900.0
United States,USA,"Air transport, passengers carried",IS.AIR.PSGR,1977,240144992.0
"Venezuela, RB",VEN,"Air transport, passengers carried",IS.AIR.PSGR,1977,3500600.0
World,WLD,"Air transport, passengers carried",IS.AIR.PSGR,1977,513269292.0
"Yemen, Rep.",YEM,"Air transport, passengers carried",IS.AIR.PSGR,1977,275000.0
South Africa,ZAF,"Air transport, passengers carried",IS.AIR.PSGR,1977,3076800.0
Zambia,ZMB,"Air transport, passengers carried",IS.AIR.PSGR,1977,299400.0
Africa Eastern and Southern,AFE,"Air transport, passengers carried",IS.AIR.PSGR,1975,5333100.0
Afghanistan,AFG,"Air transport, passengers carried",IS.AIR.PSGR,1975,99000.0
Africa Western and Central,AFW,"Air transport, passengers carried",IS.AIR.PSGR,1975,1987500.0
Arab World,ARB,"Air transport, passengers carried",IS.AIR.PSGR,1975,10178000.0
United Arab Emirates,ARE,"Air transport, passengers carried",IS.AIR.PSGR,1975,173000.0
Argentina,ARG,"Air transport, passengers carried",IS.AIR.PSGR,1975,3299200.0
Australia,AUS,"Air transport, passengers carried",IS.AIR.PSGR,1975,11055100.0
Austria,AUT,"Air transport, passengers carried",IS.AIR.PSGR,1975,912100.0
Belgium,BEL,"Air transport, passengers carried",IS.AIR.PSGR,1975,1585200.0
Benin,BEN,"Air transport, passengers carried",IS.AIR.PSGR,1975,35000.0
Burkina Faso,BFA,"Air transport, passengers carried",IS.AIR.PSGR,1975,36200.0
Bangladesh,BGD,"Air transport, passengers carried",IS.AIR.PSGR,1975,490500.0
Bulgaria,BGR,"Air transport, passengers carried",IS.AIR.PSGR,1975,1150000.0
Bahrain,BHR,"Air transport, passengers carried",IS.AIR.PSGR,1975,173000.0
"Bahamas, The",BHS,"Air transport, passengers carried",IS.AIR.PSGR,1975,232000.0
Bolivia,BOL,"Air transport, passengers carried",IS.AIR.PSGR,1975,652500.0
Brazil,BRA,"Air transport, passengers carried",IS.AIR.PSGR,1975,7772900.0
Barbados,BRB,"Air transport, passengers carried",IS.AIR.PSGR,1975,32600.0
Central African Republic,CAF,"Air transport, passengers carried",IS.AIR.PSGR,1975,88000.0
Canada,CAN,"Air transport, passengers carried",IS.AIR.PSGR,1975,16712900.0
Central Europe and the Baltics,CEB,"Air transport, passengers carried",IS.AIR.PSGR,1975,5252700.0
Switzerland,CHE,"Air transport, passengers carried",IS.AIR.PSGR,1975,4691800.0
Chile,CHL,"Air transport, passengers carried",IS.AIR.PSGR,1975,509700.0
China,CHN,"Air transport, passengers carried",IS.AIR.PSGR,1975,1000000.0
Cote d'Ivoire,CIV,"Air transport, passengers carried",IS.AIR.PSGR,1975,95000.0
Cameroon,CMR,"Air transport, passengers carried",IS.AIR.PSGR,1975,239000.0
"Congo, Dem. Rep.",COD,"Air transport, passengers carried",IS.AIR.PSGR,1975,445000.0
"Congo, Rep.",COG,"Air transport, passengers carried",IS.AIR.PSGR,1975,69000.0
Colombia,COL,"Air transport, passengers carried",IS.AIR.PSGR,1975,3376100.0
Costa Rica,CRI,"Air transport, passengers carried",IS.AIR.PSGR,1975,371800.0
Cuba,CUB,"Air transport, passengers carried",IS.AIR.PSGR,1975,711100.0
Cyprus,CYP,"Air transport, passengers carried",IS.AIR.PSGR,1975,135800.0
Czechia,CZE,"Air transport, passengers carried",IS.AIR.PSGR,1975,1621000.0
Germany,DEU,"Air transport, passengers carried",IS.AIR.PSGR,1975,9369200.0
Denmark,DNK,"Air transport, passengers carried",IS.AIR.PSGR,1975,2518100.0
Dominican Republic,DOM,"Air transport, passengers carried",IS.AIR.PSGR,1975,302100.0
Algeria,DZA,"Air transport, passengers carried",IS.AIR.PSGR,1975,1618000.0
East Asia & Pacific (excluding high income),EAP,"Air transport, passengers carried",IS.AIR.PSGR,1975,11774800.0
Early-demographic dividend,EAR,"Air transport, passengers carried",IS.AIR.PSGR,1975,42393800.0
East Asia & Pacific,EAS,"Air transport, passengers carried",IS.AIR.PSGR,1975,57020100.0
Ecuador,ECU,"Air transport, passengers carried",IS.AIR.PSGR,1975,448100.0
"Egypt, Arab Rep.",EGY,"Air transport, passengers carried",IS.AIR.PSGR,1975,916900.0
Euro area,EMU,"Air transport, passengers carried",IS.AIR.PSGR,1975,56735600.0
Spain,ESP,"Air transport, passengers carried",IS.AIR.PSGR,1975,10959100.0
Ethiopia,ETH,"Air transport, passengers carried",IS.AIR.PSGR,1975,244300.0
European Union,EUU,"Air transport, passengers carried",IS.AIR.PSGR,1975,67971100.0
Fragile and conflict affected situations,FCS,"Air transport, passengers carried",IS.AIR.PSGR,1975,7788200.0
Finland,FIN,"Air transport, passengers carried",IS.AIR.PSGR,1975,2048300.0
Fiji,FJI,"Air transport, passengers carried",IS.AIR.PSGR,1975,300000.0
France,FRA,"Air transport, passengers carried",IS.AIR.PSGR,1975,13112800.0
Gabon,GAB,"Air transport, passengers carried",IS.AIR.PSGR,1975,139700.0
United Kingdom,GBR,"Air transport, passengers carried",IS.AIR.PSGR,1975,18074900.0
Ghana,GHA,"Air transport, passengers carried",IS.AIR.PSGR,1975,153800.0
Guinea,GIN,"Air transport, passengers carried",IS.AIR.PSGR,1975,65000.0
Equatorial Guinea,GNQ,"Air transport, passengers carried",IS.AIR.PSGR,1975,10500.0
Greece,GRC,"Air transport, passengers carried",IS.AIR.PSGR,1975,2832600.0
Guatemala,GTM,"Air transport, passengers carried",IS.AIR.PSGR,1975,113500.0
Guyana,GUY,"Air transport, passengers carried",IS.AIR.PSGR,1975,24000.0
High income,HIC,"Air transport, passengers carried",IS.AIR.PSGR,1975,368007200.0
Honduras,HND,"Air transport, passengers carried",IS.AIR.PSGR,1975,298600.0
Heavily indebted poor countries (HIPC),HPC,"Air transport, passengers carried",IS.AIR.PSGR,1975,4387200.0
Haiti,HTI,"Air transport, passengers carried",IS.AIR.PSGR,1975,0.0
Hungary,HUN,"Air transport, passengers carried",IS.AIR.PSGR,1975,414100.0
IBRD only,IBD,"Air transport, passengers carried",IS.AIR.PSGR,1975,59986400.0
IDA & IBRD total,IBT,"Air transport, passengers carried",IS.AIR.PSGR,1975,68627800.0
IDA total,IDA,"Air transport, passengers carried",IS.AIR.PSGR,1975,8641400.0
IDA blend,IDB,"Air transport, passengers carried",IS.AIR.PSGR,1975,3380700.0
Indonesia,IDN,"Air transport, passengers carried",IS.AIR.PSGR,1975,2527500.0
IDA only,IDX,"Air transport, passengers carried",IS.AIR.PSGR,1975,5260700.0
India,IND,"Air transport, passengers carried",IS.AIR.PSGR,1975,3839900.0
Ireland,IRL,"Air transport, passengers carried",IS.AIR.PSGR,1975,1475700.0
"Iran, Islamic Rep.",IRN,"Air transport, passengers carried",IS.AIR.PSGR,1975,1949400.0
Iraq,IRQ,"Air transport, passengers carried",IS.AIR.PSGR,1975,387600.0
Iceland,ISL,"Air transport, passengers carried",IS.AIR.PSGR,1975,590200.0
Israel,ISR,"Air transport, passengers carried",IS.AIR.PSGR,1975,1053700.0
Italy,ITA,"Air transport, passengers carried",IS.AIR.PSGR,1975,8360600.0
Jamaica,JAM,"Air transport, passengers carried",IS.AIR.PSGR,1975,696800.0
Jordan,JOR,"Air transport, passengers carried",IS.AIR.PSGR,1975,379900.0
Japan,JPN,"Air transport, passengers carried",IS.AIR.PSGR,1975,27281400.0
Kenya,KEN,"Air transport, passengers carried",IS.AIR.PSGR,1975,361500.0
Cambodia,KHM,"Air transport, passengers carried",IS.AIR.PSGR,1975,112500.0
"Korea, Rep.",KOR,"Air transport, passengers carried",IS.AIR.PSGR,1975,2046700.0
Kuwait,KWT,"Air transport, passengers carried",IS.AIR.PSGR,1975,624800.0
Latin America & Caribbean (excluding high income),LAC,"Air transport, passengers carried",IS.AIR.PSGR,1975,26210300.0
Lao PDR,LAO,"Air transport, passengers carried",IS.AIR.PSGR,1975,45000.0
Lebanon,LBN,"Air transport, passengers carried",IS.AIR.PSGR,1975,900000.0
Liberia,LBR,"Air transport, passengers carried",IS.AIR.PSGR,1975,25500.0
Libya,LBY,"Air transport, passengers carried",IS.AIR.PSGR,1975,558000.0
Latin America & Caribbean,LCN,"Air transport, passengers carried",IS.AIR.PSGR,1975,30649500.0
Least developed countries: UN classification,LDC,"Air transport, passengers carried",IS.AIR.PSGR,1975,4109300.0
Low income,LIC,"Air transport, passengers carried",IS.AIR.PSGR,1975,2412200.0
Sri Lanka,LKA,"Air transport, passengers carried",IS.AIR.PSGR,1975,117300.0
Lower middle income,LMC,"Air transport, passengers carried",IS.AIR.PSGR,1975,16965700.0
Low & middle income,LMY,"Air transport, passengers carried",IS.AIR.PSGR,1975,61914100.0
Lesotho,LSO,"Air transport, passengers carried",IS.AIR.PSGR,1975,10000.0
Late-demographic dividend,LTE,"Air transport, passengers carried",IS.AIR.PSGR,1975,27412300.0
Luxembourg,LUX,"Air transport, passengers carried",IS.AIR.PSGR,1975,230000.0
Morocco,MAR,"Air transport, passengers carried",IS.AIR.PSGR,1975,672900.0
Madagascar,MDG,"Air transport, passengers carried",IS.AIR.PSGR,1975,203100.0
Maldives,MDV,"Air transport, passengers carried",IS.AIR.PSGR,1975,7000.0
Middle East & North Africa,MEA,"Air transport, passengers carried",IS.AIR.PSGR,1975,13016800.0
Mexico,MEX,"Air transport, passengers carried",IS.AIR.PSGR,1975,6522900.0
Middle income,MIC,"Air transport, passengers carried",IS.AIR.PSGR,1975,59501900.0
Mali,MLI,"Air transport, passengers carried",IS.AIR.PSGR,1975,50500.0
Malta,MLT,"Air transport, passengers carried",IS.AIR.PSGR,1975,205200.0
Myanmar,MMR,"Air transport, passengers carried",IS.AIR.PSGR,1975,391300.0
Middle East & North Africa (excluding high income),MNA,"Air transport, passengers carried",IS.AIR.PSGR,1975,8605400.0
Mozambique,MOZ,"Air transport, passengers carried",IS.AIR.PSGR,1975,119500.0
Mauritania,MRT,"Air transport, passengers carried",IS.AIR.PSGR,1975,84500.0
Mauritius,MUS,"Air transport, passengers carried",IS.AIR.PSGR,1975,30000.0
Malawi,MWI,"Air transport, passengers carried",IS.AIR.PSGR,1975,122400.0
Malaysia,MYS,"Air transport, passengers carried",IS.AIR.PSGR,1975,2503600.0
North America,NAC,"Air transport, passengers carried",IS.AIR.PSGR,1975,221613300.0
Niger,NER,"Air transport, passengers carried",IS.AIR.PSGR,1975,69000.0
Nigeria,NGA,"Air transport, passengers carried",IS.AIR.PSGR,1975,590400.0
Nicaragua,NIC,"Air transport, passengers carried",IS.AIR.PSGR,1975,85000.0
Netherlands,NLD,"Air transport, passengers carried",IS.AIR.PSGR,1975,3827700.0
Norway,NOR,"Air transport, passengers carried",IS.AIR.PSGR,1975,3530400.0
Nepal,NPL,"Air transport, passengers carried",IS.AIR.PSGR,1975,219700.0
New Zealand,NZL,"Air transport, passengers carried",IS.AIR.PSGR,1975,3047400.0
OECD members,OED,"Air transport, passengers carried",IS.AIR.PSGR,1975,371410200.0
Oman,OMN,"Air transport, passengers carried",IS.AIR.PSGR,1975,173000.0
Pakistan,PAK,"Air transport, passengers carried",IS.AIR.PSGR,1975,1451800.0
Panama,PAN,"Air transport, passengers carried",IS.AIR.PSGR,1975,357100.0
Peru,PER,"Air transport, passengers carried",IS.AIR.PSGR,1975,1335200.0
Philippines,PHL,"Air transport, passengers carried",IS.AIR.PSGR,1975,2758400.0
Papua New Guinea,PNG,"Air transport, passengers carried",IS.AIR.PSGR,1975,355000.0
Poland,POL,"Air transport, passengers carried",IS.AIR.PSGR,1975,1454500.0
Pre-demographic dividend,PRE,"Air transport, passengers carried",IS.AIR.PSGR,1975,4279000.0
Portugal,PRT,"Air transport, passengers carried",IS.AIR.PSGR,1975,1681300.0
Paraguay,PRY,"Air transport, passengers carried",IS.AIR.PSGR,1975,64500.0
Post-demographic dividend,PST,"Air transport, passengers carried",IS.AIR.PSGR,1975,358191400.0
Qatar,QAT,"Air transport, passengers carried",IS.AIR.PSGR,1975,173000.0
Romania,ROU,"Air transport, passengers carried",IS.AIR.PSGR,1975,613100.0
South Asia,SAS,"Air transport, passengers carried",IS.AIR.PSGR,1975,6225200.0
Saudi Arabia,SAU,"Air transport, passengers carried",IS.AIR.PSGR,1975,1835700.0
Sudan,SDN,"Air transport, passengers carried",IS.AIR.PSGR,1975,250000.0
Senegal,SEN,"Air transport, passengers carried",IS.AIR.PSGR,1975,110000.0
Singapore,SGP,"Air transport, passengers carried",IS.AIR.PSGR,1975,1814700.0
Sierra Leone,SLE,"Air transport, passengers carried",IS.AIR.PSGR,1975,23000.0
El Salvador,SLV,"Air transport, passengers carried",IS.AIR.PSGR,1975,160000.0
Somalia,SOM,"Air transport, passengers carried",IS.AIR.PSGR,1975,35000.0
Sub-Saharan Africa (excluding high income),SSA,"Air transport, passengers carried",IS.AIR.PSGR,1975,7320600.0
Sub-Saharan Africa,SSF,"Air transport, passengers carried",IS.AIR.PSGR,1975,7320600.0
Sweden,SWE,"Air transport, passengers carried",IS.AIR.PSGR,1975,3464700.0
Eswatini,SWZ,"Air transport, passengers carried",IS.AIR.PSGR,1975,14000.0
Syrian Arab Republic,SYR,"Air transport, passengers carried",IS.AIR.PSGR,1975,370700.0
Chad,TCD,"Air transport, passengers carried",IS.AIR.PSGR,1975,65500.0
East Asia & Pacific (IDA & IBRD countries),TEA,"Air transport, passengers carried",IS.AIR.PSGR,1975,11774800.0
Togo,TGO,"Air transport, passengers carried",IS.AIR.PSGR,1975,37900.0
Thailand,THA,"Air transport, passengers carried",IS.AIR.PSGR,1975,1616500.0
Latin America & the Caribbean (IDA & IBRD countries),TLA,"Air transport, passengers carried",IS.AIR.PSGR,1975,29706400.0
Middle East & North Africa (IDA & IBRD countries),TMN,"Air transport, passengers carried",IS.AIR.PSGR,1975,8605400.0
South Asia (IDA & IBRD),TSA,"Air transport, passengers carried",IS.AIR.PSGR,1975,6225200.0
Sub-Saharan Africa (IDA & IBRD countries),TSS,"Air transport, passengers carried",IS.AIR.PSGR,1975,7320600.0
Trinidad and Tobago,TTO,"Air transport, passengers carried",IS.AIR.PSGR,1975,595000.0
Tunisia,TUN,"Air transport, passengers carried",IS.AIR.PSGR,1975,782000.0
Turkiye,TUR,"Air transport, passengers carried",IS.AIR.PSGR,1975,1777800.0
Tanzania,TZA,"Air transport, passengers carried",IS.AIR.PSGR,1975,271700.0
Uganda,UGA,"Air transport, passengers carried",IS.AIR.PSGR,1975,57600.0
Upper middle income,UMC,"Air transport, passengers carried",IS.AIR.PSGR,1975,42536200.0
Uruguay,URY,"Air transport, passengers carried",IS.AIR.PSGR,1975,333600.0
United States,USA,"Air transport, passengers carried",IS.AIR.PSGR,1975,204900400.0
"Venezuela, RB",VEN,"Air transport, passengers carried",IS.AIR.PSGR,1975,2355200.0
Viet Nam,VNM,"Air transport, passengers carried",IS.AIR.PSGR,1975,165000.0
World,WLD,"Air transport, passengers carried",IS.AIR.PSGR,1975,432276500.0
"Yemen, Rep.",YEM,"Air transport, passengers carried",IS.AIR.PSGR,1975,70000.0
South Africa,ZAF,"Air transport, passengers carried",IS.AIR.PSGR,1975,2936400.0
Zambia,ZMB,"Air transport, passengers carried",IS.AIR.PSGR,1975,232600.0
Africa Eastern and Southern,AFE,"Air transport, passengers carried",IS.AIR.PSGR,1974,5126100.0
Afghanistan,AFG,"Air transport, passengers carried",IS.AIR.PSGR,1974,96100.0
Africa Western and Central,AFW,"Air transport, passengers carried",IS.AIR.PSGR,1974,1685700.0
Arab World,ARB,"Air transport, passengers carried",IS.AIR.PSGR,1974,8227100.0
United Arab Emirates,ARE,"Air transport, passengers carried",IS.AIR.PSGR,1974,127500.0
Argentina,ARG,"Air transport, passengers carried",IS.AIR.PSGR,1974,2943500.0
Australia,AUS,"Air transport, passengers carried",IS.AIR.PSGR,1974,10664700.0
Austria,AUT,"Air transport, passengers carried",IS.AIR.PSGR,1974,840800.0
Belgium,BEL,"Air transport, passengers carried",IS.AIR.PSGR,1974,1606700.0
Benin,BEN,"Air transport, passengers carried",IS.AIR.PSGR,1974,31500.0
Burkina Faso,BFA,"Air transport, passengers carried",IS.AIR.PSGR,1974,32500.0
Bangladesh,BGD,"Air transport, passengers carried",IS.AIR.PSGR,1974,431400.0
Bulgaria,BGR,"Air transport, passengers carried",IS.AIR.PSGR,1974,1130000.0
Bahrain,BHR,"Air transport, passengers carried",IS.AIR.PSGR,1974,127500.0
Bolivia,BOL,"Air transport, passengers carried",IS.AIR.PSGR,1974,475000.0
Brazil,BRA,"Air transport, passengers carried",IS.AIR.PSGR,1974,6855500.0
Barbados,BRB,"Air transport, passengers carried",IS.AIR.PSGR,1974,25600.0
Central African Republic,CAF,"Air transport, passengers carried",IS.AIR.PSGR,1974,79500.0
Canada,CAN,"Air transport, passengers carried",IS.AIR.PSGR,1974,16367500.0
Central Europe and the Baltics,CEB,"Air transport, passengers carried",IS.AIR.PSGR,1974,4862400.0
Switzerland,CHE,"Air transport, passengers carried",IS.AIR.PSGR,1974,4575000.0
Chile,CHL,"Air transport, passengers carried",IS.AIR.PSGR,1974,505200.0
China,CHN,"Air transport, passengers carried",IS.AIR.PSGR,1974,710000.0
Cote d'Ivoire,CIV,"Air transport, passengers carried",IS.AIR.PSGR,1974,56500.0
Cameroon,CMR,"Air transport, passengers carried",IS.AIR.PSGR,1974,228200.0
"Congo, Dem. Rep.",COD,"Air transport, passengers carried",IS.AIR.PSGR,1974,464100.0
"Congo, Rep.",COG,"Air transport, passengers carried",IS.AIR.PSGR,1974,63500.0
Colombia,COL,"Air transport, passengers carried",IS.AIR.PSGR,1974,3118000.0
Costa Rica,CRI,"Air transport, passengers carried",IS.AIR.PSGR,1974,374300.0
Cuba,CUB,"Air transport, passengers carried",IS.AIR.PSGR,1974,689200.0
Cyprus,CYP,"Air transport, passengers carried",IS.AIR.PSGR,1974,125700.0
Czechia,CZE,"Air transport, passengers carried",IS.AIR.PSGR,1974,1514700.0
Germany,DEU,"Air transport, passengers carried",IS.AIR.PSGR,1974,8886900.0
Denmark,DNK,"Air transport, passengers carried",IS.AIR.PSGR,1974,2401900.0
Dominican Republic,DOM,"Air transport, passengers carried",IS.AIR.PSGR,1974,160000.0
Algeria,DZA,"Air transport, passengers carried",IS.AIR.PSGR,1974,1252100.0
East Asia & Pacific (excluding high income),EAP,"Air transport, passengers carried",IS.AIR.PSGR,1974,10458800.0
Early-demographic dividend,EAR,"Air transport, passengers carried",IS.AIR.PSGR,1974,35817700.0
East Asia & Pacific,EAS,"Air transport, passengers carried",IS.AIR.PSGR,1974,55002800.0
Ecuador,ECU,"Air transport, passengers carried",IS.AIR.PSGR,1974,362200.0
"Egypt, Arab Rep.",EGY,"Air transport, passengers carried",IS.AIR.PSGR,1974,837000.0
Euro area,EMU,"Air transport, passengers carried",IS.AIR.PSGR,1974,54363300.0
Spain,ESP,"Air transport, passengers carried",IS.AIR.PSGR,1974,10198100.0
Ethiopia,ETH,"Air transport, passengers carried",IS.AIR.PSGR,1974,268700.0
European Union,EUU,"Air transport, passengers carried",IS.AIR.PSGR,1974,64977900.0
Fragile and conflict affected situations,FCS,"Air transport, passengers carried",IS.AIR.PSGR,1974,6572200.0
Finland,FIN,"Air transport, passengers carried",IS.AIR.PSGR,1974,1884600.0
Fiji,FJI,"Air transport, passengers carried",IS.AIR.PSGR,1974,296200.0
France,FRA,"Air transport, passengers carried",IS.AIR.PSGR,1974,12159300.0
Gabon,GAB,"Air transport, passengers carried",IS.AIR.PSGR,1974,136200.0
United Kingdom,GBR,"Air transport, passengers carried",IS.AIR.PSGR,1974,18062600.0
Ghana,GHA,"Air transport, passengers carried",IS.AIR.PSGR,1974,148200.0
Guinea,GIN,"Air transport, passengers carried",IS.AIR.PSGR,1974,56900.0
Equatorial Guinea,GNQ,"Air transport, passengers carried",IS.AIR.PSGR,1974,10000.0
Greece,GRC,"Air transport, passengers carried",IS.AIR.PSGR,1974,2304600.0
Guatemala,GTM,"Air transport, passengers carried",IS.AIR.PSGR,1974,88800.0
Guyana,GUY,"Air transport, passengers carried",IS.AIR.PSGR,1974,22000.0
High income,HIC,"Air transport, passengers carried",IS.AIR.PSGR,1974,365153200.0
Honduras,HND,"Air transport, passengers carried",IS.AIR.PSGR,1974,315800.0
Heavily indebted poor countries (HIPC),HPC,"Air transport, passengers carried",IS.AIR.PSGR,1974,4026800.0
Haiti,HTI,"Air transport, passengers carried",IS.AIR.PSGR,1974,0.0
Hungary,HUN,"Air transport, passengers carried",IS.AIR.PSGR,1974,456500.0
IBRD only,IBD,"Air transport, passengers carried",IS.AIR.PSGR,1974,52256400.0
IDA & IBRD total,IBT,"Air transport, passengers carried",IS.AIR.PSGR,1974,59704400.0
IDA total,IDA,"Air transport, passengers carried",IS.AIR.PSGR,1974,7448000.0
IDA blend,IDB,"Air transport, passengers carried",IS.AIR.PSGR,1974,2462700.0
Indonesia,IDN,"Air transport, passengers carried",IS.AIR.PSGR,1974,2219700.0
IDA only,IDX,"Air transport, passengers carried",IS.AIR.PSGR,1974,4985300.0
India,IND,"Air transport, passengers carried",IS.AIR.PSGR,1974,3037300.0
Ireland,IRL,"Air transport, passengers carried",IS.AIR.PSGR,1974,1474600.0
"Iran, Islamic Rep.",IRN,"Air transport, passengers carried",IS.AIR.PSGR,1974,1361900.0
Iraq,IRQ,"Air transport, passengers carried",IS.AIR.PSGR,1974,290900.0
Iceland,ISL,"Air transport, passengers carried",IS.AIR.PSGR,1974,611200.0
Israel,ISR,"Air transport, passengers carried",IS.AIR.PSGR,1974,1214300.0
Italy,ITA,"Air transport, passengers carried",IS.AIR.PSGR,1974,8631400.0
Jamaica,JAM,"Air transport, passengers carried",IS.AIR.PSGR,1974,743300.0
Jordan,JOR,"Air transport, passengers carried",IS.AIR.PSGR,1974,243400.0
Japan,JPN,"Air transport, passengers carried",IS.AIR.PSGR,1974,27485700.0
Kenya,KEN,"Air transport, passengers carried",IS.AIR.PSGR,1974,382800.0
Cambodia,KHM,"Air transport, passengers carried",IS.AIR.PSGR,1974,129000.0
"Korea, Rep.",KOR,"Air transport, passengers carried",IS.AIR.PSGR,1974,1923800.0
Kuwait,KWT,"Air transport, passengers carried",IS.AIR.PSGR,1974,517900.0
Latin America & Caribbean (excluding high income),LAC,"Air transport, passengers carried",IS.AIR.PSGR,1974,23041000.0
Lao PDR,LAO,"Air transport, passengers carried",IS.AIR.PSGR,1974,45000.0
Lebanon,LBN,"Air transport, passengers carried",IS.AIR.PSGR,1974,1037300.0
Liberia,LBR,"Air transport, passengers carried",IS.AIR.PSGR,1974,25000.0
Libya,LBY,"Air transport, passengers carried",IS.AIR.PSGR,1974,408000.0
Latin America & Caribbean,LCN,"Air transport, passengers carried",IS.AIR.PSGR,1974,26532900.0
Least developed countries: UN classification,LDC,"Air transport, passengers carried",IS.AIR.PSGR,1974,3969800.0
Low income,LIC,"Air transport, passengers carried",IS.AIR.PSGR,1974,2194700.0
Sri Lanka,LKA,"Air transport, passengers carried",IS.AIR.PSGR,1974,107700.0
Lower middle income,LMC,"Air transport, passengers carried",IS.AIR.PSGR,1974,14782000.0
Low & middle income,LMY,"Air transport, passengers carried",IS.AIR.PSGR,1974,54010500.0
Lesotho,LSO,"Air transport, passengers carried",IS.AIR.PSGR,1974,10000.0
Late-demographic dividend,LTE,"Air transport, passengers carried",IS.AIR.PSGR,1974,24637200.0
Luxembourg,LUX,"Air transport, passengers carried",IS.AIR.PSGR,1974,220600.0
Morocco,MAR,"Air transport, passengers carried",IS.AIR.PSGR,1974,509600.0
Madagascar,MDG,"Air transport, passengers carried",IS.AIR.PSGR,1974,230700.0
Middle East & North Africa,MEA,"Air transport, passengers carried",IS.AIR.PSGR,1974,10597800.0
Mexico,MEX,"Air transport, passengers carried",IS.AIR.PSGR,1974,5501500.0
Middle income,MIC,"Air transport, passengers carried",IS.AIR.PSGR,1974,51815800.0
Mali,MLI,"Air transport, passengers carried",IS.AIR.PSGR,1974,49800.0
Malta,MLT,"Air transport, passengers carried",IS.AIR.PSGR,1974,152500.0
Myanmar,MMR,"Air transport, passengers carried",IS.AIR.PSGR,1974,388300.0
Middle East & North Africa (excluding high income),MNA,"Air transport, passengers carried",IS.AIR.PSGR,1974,6920600.0
Mauritania,MRT,"Air transport, passengers carried",IS.AIR.PSGR,1974,78300.0
Mauritius,MUS,"Air transport, passengers carried",IS.AIR.PSGR,1974,28000.0
Malawi,MWI,"Air transport, passengers carried",IS.AIR.PSGR,1974,98300.0
Malaysia,MYS,"Air transport, passengers carried",IS.AIR.PSGR,1974,2331900.0
North America,NAC,"Air transport, passengers carried",IS.AIR.PSGR,1974,223979900.0
Niger,NER,"Air transport, passengers carried",IS.AIR.PSGR,1974,63500.0
Nigeria,NGA,"Air transport, passengers carried",IS.AIR.PSGR,1974,430300.0
Nicaragua,NIC,"Air transport, passengers carried",IS.AIR.PSGR,1974,81000.0
Netherlands,NLD,"Air transport, passengers carried",IS.AIR.PSGR,1974,3627100.0
Norway,NOR,"Air transport, passengers carried",IS.AIR.PSGR,1974,3367500.0
Nepal,NPL,"Air transport, passengers carried",IS.AIR.PSGR,1974,263000.0
New Zealand,NZL,"Air transport, passengers carried",IS.AIR.PSGR,1974,2961300.0
OECD members,OED,"Air transport, passengers carried",IS.AIR.PSGR,1974,369035400.0
Oman,OMN,"Air transport, passengers carried",IS.AIR.PSGR,1974,127500.0
Pakistan,PAK,"Air transport, passengers carried",IS.AIR.PSGR,1974,1047700.0
Panama,PAN,"Air transport, passengers carried",IS.AIR.PSGR,1974,275700.0
Peru,PER,"Air transport, passengers carried",IS.AIR.PSGR,1974,1116900.0
Philippines,PHL,"Air transport, passengers carried",IS.AIR.PSGR,1974,2525100.0
Poland,POL,"Air transport, passengers carried",IS.AIR.PSGR,1974,1086800.0
Pre-demographic dividend,PRE,"Air transport, passengers carried",IS.AIR.PSGR,1974,3830100.0
Portugal,PRT,"Air transport, passengers carried",IS.AIR.PSGR,1974,2250400.0
Paraguay,PRY,"Air transport, passengers carried",IS.AIR.PSGR,1974,61000.0
Post-demographic dividend,PST,"Air transport, passengers carried",IS.AIR.PSGR,1974,356860200.0
Qatar,QAT,"Air transport, passengers carried",IS.AIR.PSGR,1974,127500.0
Romania,ROU,"Air transport, passengers carried",IS.AIR.PSGR,1974,674400.0
South Asia,SAS,"Air transport, passengers carried",IS.AIR.PSGR,1974,4983200.0
Saudi Arabia,SAU,"Air transport, passengers carried",IS.AIR.PSGR,1974,1282500.0
Sudan,SDN,"Air transport, passengers carried",IS.AIR.PSGR,1974,244700.0
Senegal,SEN,"Air transport, passengers carried",IS.AIR.PSGR,1974,102500.0
Singapore,SGP,"Air transport, passengers carried",IS.AIR.PSGR,1974,1508500.0
El Salvador,SLV,"Air transport, passengers carried",IS.AIR.PSGR,1974,155000.0
Somalia,SOM,"Air transport, passengers carried",IS.AIR.PSGR,1974,35000.0
Sub-Saharan Africa (excluding high income),SSA,"Air transport, passengers carried",IS.AIR.PSGR,1974,6811800.0
Sub-Saharan Africa,SSF,"Air transport, passengers carried",IS.AIR.PSGR,1974,6811800.0
Sweden,SWE,"Air transport, passengers carried",IS.AIR.PSGR,1974,3350300.0
Eswatini,SWZ,"Air transport, passengers carried",IS.AIR.PSGR,1974,14000.0
Syrian Arab Republic,SYR,"Air transport, passengers carried",IS.AIR.PSGR,1974,284300.0
Chad,TCD,"Air transport, passengers carried",IS.AIR.PSGR,1974,59500.0
East Asia & Pacific (IDA & IBRD countries),TEA,"Air transport, passengers carried",IS.AIR.PSGR,1974,10458800.0
Togo,TGO,"Air transport, passengers carried",IS.AIR.PSGR,1974,33800.0
Thailand,THA,"Air transport, passengers carried",IS.AIR.PSGR,1974,1261000.0
Latin America & the Caribbean (IDA & IBRD countries),TLA,"Air transport, passengers carried",IS.AIR.PSGR,1974,25843700.0
Middle East & North Africa (IDA & IBRD countries),TMN,"Air transport, passengers carried",IS.AIR.PSGR,1974,6920600.0
South Asia (IDA & IBRD),TSA,"Air transport, passengers carried",IS.AIR.PSGR,1974,4983200.0
Sub-Saharan Africa (IDA & IBRD countries),TSS,"Air transport, passengers carried",IS.AIR.PSGR,1974,6811800.0
Trinidad and Tobago,TTO,"Air transport, passengers carried",IS.AIR.PSGR,1974,335700.0
Tunisia,TUN,"Air transport, passengers carried",IS.AIR.PSGR,1974,629600.0
Turkiye,TUR,"Air transport, passengers carried",IS.AIR.PSGR,1974,1795100.0
Tanzania,TZA,"Air transport, passengers carried",IS.AIR.PSGR,1974,282900.0
Uganda,UGA,"Air transport, passengers carried",IS.AIR.PSGR,1974,62700.0
Upper middle income,UMC,"Air transport, passengers carried",IS.AIR.PSGR,1974,37033800.0
Uruguay,URY,"Air transport, passengers carried",IS.AIR.PSGR,1974,346200.0
United States,USA,"Air transport, passengers carried",IS.AIR.PSGR,1974,207612400.0
"Venezuela, RB",VEN,"Air transport, passengers carried",IS.AIR.PSGR,1974,1981500.0
Viet Nam,VNM,"Air transport, passengers carried",IS.AIR.PSGR,1974,552600.0
World,WLD,"Air transport, passengers carried",IS.AIR.PSGR,1974,421145200.0
"Yemen, Rep.",YEM,"Air transport, passengers carried",IS.AIR.PSGR,1974,66500.0
South Africa,ZAF,"Air transport, passengers carried",IS.AIR.PSGR,1974,2763600.0
Zambia,ZMB,"Air transport, passengers carried",IS.AIR.PSGR,1974,240600.0
Africa Eastern and Southern,AFE,"Air transport, passengers carried",IS.AIR.PSGR,1973,4808000.0
Afghanistan,AFG,"Air transport, passengers carried",IS.AIR.PSGR,1973,96600.0
Africa Western and Central,AFW,"Air transport, passengers carried",IS.AIR.PSGR,1973,1453300.0
Arab World,ARB,"Air transport, passengers carried",IS.AIR.PSGR,1973,6569400.0
Argentina,ARG,"Air transport, passengers carried",IS.AIR.PSGR,1973,2312700.0
Australia,AUS,"Air transport, passengers carried",IS.AIR.PSGR,1973,9384600.0
Austria,AUT,"Air transport, passengers carried",IS.AIR.PSGR,1973,830900.0
Belgium,BEL,"Air transport, passengers carried",IS.AIR.PSGR,1973,1562900.0
Benin,BEN,"Air transport, passengers carried",IS.AIR.PSGR,1973,28100.0
Burkina Faso,BFA,"Air transport, passengers carried",IS.AIR.PSGR,1973,28700.0
Bangladesh,BGD,"Air transport, passengers carried",IS.AIR.PSGR,1973,490000.0
Bulgaria,BGR,"Air transport, passengers carried",IS.AIR.PSGR,1973,1085000.0
Bahrain,BHR,"Air transport, passengers carried",IS.AIR.PSGR,1973,350000.0
Bolivia,BOL,"Air transport, passengers carried",IS.AIR.PSGR,1973,375700.0
Brazil,BRA,"Air transport, passengers carried",IS.AIR.PSGR,1973,5842400.0
Barbados,BRB,"Air transport, passengers carried",IS.AIR.PSGR,1973,23700.0
Central African Republic,CAF,"Air transport, passengers carried",IS.AIR.PSGR,1973,74100.0
Canada,CAN,"Air transport, passengers carried",IS.AIR.PSGR,1973,14626800.0
Central Europe and the Baltics,CEB,"Air transport, passengers carried",IS.AIR.PSGR,1973,4884800.0
Switzerland,CHE,"Air transport, passengers carried",IS.AIR.PSGR,1973,4514400.0
Chile,CHL,"Air transport, passengers carried",IS.AIR.PSGR,1973,636200.0
Cote d'Ivoire,CIV,"Air transport, passengers carried",IS.AIR.PSGR,1973,51600.0
Cameroon,CMR,"Air transport, passengers carried",IS.AIR.PSGR,1973,211300.0
"Congo, Dem. Rep.",COD,"Air transport, passengers carried",IS.AIR.PSGR,1973,363700.0
"Congo, Rep.",COG,"Air transport, passengers carried",IS.AIR.PSGR,1973,58600.0
Colombia,COL,"Air transport, passengers carried",IS.AIR.PSGR,1973,3147300.0
Costa Rica,CRI,"Air transport, passengers carried",IS.AIR.PSGR,1973,314400.0
Cuba,CUB,"Air transport, passengers carried",IS.AIR.PSGR,1973,805500.0
Cyprus,CYP,"Air transport, passengers carried",IS.AIR.PSGR,1973,233100.0
Czechia,CZE,"Air transport, passengers carried",IS.AIR.PSGR,1973,1367000.0
Germany,DEU,"Air transport, passengers carried",IS.AIR.PSGR,1973,7371300.0
Denmark,DNK,"Air transport, passengers carried",IS.AIR.PSGR,1973,2409000.0
Dominican Republic,DOM,"Air transport, passengers carried",IS.AIR.PSGR,1973,150000.0
Algeria,DZA,"Air transport, passengers carried",IS.AIR.PSGR,1973,1053600.0
Early-demographic dividend,EAR,"Air transport, passengers carried",IS.AIR.PSGR,1973,32223400.0
Ecuador,ECU,"Air transport, passengers carried",IS.AIR.PSGR,1973,380200.0
"Egypt, Arab Rep.",EGY,"Air transport, passengers carried",IS.AIR.PSGR,1973,656300.0
Euro area,EMU,"Air transport, passengers carried",IS.AIR.PSGR,1973,52394200.0
Spain,ESP,"Air transport, passengers carried",IS.AIR.PSGR,1973,9964000.0
Ethiopia,ETH,"Air transport, passengers carried",IS.AIR.PSGR,1973,309200.0
European Union,EUU,"Air transport, passengers carried",IS.AIR.PSGR,1973,62913900.0
Fragile and conflict affected situations,FCS,"Air transport, passengers carried",IS.AIR.PSGR,1973,6018800.0
Finland,FIN,"Air transport, passengers carried",IS.AIR.PSGR,1973,1697500.0
Fiji,FJI,"Air transport, passengers carried",IS.AIR.PSGR,1973,257100.0
France,FRA,"Air transport, passengers carried",IS.AIR.PSGR,1973,11957500.0
Gabon,GAB,"Air transport, passengers carried",IS.AIR.PSGR,1973,130300.0
United Kingdom,GBR,"Air transport, passengers carried",IS.AIR.PSGR,1973,18959700.0
Ghana,GHA,"Air transport, passengers carried",IS.AIR.PSGR,1973,135600.0
Guinea,GIN,"Air transport, passengers carried",IS.AIR.PSGR,1973,54500.0
Equatorial Guinea,GNQ,"Air transport, passengers carried",IS.AIR.PSGR,1973,9500.0
Greece,GRC,"Air transport, passengers carried",IS.AIR.PSGR,1973,2802600.0
Guatemala,GTM,"Air transport, passengers carried",IS.AIR.PSGR,1973,43000.0
Guyana,GUY,"Air transport, passengers carried",IS.AIR.PSGR,1973,20000.0
High income,HIC,"Air transport, passengers carried",IS.AIR.PSGR,1973,352339000.0
Honduras,HND,"Air transport, passengers carried",IS.AIR.PSGR,1973,280400.0
Heavily indebted poor countries (HIPC),HPC,"Air transport, passengers carried",IS.AIR.PSGR,1973,3636500.0
Haiti,HTI,"Air transport, passengers carried",IS.AIR.PSGR,1973,11500.0
Hungary,HUN,"Air transport, passengers carried",IS.AIR.PSGR,1973,330000.0
IDA total,IDA,"Air transport, passengers carried",IS.AIR.PSGR,1973,7016200.0
IDA blend,IDB,"Air transport, passengers carried",IS.AIR.PSGR,1973,2341100.0
Indonesia,IDN,"Air transport, passengers carried",IS.AIR.PSGR,1973,1787400.0
IDA only,IDX,"Air transport, passengers carried",IS.AIR.PSGR,1973,4675100.0
India,IND,"Air transport, passengers carried",IS.AIR.PSGR,1973,3391600.0
Ireland,IRL,"Air transport, passengers carried",IS.AIR.PSGR,1973,1496300.0
"Iran, Islamic Rep.",IRN,"Air transport, passengers carried",IS.AIR.PSGR,1973,1141600.0
Iraq,IRQ,"Air transport, passengers carried",IS.AIR.PSGR,1973,208800.0
Iceland,ISL,"Air transport, passengers carried",IS.AIR.PSGR,1973,592800.0
Israel,ISR,"Air transport, passengers carried",IS.AIR.PSGR,1973,1163500.0
Italy,ITA,"Air transport, passengers carried",IS.AIR.PSGR,1973,8189900.0
Jamaica,JAM,"Air transport, passengers carried",IS.AIR.PSGR,1973,568500.0
Jordan,JOR,"Air transport, passengers carried",IS.AIR.PSGR,1973,162300.0
Japan,JPN,"Air transport, passengers carried",IS.AIR.PSGR,1973,25393100.0
Kenya,KEN,"Air transport, passengers carried",IS.AIR.PSGR,1973,340800.0
Cambodia,KHM,"Air transport, passengers carried",IS.AIR.PSGR,1973,140000.0
"Korea, Rep.",KOR,"Air transport, passengers carried",IS.AIR.PSGR,1973,2213400.0
Kuwait,KWT,"Air transport, passengers carried",IS.AIR.PSGR,1973,453600.0
Latin America & Caribbean (excluding high income),LAC,"Air transport, passengers carried",IS.AIR.PSGR,1973,19695300.0
Lao PDR,LAO,"Air transport, passengers carried",IS.AIR.PSGR,1973,44500.0
Lebanon,LBN,"Air transport, passengers carried",IS.AIR.PSGR,1973,819000.0
Libya,LBY,"Air transport, passengers carried",IS.AIR.PSGR,1973,352000.0
Latin America & Caribbean,LCN,"Air transport, passengers carried",IS.AIR.PSGR,1973,22821000.0
Least developed countries: UN classification,LDC,"Air transport, passengers carried",IS.AIR.PSGR,1973,3816800.0
Low income,LIC,"Air transport, passengers carried",IS.AIR.PSGR,1973,1923200.0
Sri Lanka,LKA,"Air transport, passengers carried",IS.AIR.PSGR,1973,108500.0
Lower middle income,LMC,"Air transport, passengers carried",IS.AIR.PSGR,1973,14207200.0
Luxembourg,LUX,"Air transport, passengers carried",IS.AIR.PSGR,1973,218100.0
Morocco,MAR,"Air transport, passengers carried",IS.AIR.PSGR,1973,486500.0
Madagascar,MDG,"Air transport, passengers carried",IS.AIR.PSGR,1973,217800.0
Middle East & North Africa,MEA,"Air transport, passengers carried",IS.AIR.PSGR,1973,8687900.0
Mexico,MEX,"Air transport, passengers carried",IS.AIR.PSGR,1973,4589600.0
Mali,MLI,"Air transport, passengers carried",IS.AIR.PSGR,1973,46900.0
Malta,MLT,"Air transport, passengers carried",IS.AIR.PSGR,1973,140600.0
Myanmar,MMR,"Air transport, passengers carried",IS.AIR.PSGR,1973,405000.0
Middle East & North Africa (excluding high income),MNA,"Air transport, passengers carried",IS.AIR.PSGR,1973,5611900.0
Mauritania,MRT,"Air transport, passengers carried",IS.AIR.PSGR,1973,72700.0
Mauritius,MUS,"Air transport, passengers carried",IS.AIR.PSGR,1973,24000.0
Malawi,MWI,"Air transport, passengers carried",IS.AIR.PSGR,1973,90400.0
Malaysia,MYS,"Air transport, passengers carried",IS.AIR.PSGR,1973,1864400.0
North America,NAC,"Air transport, passengers carried",IS.AIR.PSGR,1973,216936000.0
Niger,NER,"Air transport, passengers carried",IS.AIR.PSGR,1973,57600.0
Nigeria,NGA,"Air transport, passengers carried",IS.AIR.PSGR,1973,314100.0
Nicaragua,NIC,"Air transport, passengers carried",IS.AIR.PSGR,1973,77500.0
Netherlands,NLD,"Air transport, passengers carried",IS.AIR.PSGR,1973,3682400.0
Norway,NOR,"Air transport, passengers carried",IS.AIR.PSGR,1973,3342600.0
Nepal,NPL,"Air transport, passengers carried",IS.AIR.PSGR,1973,250000.0
New Zealand,NZL,"Air transport, passengers carried",IS.AIR.PSGR,1973,2544400.0
OECD members,OED,"Air transport, passengers carried",IS.AIR.PSGR,1973,356798200.0
Pakistan,PAK,"Air transport, passengers carried",IS.AIR.PSGR,1973,805200.0
Panama,PAN,"Air transport, passengers carried",IS.AIR.PSGR,1973,217500.0
Peru,PER,"Air transport, passengers carried",IS.AIR.PSGR,1973,590000.0
Philippines,PHL,"Air transport, passengers carried",IS.AIR.PSGR,1973,2349600.0
Poland,POL,"Air transport, passengers carried",IS.AIR.PSGR,1973,1491000.0
Pre-demographic dividend,PRE,"Air transport, passengers carried",IS.AIR.PSGR,1973,3299800.0
Portugal,PRT,"Air transport, passengers carried",IS.AIR.PSGR,1973,2247100.0
Paraguay,PRY,"Air transport, passengers carried",IS.AIR.PSGR,1973,59600.0
Post-demographic dividend,PST,"Air transport, passengers carried",IS.AIR.PSGR,1973,344448000.0
Romania,ROU,"Air transport, passengers carried",IS.AIR.PSGR,1973,611800.0
South Asia,SAS,"Air transport, passengers carried",IS.AIR.PSGR,1973,5141900.0
Saudi Arabia,SAU,"Air transport, passengers carried",IS.AIR.PSGR,1973,968300.0
Sudan,SDN,"Air transport, passengers carried",IS.AIR.PSGR,1973,221500.0
Senegal,SEN,"Air transport, passengers carried",IS.AIR.PSGR,1973,94600.0
Singapore,SGP,"Air transport, passengers carried",IS.AIR.PSGR,1973,1248900.0
El Salvador,SLV,"Air transport, passengers carried",IS.AIR.PSGR,1973,147000.0
Somalia,SOM,"Air transport, passengers carried",IS.AIR.PSGR,1973,33000.0
Sub-Saharan Africa (excluding high income),SSA,"Air transport, passengers carried",IS.AIR.PSGR,1973,6261300.0
Sub-Saharan Africa,SSF,"Air transport, passengers carried",IS.AIR.PSGR,1973,6261300.0
Sweden,SWE,"Air transport, passengers carried",IS.AIR.PSGR,1973,3225900.0
Eswatini,SWZ,"Air transport, passengers carried",IS.AIR.PSGR,1973,14000.0
Syrian Arab Republic,SYR,"Air transport, passengers carried",IS.AIR.PSGR,1973,184700.0
Chad,TCD,"Air transport, passengers carried",IS.AIR.PSGR,1973,55100.0
Togo,TGO,"Air transport, passengers carried",IS.AIR.PSGR,1973,30000.0
Thailand,THA,"Air transport, passengers carried",IS.AIR.PSGR,1973,1021000.0
Latin America & the Caribbean (IDA & IBRD countries),TLA,"Air transport, passengers carried",IS.AIR.PSGR,1973,22015500.0
Middle East & North Africa (IDA & IBRD countries),TMN,"Air transport, passengers carried",IS.AIR.PSGR,1973,5611900.0
South Asia (IDA & IBRD),TSA,"Air transport, passengers carried",IS.AIR.PSGR,1973,5141900.0
Sub-Saharan Africa (IDA & IBRD countries),TSS,"Air transport, passengers carried",IS.AIR.PSGR,1973,6261300.0
Trinidad and Tobago,TTO,"Air transport, passengers carried",IS.AIR.PSGR,1973,324700.0
Tunisia,TUN,"Air transport, passengers carried",IS.AIR.PSGR,1973,485600.0
Turkiye,TUR,"Air transport, passengers carried",IS.AIR.PSGR,1973,2222800.0
Tanzania,TZA,"Air transport, passengers carried",IS.AIR.PSGR,1973,256800.0
Uganda,UGA,"Air transport, passengers carried",IS.AIR.PSGR,1973,52400.0
Uruguay,URY,"Air transport, passengers carried",IS.AIR.PSGR,1973,137700.0
United States,USA,"Air transport, passengers carried",IS.AIR.PSGR,1973,202309200.0
"Venezuela, RB",VEN,"Air transport, passengers carried",IS.AIR.PSGR,1973,1765900.0
Viet Nam,VNM,"Air transport, passengers carried",IS.AIR.PSGR,1973,664700.0
World,WLD,"Air transport, passengers carried",IS.AIR.PSGR,1973,401571800.0
"Yemen, Rep.",YEM,"Air transport, passengers carried",IS.AIR.PSGR,1973,61500.0
South Africa,ZAF,"Air transport, passengers carried",IS.AIR.PSGR,1973,2313800.0
Zambia,ZMB,"Air transport, passengers carried",IS.AIR.PSGR,1973,230600.0
Zimbabwe,ZWE,"Air transport, passengers carried",IS.AIR.PSGR,1973,340000.0
Africa Eastern and Southern,AFE,"Air transport, passengers carried",IS.AIR.PSGR,1971,3775300.0
Afghanistan,AFG,"Air transport, passengers carried",IS.AIR.PSGR,1971,97400.0
Africa Western and Central,AFW,"Air transport, passengers carried",IS.AIR.PSGR,1971,1238100.0
Arab World,ARB,"Air transport, passengers carried",IS.AIR.PSGR,1971,4737000.0
Argentina,ARG,"Air transport, passengers carried",IS.AIR.PSGR,1971,2218600.0
Australia,AUS,"Air transport, passengers carried",IS.AIR.PSGR,1971,7326600.0
Austria,AUT,"Air transport, passengers carried",IS.AIR.PSGR,1971,582100.0
Belgium,BEL,"Air transport, passengers carried",IS.AIR.PSGR,1971,1402000.0
Benin,BEN,"Air transport, passengers carried",IS.AIR.PSGR,1971,31000.0
Burkina Faso,BFA,"Air transport, passengers carried",IS.AIR.PSGR,1971,31600.0
Bulgaria,BGR,"Air transport, passengers carried",IS.AIR.PSGR,1971,985200.0
Bahrain,BHR,"Air transport, passengers carried",IS.AIR.PSGR,1971,280000.0
Bolivia,BOL,"Air transport, passengers carried",IS.AIR.PSGR,1971,331100.0
Brazil,BRA,"Air transport, passengers carried",IS.AIR.PSGR,1971,3911000.0
Barbados,BRB,"Air transport, passengers carried",IS.AIR.PSGR,1971,11500.0
Central African Republic,CAF,"Air transport, passengers carried",IS.AIR.PSGR,1971,71800.0
Canada,CAN,"Air transport, passengers carried",IS.AIR.PSGR,1971,10247300.0
Central Europe and the Baltics,CEB,"Air transport, passengers carried",IS.AIR.PSGR,1971,3806500.0
Switzerland,CHE,"Air transport, passengers carried",IS.AIR.PSGR,1971,3926200.0
Chile,CHL,"Air transport, passengers carried",IS.AIR.PSGR,1971,690600.0
Cote d'Ivoire,CIV,"Air transport, passengers carried",IS.AIR.PSGR,1971,51000.0
Cameroon,CMR,"Air transport, passengers carried",IS.AIR.PSGR,1971,108500.0
"Congo, Dem. Rep.",COD,"Air transport, passengers carried",IS.AIR.PSGR,1971,325900.0
"Congo, Rep.",COG,"Air transport, passengers carried",IS.AIR.PSGR,1971,58600.0
Colombia,COL,"Air transport, passengers carried",IS.AIR.PSGR,1971,2959700.0
Costa Rica,CRI,"Air transport, passengers carried",IS.AIR.PSGR,1971,280400.0
Cuba,CUB,"Air transport, passengers carried",IS.AIR.PSGR,1971,979200.0
Cyprus,CYP,"Air transport, passengers carried",IS.AIR.PSGR,1971,150200.0
Czechia,CZE,"Air transport, passengers carried",IS.AIR.PSGR,1971,1092500.0
Germany,DEU,"Air transport, passengers carried",IS.AIR.PSGR,1971,7029200.0
Denmark,DNK,"Air transport, passengers carried",IS.AIR.PSGR,1971,2056800.0
Dominican Republic,DOM,"Air transport, passengers carried",IS.AIR.PSGR,1971,182700.0
Algeria,DZA,"Air transport, passengers carried",IS.AIR.PSGR,1971,714800.0
Early-demographic dividend,EAR,"Air transport, passengers carried",IS.AIR.PSGR,1971,24773900.0
Ecuador,ECU,"Air transport, passengers carried",IS.AIR.PSGR,1971,457500.0
"Egypt, Arab Rep.",EGY,"Air transport, passengers carried",IS.AIR.PSGR,1971,515400.0
Euro area,EMU,"Air transport, passengers carried",IS.AIR.PSGR,1971,43871800.0
Spain,ESP,"Air transport, passengers carried",IS.AIR.PSGR,1971,7505400.0
Ethiopia,ETH,"Air transport, passengers carried",IS.AIR.PSGR,1971,263100.0
European Union,EUU,"Air transport, passengers carried",IS.AIR.PSGR,1971,52648900.0
Fragile and conflict affected situations,FCS,"Air transport, passengers carried",IS.AIR.PSGR,1971,4830800.0
Finland,FIN,"Air transport, passengers carried",IS.AIR.PSGR,1971,1394800.0
France,FRA,"Air transport, passengers carried",IS.AIR.PSGR,1971,9569200.0
Gabon,GAB,"Air transport, passengers carried",IS.AIR.PSGR,1971,125500.0
United Kingdom,GBR,"Air transport, passengers carried",IS.AIR.PSGR,1971,15796000.0
Ghana,GHA,"Air transport, passengers carried",IS.AIR.PSGR,1971,135600.0
Guinea,GIN,"Air transport, passengers carried",IS.AIR.PSGR,1971,49000.0
Equatorial Guinea,GNQ,"Air transport, passengers carried",IS.AIR.PSGR,1971,8500.0
Greece,GRC,"Air transport, passengers carried",IS.AIR.PSGR,1971,2021400.0
Guatemala,GTM,"Air transport, passengers carried",IS.AIR.PSGR,1971,101100.0
Guyana,GUY,"Air transport, passengers carried",IS.AIR.PSGR,1971,18700.0
High income,HIC,"Air transport, passengers carried",IS.AIR.PSGR,1971,293351704.0
Honduras,HND,"Air transport, passengers carried",IS.AIR.PSGR,1971,269900.0
Heavily indebted poor countries (HIPC),HPC,"Air transport, passengers carried",IS.AIR.PSGR,1971,3354500.0
Haiti,HTI,"Air transport, passengers carried",IS.AIR.PSGR,1971,10600.0
Hungary,HUN,"Air transport, passengers carried",IS.AIR.PSGR,1971,268200.0
IDA total,IDA,"Air transport, passengers carried",IS.AIR.PSGR,1971,5878600.0
IDA blend,IDB,"Air transport, passengers carried",IS.AIR.PSGR,1971,1959100.0
Indonesia,IDN,"Air transport, passengers carried",IS.AIR.PSGR,1971,994500.0
IDA only,IDX,"Air transport, passengers carried",IS.AIR.PSGR,1971,3919500.0
India,IND,"Air transport, passengers carried",IS.AIR.PSGR,1971,2554000.0
Ireland,IRL,"Air transport, passengers carried",IS.AIR.PSGR,1971,1544200.0
"Iran, Islamic Rep.",IRN,"Air transport, passengers carried",IS.AIR.PSGR,1971,761400.0
Iraq,IRQ,"Air transport, passengers carried",IS.AIR.PSGR,1971,235600.0
Iceland,ISL,"Air transport, passengers carried",IS.AIR.PSGR,1971,494100.0
Israel,ISR,"Air transport, passengers carried",IS.AIR.PSGR,1971,1057400.0
Italy,ITA,"Air transport, passengers carried",IS.AIR.PSGR,1971,7644100.0
Jamaica,JAM,"Air transport, passengers carried",IS.AIR.PSGR,1971,425400.0
Jordan,JOR,"Air transport, passengers carried",IS.AIR.PSGR,1971,119600.0
Japan,JPN,"Air transport, passengers carried",IS.AIR.PSGR,1971,17880500.0
Kenya,KEN,"Air transport, passengers carried",IS.AIR.PSGR,1971,188000.0
Cambodia,KHM,"Air transport, passengers carried",IS.AIR.PSGR,1971,107000.0
"Korea, Rep.",KOR,"Air transport, passengers carried",IS.AIR.PSGR,1971,1463600.0
Kuwait,KWT,"Air transport, passengers carried",IS.AIR.PSGR,1971,342200.0
Latin America & Caribbean (excluding high income),LAC,"Air transport, passengers carried",IS.AIR.PSGR,1971,15866000.0
Lao PDR,LAO,"Air transport, passengers carried",IS.AIR.PSGR,1971,42000.0
Lebanon,LBN,"Air transport, passengers carried",IS.AIR.PSGR,1971,648000.0
Libya,LBY,"Air transport, passengers carried",IS.AIR.PSGR,1971,259400.0
Latin America & Caribbean,LCN,"Air transport, passengers carried",IS.AIR.PSGR,1971,18809300.0
Least developed countries: UN classification,LDC,"Air transport, passengers carried",IS.AIR.PSGR,1971,3045500.0
Low income,LIC,"Air transport, passengers carried",IS.AIR.PSGR,1971,1958800.0
Sri Lanka,LKA,"Air transport, passengers carried",IS.AIR.PSGR,1971,116000.0
Lower middle income,LMC,"Air transport, passengers carried",IS.AIR.PSGR,1971,12028300.0
Luxembourg,LUX,"Air transport, passengers carried",IS.AIR.PSGR,1971,250000.0
Morocco,MAR,"Air transport, passengers carried",IS.AIR.PSGR,1971,362000.0
Madagascar,MDG,"Air transport, passengers carried",IS.AIR.PSGR,1971,197700.0
Middle East & North Africa,MEA,"Air transport, passengers carried",IS.AIR.PSGR,1971,6428900.0
Mexico,MEX,"Air transport, passengers carried",IS.AIR.PSGR,1971,3107300.0
Mali,MLI,"Air transport, passengers carried",IS.AIR.PSGR,1971,39000.0
Malta,MLT,"Air transport, passengers carried",IS.AIR.PSGR,1971,110800.0
Myanmar,MMR,"Air transport, passengers carried",IS.AIR.PSGR,1971,380500.0
Middle East & North Africa (excluding high income),MNA,"Air transport, passengers carried",IS.AIR.PSGR,1971,4124900.0
Mauritania,MRT,"Air transport, passengers carried",IS.AIR.PSGR,1971,68400.0
Mauritius,MUS,"Air transport, passengers carried",IS.AIR.PSGR,1971,24200.0
Malawi,MWI,"Air transport, passengers carried",IS.AIR.PSGR,1971,66100.0
Malaysia,MYS,"Air transport, passengers carried",IS.AIR.PSGR,1971,875100.0
North America,NAC,"Air transport, passengers carried",IS.AIR.PSGR,1971,184390404.0
Niger,NER,"Air transport, passengers carried",IS.AIR.PSGR,1971,56700.0
Nigeria,NGA,"Air transport, passengers carried",IS.AIR.PSGR,1971,227100.0
Nicaragua,NIC,"Air transport, passengers carried",IS.AIR.PSGR,1971,137500.0
Netherlands,NLD,"Air transport, passengers carried",IS.AIR.PSGR,1971,3012300.0
Norway,NOR,"Air transport, passengers carried",IS.AIR.PSGR,1971,2791600.0
Nepal,NPL,"Air transport, passengers carried",IS.AIR.PSGR,1971,217900.0
New Zealand,NZL,"Air transport, passengers carried",IS.AIR.PSGR,1971,1923800.0
OECD members,OED,"Air transport, passengers carried",IS.AIR.PSGR,1971,296537504.0
Pakistan,PAK,"Air transport, passengers carried",IS.AIR.PSGR,1971,1085600.0
Panama,PAN,"Air transport, passengers carried",IS.AIR.PSGR,1971,337200.0
Peru,PER,"Air transport, passengers carried",IS.AIR.PSGR,1971,263700.0
Philippines,PHL,"Air transport, passengers carried",IS.AIR.PSGR,1971,2070900.0
Poland,POL,"Air transport, passengers carried",IS.AIR.PSGR,1971,1031200.0
Pre-demographic dividend,PRE,"Air transport, passengers carried",IS.AIR.PSGR,1971,2847200.0
"Korea, Dem. People's Rep.",PRK,"Air transport, passengers carried",IS.AIR.PSGR,1971,166000.0
Portugal,PRT,"Air transport, passengers carried",IS.AIR.PSGR,1971,1656100.0
Paraguay,PRY,"Air transport, passengers carried",IS.AIR.PSGR,1971,84300.0
Post-demographic dividend,PST,"Air transport, passengers carried",IS.AIR.PSGR,1971,286858404.0
Romania,ROU,"Air transport, passengers carried",IS.AIR.PSGR,1971,429400.0
South Asia,SAS,"Air transport, passengers carried",IS.AIR.PSGR,1971,4070900.0
Saudi Arabia,SAU,"Air transport, passengers carried",IS.AIR.PSGR,1971,513600.0
Sudan,SDN,"Air transport, passengers carried",IS.AIR.PSGR,1971,139500.0
Senegal,SEN,"Air transport, passengers carried",IS.AIR.PSGR,1971,89400.0
Singapore,SGP,"Air transport, passengers carried",IS.AIR.PSGR,1971,875100.0
El Salvador,SLV,"Air transport, passengers carried",IS.AIR.PSGR,1971,146000.0
Somalia,SOM,"Air transport, passengers carried",IS.AIR.PSGR,1971,29800.0
Sub-Saharan Africa (excluding high income),SSA,"Air transport, passengers carried",IS.AIR.PSGR,1971,5013400.0
Sub-Saharan Africa,SSF,"Air transport, passengers carried",IS.AIR.PSGR,1971,5013400.0
Sweden,SWE,"Air transport, passengers carried",IS.AIR.PSGR,1971,2913800.0
Syrian Arab Republic,SYR,"Air transport, passengers carried",IS.AIR.PSGR,1971,145300.0
Chad,TCD,"Air transport, passengers carried",IS.AIR.PSGR,1971,55000.0
Togo,TGO,"Air transport, passengers carried",IS.AIR.PSGR,1971,31400.0
Thailand,THA,"Air transport, passengers carried",IS.AIR.PSGR,1971,713100.0
Latin America & the Caribbean (IDA & IBRD countries),TLA,"Air transport, passengers carried",IS.AIR.PSGR,1971,17830100.0
Middle East & North Africa (IDA & IBRD countries),TMN,"Air transport, passengers carried",IS.AIR.PSGR,1971,4124900.0
South Asia (IDA & IBRD),TSA,"Air transport, passengers carried",IS.AIR.PSGR,1971,4070900.0
Sub-Saharan Africa (IDA & IBRD countries),TSS,"Air transport, passengers carried",IS.AIR.PSGR,1971,5013400.0
Trinidad and Tobago,TTO,"Air transport, passengers carried",IS.AIR.PSGR,1971,362400.0
Tunisia,TUN,"Air transport, passengers carried",IS.AIR.PSGR,1971,308900.0
Turkiye,TUR,"Air transport, passengers carried",IS.AIR.PSGR,1971,1476000.0
Tanzania,TZA,"Air transport, passengers carried",IS.AIR.PSGR,1971,188000.0
Uganda,UGA,"Air transport, passengers carried",IS.AIR.PSGR,1971,188000.0
Uruguay,URY,"Air transport, passengers carried",IS.AIR.PSGR,1971,221300.0
United States,USA,"Air transport, passengers carried",IS.AIR.PSGR,1971,174143104.0
"Venezuela, RB",VEN,"Air transport, passengers carried",IS.AIR.PSGR,1971,1301600.0
Viet Nam,VNM,"Air transport, passengers carried",IS.AIR.PSGR,1971,1051300.0
World,WLD,"Air transport, passengers carried",IS.AIR.PSGR,1971,331604904.0
"Yemen, Rep.",YEM,"Air transport, passengers carried",IS.AIR.PSGR,1971,54500.0
South Africa,ZAF,"Air transport, passengers carried",IS.AIR.PSGR,1971,1659500.0
Zambia,ZMB,"Air transport, passengers carried",IS.AIR.PSGR,1971,214200.0
Zimbabwe,ZWE,"Air transport, passengers carried",IS.AIR.PSGR,1971,291300.0
Africa Eastern and Southern,AFE,"Air transport, passengers carried",IS.AIR.PSGR,1970,3418300.0
Afghanistan,AFG,"Air transport, passengers carried",IS.AIR.PSGR,1970,84700.0
Africa Western and Central,AFW,"Air transport, passengers carried",IS.AIR.PSGR,1970,1167000.0
Arab World,ARB,"Air transport, passengers carried",IS.AIR.PSGR,1970,4209300.0
Argentina,ARG,"Air transport, passengers carried",IS.AIR.PSGR,1970,2332000.0
Australia,AUS,"Air transport, passengers carried",IS.AIR.PSGR,1970,7318700.0
Austria,AUT,"Air transport, passengers carried",IS.AIR.PSGR,1970,511400.0
Belgium,BEL,"Air transport, passengers carried",IS.AIR.PSGR,1970,1366200.0
Benin,BEN,"Air transport, passengers carried",IS.AIR.PSGR,1970,29500.0
Burkina Faso,BFA,"Air transport, passengers carried",IS.AIR.PSGR,1970,30100.0
Bulgaria,BGR,"Air transport, passengers carried",IS.AIR.PSGR,1970,988900.0
Bahrain,BHR,"Air transport, passengers carried",IS.AIR.PSGR,1970,241000.0
Bolivia,BOL,"Air transport, passengers carried",IS.AIR.PSGR,1970,244000.0
Brazil,BRA,"Air transport, passengers carried",IS.AIR.PSGR,1970,3339800.0
Central African Republic,CAF,"Air transport, passengers carried",IS.AIR.PSGR,1970,69500.0
Canada,CAN,"Air transport, passengers carried",IS.AIR.PSGR,1970,10180300.0
Central Europe and the Baltics,CEB,"Air transport, passengers carried",IS.AIR.PSGR,1970,3799600.0
Switzerland,CHE,"Air transport, passengers carried",IS.AIR.PSGR,1970,3397400.0
Chile,CHL,"Air transport, passengers carried",IS.AIR.PSGR,1970,574700.0
Cote d'Ivoire,CIV,"Air transport, passengers carried",IS.AIR.PSGR,1970,108700.0
Cameroon,CMR,"Air transport, passengers carried",IS.AIR.PSGR,1970,65800.0
"Congo, Dem. Rep.",COD,"Air transport, passengers carried",IS.AIR.PSGR,1970,305000.0
"Congo, Rep.",COG,"Air transport, passengers carried",IS.AIR.PSGR,1970,55800.0
Colombia,COL,"Air transport, passengers carried",IS.AIR.PSGR,1970,3010200.0
Costa Rica,CRI,"Air transport, passengers carried",IS.AIR.PSGR,1970,255900.0
Cuba,CUB,"Air transport, passengers carried",IS.AIR.PSGR,1970,873500.0
Cyprus,CYP,"Air transport, passengers carried",IS.AIR.PSGR,1970,106500.0
Czechia,CZE,"Air transport, passengers carried",IS.AIR.PSGR,1970,1171900.0
Germany,DEU,"Air transport, passengers carried",IS.AIR.PSGR,1970,6498000.0
Denmark,DNK,"Air transport, passengers carried",IS.AIR.PSGR,1970,1775300.0
Dominican Republic,DOM,"Air transport, passengers carried",IS.AIR.PSGR,1970,128800.0
Algeria,DZA,"Air transport, passengers carried",IS.AIR.PSGR,1970,563200.0
Early-demographic dividend,EAR,"Air transport, passengers carried",IS.AIR.PSGR,1970,23504800.0
Ecuador,ECU,"Air transport, passengers carried",IS.AIR.PSGR,1970,419500.0
"Egypt, Arab Rep.",EGY,"Air transport, passengers carried",IS.AIR.PSGR,1970,542500.0
Euro area,EMU,"Air transport, passengers carried",IS.AIR.PSGR,1970,39643000.0
Spain,ESP,"Air transport, passengers carried",IS.AIR.PSGR,1970,6347400.0
Ethiopia,ETH,"Air transport, passengers carried",IS.AIR.PSGR,1970,231600.0
European Union,EUU,"Air transport, passengers carried",IS.AIR.PSGR,1970,47767900.0
Fragile and conflict affected situations,FCS,"Air transport, passengers carried",IS.AIR.PSGR,1970,4293500.0
Finland,FIN,"Air transport, passengers carried",IS.AIR.PSGR,1970,1279500.0
France,FRA,"Air transport, passengers carried",IS.AIR.PSGR,1970,9108000.0
Gabon,GAB,"Air transport, passengers carried",IS.AIR.PSGR,1970,120200.0
United Kingdom,GBR,"Air transport, passengers carried",IS.AIR.PSGR,1970,15568800.0
Ghana,GHA,"Air transport, passengers carried",IS.AIR.PSGR,1970,116700.0
Guinea,GIN,"Air transport, passengers carried",IS.AIR.PSGR,1970,48900.0
Greece,GRC,"Air transport, passengers carried",IS.AIR.PSGR,1970,1614700.0
Guatemala,GTM,"Air transport, passengers carried",IS.AIR.PSGR,1970,112500.0
Guyana,GUY,"Air transport, passengers carried",IS.AIR.PSGR,1970,17800.0
High income,HIC,"Air transport, passengers carried",IS.AIR.PSGR,1970,273765892.0
Honduras,HND,"Air transport, passengers carried",IS.AIR.PSGR,1970,295600.0
Heavily indebted poor countries (HIPC),HPC,"Air transport, passengers carried",IS.AIR.PSGR,1970,3070800.0
Haiti,HTI,"Air transport, passengers carried",IS.AIR.PSGR,1970,10400.0
Hungary,HUN,"Air transport, passengers carried",IS.AIR.PSGR,1970,282300.0
IDA total,IDA,"Air transport, passengers carried",IS.AIR.PSGR,1970,5689700.0
IDA blend,IDB,"Air transport, passengers carried",IS.AIR.PSGR,1970,2069400.0
Indonesia,IDN,"Air transport, passengers carried",IS.AIR.PSGR,1970,826400.0
IDA only,IDX,"Air transport, passengers carried",IS.AIR.PSGR,1970,3620300.0
India,IND,"Air transport, passengers carried",IS.AIR.PSGR,1970,2671600.0
Ireland,IRL,"Air transport, passengers carried",IS.AIR.PSGR,1970,1476300.0
"Iran, Islamic Rep.",IRN,"Air transport, passengers carried",IS.AIR.PSGR,1970,715600.0
Iraq,IRQ,"Air transport, passengers carried",IS.AIR.PSGR,1970,197700.0
Iceland,ISL,"Air transport, passengers carried",IS.AIR.PSGR,1970,457900.0
Israel,ISR,"Air transport, passengers carried",IS.AIR.PSGR,1970,485000.0
Italy,ITA,"Air transport, passengers carried",IS.AIR.PSGR,1970,6743700.0
Jamaica,JAM,"Air transport, passengers carried",IS.AIR.PSGR,1970,278700.0
Jordan,JOR,"Air transport, passengers carried",IS.AIR.PSGR,1970,118800.0
Japan,JPN,"Air transport, passengers carried",IS.AIR.PSGR,1970,16315100.0
Kenya,KEN,"Air transport, passengers carried",IS.AIR.PSGR,1970,171500.0
Cambodia,KHM,"Air transport, passengers carried",IS.AIR.PSGR,1970,40500.0
"Korea, Rep.",KOR,"Air transport, passengers carried",IS.AIR.PSGR,1970,1208100.0
Kuwait,KWT,"Air transport, passengers carried",IS.AIR.PSGR,1970,315200.0
Latin America & Caribbean (excluding high income),LAC,"Air transport, passengers carried",IS.AIR.PSGR,1970,14983900.0
Lao PDR,LAO,"Air transport, passengers carried",IS.AIR.PSGR,1970,55900.0
Lebanon,LBN,"Air transport, passengers carried",IS.AIR.PSGR,1970,548600.0
Libya,LBY,"Air transport, passengers carried",IS.AIR.PSGR,1970,190200.0
Latin America & Caribbean,LCN,"Air transport, passengers carried",IS.AIR.PSGR,1970,17717500.0
Least developed countries: UN classification,LDC,"Air transport, passengers carried",IS.AIR.PSGR,1970,2730800.0
Low income,LIC,"Air transport, passengers carried",IS.AIR.PSGR,1970,1771600.0
Sri Lanka,LKA,"Air transport, passengers carried",IS.AIR.PSGR,1970,104600.0
Lower middle income,LMC,"Air transport, passengers carried",IS.AIR.PSGR,1970,12619700.0
Luxembourg,LUX,"Air transport, passengers carried",IS.AIR.PSGR,1970,167000.0
Morocco,MAR,"Air transport, passengers carried",IS.AIR.PSGR,1970,289500.0
Madagascar,MDG,"Air transport, passengers carried",IS.AIR.PSGR,1970,168000.0
Middle East & North Africa,MEA,"Air transport, passengers carried",IS.AIR.PSGR,1970,5302800.0
Mexico,MEX,"Air transport, passengers carried",IS.AIR.PSGR,1970,2966600.0
Mali,MLI,"Air transport, passengers carried",IS.AIR.PSGR,1970,39200.0
Malta,MLT,"Air transport, passengers carried",IS.AIR.PSGR,1970,127800.0
Myanmar,MMR,"Air transport, passengers carried",IS.AIR.PSGR,1970,345800.0
Middle East & North Africa (excluding high income),MNA,"Air transport, passengers carried",IS.AIR.PSGR,1970,3575800.0
Mauritania,MRT,"Air transport, passengers carried",IS.AIR.PSGR,1970,84500.0
Mauritius,MUS,"Air transport, passengers carried",IS.AIR.PSGR,1970,23000.0
Malawi,MWI,"Air transport, passengers carried",IS.AIR.PSGR,1970,51700.0
Malaysia,MYS,"Air transport, passengers carried",IS.AIR.PSGR,1970,748900.0
North America,NAC,"Air transport, passengers carried",IS.AIR.PSGR,1970,173629292.0
Niger,NER,"Air transport, passengers carried",IS.AIR.PSGR,1970,54700.0
Nigeria,NGA,"Air transport, passengers carried",IS.AIR.PSGR,1970,173000.0
Nicaragua,NIC,"Air transport, passengers carried",IS.AIR.PSGR,1970,107100.0
Netherlands,NLD,"Air transport, passengers carried",IS.AIR.PSGR,1970,2881100.0
Norway,NOR,"Air transport, passengers carried",IS.AIR.PSGR,1970,2412300.0
Nepal,NPL,"Air transport, passengers carried",IS.AIR.PSGR,1970,203400.0
New Zealand,NZL,"Air transport, passengers carried",IS.AIR.PSGR,1970,1862000.0
OECD members,OED,"Air transport, passengers carried",IS.AIR.PSGR,1970,276589892.0
Pakistan,PAK,"Air transport, passengers carried",IS.AIR.PSGR,1970,1335900.0
Panama,PAN,"Air transport, passengers carried",IS.AIR.PSGR,1970,307400.0
Peru,PER,"Air transport, passengers carried",IS.AIR.PSGR,1970,390500.0
Philippines,PHL,"Air transport, passengers carried",IS.AIR.PSGR,1970,2369000.0
Poland,POL,"Air transport, passengers carried",IS.AIR.PSGR,1970,904000.0
Pre-demographic dividend,PRE,"Air transport, passengers carried",IS.AIR.PSGR,1970,2589800.0
"Korea, Dem. People's Rep.",PRK,"Air transport, passengers carried",IS.AIR.PSGR,1970,165000.0
Portugal,PRT,"Air transport, passengers carried",IS.AIR.PSGR,1970,1415400.0
Paraguay,PRY,"Air transport, passengers carried",IS.AIR.PSGR,1970,80600.0
Post-demographic dividend,PST,"Air transport, passengers carried",IS.AIR.PSGR,1970,268162692.0
Romania,ROU,"Air transport, passengers carried",IS.AIR.PSGR,1970,452500.0
South Asia,SAS,"Air transport, passengers carried",IS.AIR.PSGR,1970,4400200.0
Saudi Arabia,SAU,"Air transport, passengers carried",IS.AIR.PSGR,1970,558000.0
Sudan,SDN,"Air transport, passengers carried",IS.AIR.PSGR,1970,124700.0
Senegal,SEN,"Air transport, passengers carried",IS.AIR.PSGR,1970,85100.0
Singapore,SGP,"Air transport, passengers carried",IS.AIR.PSGR,1970,748900.0
El Salvador,SLV,"Air transport, passengers carried",IS.AIR.PSGR,1970,138200.0
Somalia,SOM,"Air transport, passengers carried",IS.AIR.PSGR,1970,25700.0
Sub-Saharan Africa (excluding high income),SSA,"Air transport, passengers carried",IS.AIR.PSGR,1970,4585300.0
Sub-Saharan Africa,SSF,"Air transport, passengers carried",IS.AIR.PSGR,1970,4585300.0
Sweden,SWE,"Air transport, passengers carried",IS.AIR.PSGR,1970,2550000.0
Syrian Arab Republic,SYR,"Air transport, passengers carried",IS.AIR.PSGR,1970,139000.0
Chad,TCD,"Air transport, passengers carried",IS.AIR.PSGR,1970,55400.0
Togo,TGO,"Air transport, passengers carried",IS.AIR.PSGR,1970,29900.0
Thailand,THA,"Air transport, passengers carried",IS.AIR.PSGR,1970,764200.0
Latin America & the Caribbean (IDA & IBRD countries),TLA,"Air transport, passengers carried",IS.AIR.PSGR,1970,16844000.0
Middle East & North Africa (IDA & IBRD countries),TMN,"Air transport, passengers carried",IS.AIR.PSGR,1970,3575800.0
South Asia (IDA & IBRD),TSA,"Air transport, passengers carried",IS.AIR.PSGR,1970,4400200.0
Sub-Saharan Africa (IDA & IBRD countries),TSS,"Air transport, passengers carried",IS.AIR.PSGR,1970,4585300.0
Trinidad and Tobago,TTO,"Air transport, passengers carried",IS.AIR.PSGR,1970,361100.0
Tunisia,TUN,"Air transport, passengers carried",IS.AIR.PSGR,1970,244800.0
Turkiye,TUR,"Air transport, passengers carried",IS.AIR.PSGR,1970,1035700.0
Tanzania,TZA,"Air transport, passengers carried",IS.AIR.PSGR,1970,171400.0
Uganda,UGA,"Air transport, passengers carried",IS.AIR.PSGR,1970,171500.0
Uruguay,URY,"Air transport, passengers carried",IS.AIR.PSGR,1970,219300.0
United States,USA,"Air transport, passengers carried",IS.AIR.PSGR,1970,163448992.0
"Venezuela, RB",VEN,"Air transport, passengers carried",IS.AIR.PSGR,1970,1253300.0
Viet Nam,VNM,"Air transport, passengers carried",IS.AIR.PSGR,1970,1525600.0
World,WLD,"Air transport, passengers carried",IS.AIR.PSGR,1970,310441392.0
"Yemen, Rep.",YEM,"Air transport, passengers carried",IS.AIR.PSGR,1970,25900.0
South Africa,ZAF,"Air transport, passengers carried",IS.AIR.PSGR,1970,1519000.0
Zambia,ZMB,"Air transport, passengers carried",IS.AIR.PSGR,1970,187800.0
Zimbabwe,ZWE,"Air transport, passengers carried",IS.AIR.PSGR,1970,267400.0
Africa Eastern and Southern,AFE,"Air transport, passengers carried",IS.AIR.PSGR,1972,4074500.0
Afghanistan,AFG,"Air transport, passengers carried",IS.AIR.PSGR,1972,104900.0
Africa Western and Central,AFW,"Air transport, passengers carried",IS.AIR.PSGR,1972,1285700.0
Arab World,ARB,"Air transport, passengers carried",IS.AIR.PSGR,1972,5625600.0
Argentina,ARG,"Air transport, passengers carried",IS.AIR.PSGR,1972,2358500.0
Australia,AUS,"Air transport, passengers carried",IS.AIR.PSGR,1972,7795600.0
Austria,AUT,"Air transport, passengers carried",IS.AIR.PSGR,1972,706600.0
Belgium,BEL,"Air transport, passengers carried",IS.AIR.PSGR,1972,1457700.0
Benin,BEN,"Air transport, passengers carried",IS.AIR.PSGR,1972,25900.0
Burkina Faso,BFA,"Air transport, passengers carried",IS.AIR.PSGR,1972,26500.0
Bulgaria,BGR,"Air transport, passengers carried",IS.AIR.PSGR,1972,1025000.0
Bahrain,BHR,"Air transport, passengers carried",IS.AIR.PSGR,1972,320000.0
Bolivia,BOL,"Air transport, passengers carried",IS.AIR.PSGR,1972,379000.0
Brazil,BRA,"Air transport, passengers carried",IS.AIR.PSGR,1972,4671400.0
Barbados,BRB,"Air transport, passengers carried",IS.AIR.PSGR,1972,19700.0
Central African Republic,CAF,"Air transport, passengers carried",IS.AIR.PSGR,1972,68900.0
Canada,CAN,"Air transport, passengers carried",IS.AIR.PSGR,1972,11628500.0
Central Europe and the Baltics,CEB,"Air transport, passengers carried",IS.AIR.PSGR,1972,4411500.0
Switzerland,CHE,"Air transport, passengers carried",IS.AIR.PSGR,1972,4054100.0
Chile,CHL,"Air transport, passengers carried",IS.AIR.PSGR,1972,730000.0
Cote d'Ivoire,CIV,"Air transport, passengers carried",IS.AIR.PSGR,1972,47900.0
Cameroon,CMR,"Air transport, passengers carried",IS.AIR.PSGR,1972,130000.0
"Congo, Dem. Rep.",COD,"Air transport, passengers carried",IS.AIR.PSGR,1972,327800.0
"Congo, Rep.",COG,"Air transport, passengers carried",IS.AIR.PSGR,1972,54900.0
Colombia,COL,"Air transport, passengers carried",IS.AIR.PSGR,1972,2963600.0
Costa Rica,CRI,"Air transport, passengers carried",IS.AIR.PSGR,1972,307300.0
Cuba,CUB,"Air transport, passengers carried",IS.AIR.PSGR,1972,988300.0
Cyprus,CYP,"Air transport, passengers carried",IS.AIR.PSGR,1972,201000.0
Czechia,CZE,"Air transport, passengers carried",IS.AIR.PSGR,1972,1364400.0
Germany,DEU,"Air transport, passengers carried",IS.AIR.PSGR,1972,7919100.0
Denmark,DNK,"Air transport, passengers carried",IS.AIR.PSGR,1972,2284900.0
Dominican Republic,DOM,"Air transport, passengers carried",IS.AIR.PSGR,1972,191500.0
Algeria,DZA,"Air transport, passengers carried",IS.AIR.PSGR,1972,843900.0
Early-demographic dividend,EAR,"Air transport, passengers carried",IS.AIR.PSGR,1972,28315800.0
Ecuador,ECU,"Air transport, passengers carried",IS.AIR.PSGR,1972,437800.0
"Egypt, Arab Rep.",EGY,"Air transport, passengers carried",IS.AIR.PSGR,1972,623100.0
Euro area,EMU,"Air transport, passengers carried",IS.AIR.PSGR,1972,48582800.0
Spain,ESP,"Air transport, passengers carried",IS.AIR.PSGR,1972,8654900.0
Ethiopia,ETH,"Air transport, passengers carried",IS.AIR.PSGR,1972,288500.0
European Union,EUU,"Air transport, passengers carried",IS.AIR.PSGR,1972,58293200.0
Fragile and conflict affected situations,FCS,"Air transport, passengers carried",IS.AIR.PSGR,1972,5380800.0
Finland,FIN,"Air transport, passengers carried",IS.AIR.PSGR,1972,1535800.0
France,FRA,"Air transport, passengers carried",IS.AIR.PSGR,1972,11285100.0
Gabon,GAB,"Air transport, passengers carried",IS.AIR.PSGR,1972,122800.0
United Kingdom,GBR,"Air transport, passengers carried",IS.AIR.PSGR,1972,17308500.0
Ghana,GHA,"Air transport, passengers carried",IS.AIR.PSGR,1972,131700.0
Guinea,GIN,"Air transport, passengers carried",IS.AIR.PSGR,1972,51000.0
Equatorial Guinea,GNQ,"Air transport, passengers carried",IS.AIR.PSGR,1972,9000.0
Greece,GRC,"Air transport, passengers carried",IS.AIR.PSGR,1972,2412600.0
Guatemala,GTM,"Air transport, passengers carried",IS.AIR.PSGR,1972,98000.0
Guyana,GUY,"Air transport, passengers carried",IS.AIR.PSGR,1972,19000.0
High income,HIC,"Air transport, passengers carried",IS.AIR.PSGR,1972,323073208.0
Honduras,HND,"Air transport, passengers carried",IS.AIR.PSGR,1972,240600.0
Heavily indebted poor countries (HIPC),HPC,"Air transport, passengers carried",IS.AIR.PSGR,1972,3415000.0
Haiti,HTI,"Air transport, passengers carried",IS.AIR.PSGR,1972,11000.0
Hungary,HUN,"Air transport, passengers carried",IS.AIR.PSGR,1972,266300.0
IDA total,IDA,"Air transport, passengers carried",IS.AIR.PSGR,1972,5692700.0
IDA blend,IDB,"Air transport, passengers carried",IS.AIR.PSGR,1972,1628700.0
Indonesia,IDN,"Air transport, passengers carried",IS.AIR.PSGR,1972,1286800.0
IDA only,IDX,"Air transport, passengers carried",IS.AIR.PSGR,1972,4064000.0
India,IND,"Air transport, passengers carried",IS.AIR.PSGR,1972,3285800.0
Ireland,IRL,"Air transport, passengers carried",IS.AIR.PSGR,1972,1408800.0
"Iran, Islamic Rep.",IRN,"Air transport, passengers carried",IS.AIR.PSGR,1972,894800.0
Iraq,IRQ,"Air transport, passengers carried",IS.AIR.PSGR,1972,186200.0
Iceland,ISL,"Air transport, passengers carried",IS.AIR.PSGR,1972,545800.0
Israel,ISR,"Air transport, passengers carried",IS.AIR.PSGR,1972,1137100.0
Italy,ITA,"Air transport, passengers carried",IS.AIR.PSGR,1972,7462200.0
Jamaica,JAM,"Air transport, passengers carried",IS.AIR.PSGR,1972,554900.0
Jordan,JOR,"Air transport, passengers carried",IS.AIR.PSGR,1972,119900.0
Japan,JPN,"Air transport, passengers carried",IS.AIR.PSGR,1972,20169500.0
Kenya,KEN,"Air transport, passengers carried",IS.AIR.PSGR,1972,216800.0
Cambodia,KHM,"Air transport, passengers carried",IS.AIR.PSGR,1972,136200.0
"Korea, Rep.",KOR,"Air transport, passengers carried",IS.AIR.PSGR,1972,1640000.0
Kuwait,KWT,"Air transport, passengers carried",IS.AIR.PSGR,1972,390700.0
Latin America & Caribbean (excluding high income),LAC,"Air transport, passengers carried",IS.AIR.PSGR,1972,18026900.0
Lao PDR,LAO,"Air transport, passengers carried",IS.AIR.PSGR,1972,43000.0
Lebanon,LBN,"Air transport, passengers carried",IS.AIR.PSGR,1972,743800.0
Libya,LBY,"Air transport, passengers carried",IS.AIR.PSGR,1972,327200.0
Latin America & Caribbean,LCN,"Air transport, passengers carried",IS.AIR.PSGR,1972,21078700.0
Least developed countries: UN classification,LDC,"Air transport, passengers carried",IS.AIR.PSGR,1972,3129100.0
Low income,LIC,"Air transport, passengers carried",IS.AIR.PSGR,1972,1890900.0
Sri Lanka,LKA,"Air transport, passengers carried",IS.AIR.PSGR,1972,116000.0
Lower middle income,LMC,"Air transport, passengers carried",IS.AIR.PSGR,1972,12698100.0
Luxembourg,LUX,"Air transport, passengers carried",IS.AIR.PSGR,1972,211300.0
Morocco,MAR,"Air transport, passengers carried",IS.AIR.PSGR,1972,410300.0
Madagascar,MDG,"Air transport, passengers carried",IS.AIR.PSGR,1972,201100.0
Middle East & North Africa,MEA,"Air transport, passengers carried",IS.AIR.PSGR,1972,7528900.0
Mexico,MEX,"Air transport, passengers carried",IS.AIR.PSGR,1972,3962000.0
Mali,MLI,"Air transport, passengers carried",IS.AIR.PSGR,1972,44000.0
Malta,MLT,"Air transport, passengers carried",IS.AIR.PSGR,1972,102100.0
Myanmar,MMR,"Air transport, passengers carried",IS.AIR.PSGR,1972,393000.0
Middle East & North Africa (excluding high income),MNA,"Air transport, passengers carried",IS.AIR.PSGR,1972,4817000.0
Mauritania,MRT,"Air transport, passengers carried",IS.AIR.PSGR,1972,65900.0
Mauritius,MUS,"Air transport, passengers carried",IS.AIR.PSGR,1972,25200.0
Malawi,MWI,"Air transport, passengers carried",IS.AIR.PSGR,1972,74700.0
Malaysia,MYS,"Air transport, passengers carried",IS.AIR.PSGR,1972,1015600.0
North America,NAC,"Air transport, passengers carried",IS.AIR.PSGR,1972,202953908.0
Niger,NER,"Air transport, passengers carried",IS.AIR.PSGR,1972,52900.0
Nigeria,NGA,"Air transport, passengers carried",IS.AIR.PSGR,1972,286800.0
Nicaragua,NIC,"Air transport, passengers carried",IS.AIR.PSGR,1972,144000.0
Netherlands,NLD,"Air transport, passengers carried",IS.AIR.PSGR,1972,3275800.0
Norway,NOR,"Air transport, passengers carried",IS.AIR.PSGR,1972,3101600.0
Nepal,NPL,"Air transport, passengers carried",IS.AIR.PSGR,1972,232000.0
New Zealand,NZL,"Air transport, passengers carried",IS.AIR.PSGR,1972,2084300.0
OECD members,OED,"Air transport, passengers carried",IS.AIR.PSGR,1972,327004108.0
Pakistan,PAK,"Air transport, passengers carried",IS.AIR.PSGR,1972,625200.0
Panama,PAN,"Air transport, passengers carried",IS.AIR.PSGR,1972,316200.0
Peru,PER,"Air transport, passengers carried",IS.AIR.PSGR,1972,525300.0
Philippines,PHL,"Air transport, passengers carried",IS.AIR.PSGR,1972,2123900.0
Poland,POL,"Air transport, passengers carried",IS.AIR.PSGR,1972,1267000.0
Pre-demographic dividend,PRE,"Air transport, passengers carried",IS.AIR.PSGR,1972,2900000.0
Portugal,PRT,"Air transport, passengers carried",IS.AIR.PSGR,1972,1949800.0
Paraguay,PRY,"Air transport, passengers carried",IS.AIR.PSGR,1972,53700.0
Post-demographic dividend,PST,"Air transport, passengers carried",IS.AIR.PSGR,1972,316019208.0
Romania,ROU,"Air transport, passengers carried",IS.AIR.PSGR,1972,488800.0
South Asia,SAS,"Air transport, passengers carried",IS.AIR.PSGR,1972,4363900.0
Saudi Arabia,SAU,"Air transport, passengers carried",IS.AIR.PSGR,1972,762000.0
Sudan,SDN,"Air transport, passengers carried",IS.AIR.PSGR,1972,133400.0
Senegal,SEN,"Air transport, passengers carried",IS.AIR.PSGR,1972,88900.0
Singapore,SGP,"Air transport, passengers carried",IS.AIR.PSGR,1972,976100.0
El Salvador,SLV,"Air transport, passengers carried",IS.AIR.PSGR,1972,140000.0
Somalia,SOM,"Air transport, passengers carried",IS.AIR.PSGR,1972,31400.0
Sub-Saharan Africa (excluding high income),SSA,"Air transport, passengers carried",IS.AIR.PSGR,1972,5360200.0
Sub-Saharan Africa,SSF,"Air transport, passengers carried",IS.AIR.PSGR,1972,5360200.0
Sweden,SWE,"Air transport, passengers carried",IS.AIR.PSGR,1972,3014000.0
Syrian Arab Republic,SYR,"Air transport, passengers carried",IS.AIR.PSGR,1972,235700.0
Chad,TCD,"Air transport, passengers carried",IS.AIR.PSGR,1972,50900.0
Togo,TGO,"Air transport, passengers carried",IS.AIR.PSGR,1972,27700.0
Thailand,THA,"Air transport, passengers carried",IS.AIR.PSGR,1972,785600.0
Latin America & the Caribbean (IDA & IBRD countries),TLA,"Air transport, passengers carried",IS.AIR.PSGR,1972,20090400.0
Middle East & North Africa (IDA & IBRD countries),TMN,"Air transport, passengers carried",IS.AIR.PSGR,1972,4817000.0
South Asia (IDA & IBRD),TSA,"Air transport, passengers carried",IS.AIR.PSGR,1972,4363900.0
Sub-Saharan Africa (IDA & IBRD countries),TSS,"Air transport, passengers carried",IS.AIR.PSGR,1972,5360200.0
Trinidad and Tobago,TTO,"Air transport, passengers carried",IS.AIR.PSGR,1972,319900.0
Tunisia,TUN,"Air transport, passengers carried",IS.AIR.PSGR,1972,375100.0
Turkiye,TUR,"Air transport, passengers carried",IS.AIR.PSGR,1972,1774500.0
Tanzania,TZA,"Air transport, passengers carried",IS.AIR.PSGR,1972,196900.0
Uganda,UGA,"Air transport, passengers carried",IS.AIR.PSGR,1972,165500.0
Uruguay,URY,"Air transport, passengers carried",IS.AIR.PSGR,1972,136000.0
United States,USA,"Air transport, passengers carried",IS.AIR.PSGR,1972,191325408.0
"Venezuela, RB",VEN,"Air transport, passengers carried",IS.AIR.PSGR,1972,1511000.0
Viet Nam,VNM,"Air transport, passengers carried",IS.AIR.PSGR,1972,854400.0
"Yemen, Rep.",YEM,"Air transport, passengers carried",IS.AIR.PSGR,1972,57000.0
South Africa,ZAF,"Air transport, passengers carried",IS.AIR.PSGR,1972,1868100.0
Zambia,ZMB,"Air transport, passengers carried",IS.AIR.PSGR,1972,230100.0
Zimbabwe,ZWE,"Air transport, passengers carried",IS.AIR.PSGR,1972,315000.0
